name,condition,conf_clear,conf_adverse,conf_drop_pct,ent_clear,ent_adverse,ent_rise,kl,mean_iou_adv,iou_adv_c0,iou_adv_c1,iou_adv_c2,iou_adv_c3,iou_adv_c4,iou_adv_c5,iou_adv_c6,iou_adv_c7,iou_adv_c8,iou_adv_c9,iou_adv_c10,iou_adv_c11,iou_adv_c12,iou_adv_c13,iou_adv_c14,iou_adv_c15,iou_adv_c16,iou_adv_c17,iou_adv_c18
GP010476_frame_000181,fog,0.9865695238113403,0.9451272487640381,0.04200644113466732,0.034174103289842606,0.14214274287223816,0.10796863958239555,4.979565620422363,0.4916432499885559,0.9495800733566284,0.6613573431968689,0.0,0.8623393177986145,0.0,0.7889302372932434,0.8085529804229736,0.7828921675682068,0.9655101299285889,,0.9839308857917786,0.0,,0.5338530540466309,0.03770286962389946,0.0,0.0,,
GP010476_frame_000142,fog,0.9738076329231262,0.9591419100761414,0.015060184579124931,0.06756222993135452,0.10243621468544006,0.03487398475408554,5.064552307128906,0.734733521938324,0.9008638262748718,0.7190555334091187,0.6601390838623047,0.8561898469924927,,0.7243390679359436,0.0,0.8960018754005432,0.8020722270011902,0.8358361124992371,0.8769565224647522,,,0.8106139302253723,,,,,
GP010476_frame_000031,fog,0.9686475992202759,0.9641258716583252,0.004668083128384016,0.078025221824646,0.08939723670482635,0.011372014880180359,5.551966190338135,0.611193835735321,0.9865152835845947,0.7149205803871155,0.8585903644561768,0.0,,0.2235037386417389,0.7342488169670105,0.6346578598022461,0.9108350872993469,0.21611930429935455,0.9396413564682007,0.7997205257415771,,0.9267674088478088,0.0,,,,
GP010476_frame_000120,fog,0.9692689776420593,0.970943808555603,-0.0017279320136075562,0.07557468116283417,0.0713714063167572,-0.004203274846076965,5.647635459899902,0.5864447951316833,0.9751169681549072,0.6907538175582886,0.8661221861839294,0.0,0.3046306073665619,0.5880849361419678,,0.0,0.8587638139724731,0.8071203231811523,0.972309410572052,,,0.9744351506233215,0.0,,,,
GP010476_frame_000051,fog,0.9780750274658203,0.9743618369102478,0.0037964270769994682,0.05654841661453247,0.06638539582490921,0.00983697921037674,5.003317832946777,0.5226871967315674,0.980912446975708,0.7865592241287231,0.7466718554496765,0.0,0.0,0.6232149004936218,0.7658426761627197,0.7171119451522827,0.94340580701828,0.0,0.9820643663406372,0.0,,0.9436308741569519,0.8735813498497009,,0.0,,0.0
GP010476_frame_000063,fog,0.9760795831680298,0.9709218740463257,0.005284107113605246,0.06183205544948578,0.07668767869472504,0.014855623245239258,5.326876640319824,0.5183666348457336,0.946437656879425,0.8883287906646729,0.8790154457092285,0.673274576663971,0.0,0.3616136610507965,0.33290550112724304,0.8715299963951111,0.4167414605617523,0.0,0.9572744369506836,0.0,,0.7550554871559143,0.1749562919139862,,,,
GP010476_frame_000084,fog,0.9798786044120789,0.979306697845459,0.0005836504218055758,0.05052166432142258,0.05236751213669777,0.0018458478152751923,3.7876203060150146,0.6041936278343201,0.9847882986068726,0.8803764581680298,0.8107436299324036,0.0,,0.35262542963027954,0.5438066720962524,0.2306748479604721,0.9394663572311401,0.0,0.9867941737174988,,,0.9168545007705688,,,,,
GP010476_frame_000199,fog,0.9762350916862488,0.9643933176994324,0.01213004323073626,0.06191183626651764,0.09294676780700684,0.031034931540489197,3.798002004623413,0.414446085691452,0.9659779667854309,0.5904544591903687,0.07236861437559128,0.11896699666976929,0.0014376105973497033,0.22161345183849335,0.46236559748649597,0.6235973238945007,0.8500007390975952,0.8042904138565063,0.9750966429710388,,,0.11607549339532852,0.0,,,,0.0
GP010476_frame_000204,fog,0.9773217439651489,0.9778279066085815,-0.0005179078858922717,0.05826636403799057,0.05863727629184723,0.00037091225385665894,3.098471164703369,0.37009087204933167,0.9094800353050232,0.023187944665551186,0.8686003684997559,0.0,0.0,0.299032986164093,0.667203426361084,0.3802042305469513,0.9457184672355652,0.07102392613887787,0.9568191766738892,0.0,0.0,0.7492926120758057,0.4209820628166199,,0.0,,0.0
GP010476_frame_000026,fog,0.9792720675468445,0.978232204914093,0.0010618730550925179,0.05294617637991905,0.055434249341487885,0.0024880729615688324,3.8996293544769287,0.5429263710975647,0.9900848269462585,0.3390844464302063,0.6310443878173828,0.0,0.0,0.8206930160522461,0.5872340202331543,0.31111112236976624,0.9389816522598267,0.055204227566719055,0.9440854787826538,,,0.8975931406021118,,,,,
GP010476_frame_000114,fog,0.9736313223838806,0.9678769707679749,0.005910195599207516,0.06492957472801208,0.07860657572746277,0.013677000999450684,4.704119682312012,0.6771342754364014,0.9744678735733032,0.6107074618339539,0.9288520216941833,0.0,,0.5721349716186523,,0.7607449889183044,0.9132588505744934,0.7809324264526367,0.9606094360351562,0.0,,0.9467692375183105,,,,,
GP010476_frame_000242,fog,0.9597111940383911,0.9754382371902466,-0.016387266383550883,0.10819677263498306,0.06581661850214005,-0.04238015413284302,6.640077114105225,0.3553883731365204,0.9152171611785889,0.0,0.0,0.0,0.5764549374580383,0.05058365687727928,0.6607142686843872,0.5396959185600281,,0.0,0.9975267052650452,0.2897196114063263,,0.1086992546916008,0.4814377427101135,,,,
GP010476_frame_000073,fog,0.9698241353034973,0.9792217016220093,-0.009689969427984372,0.07414117455482483,0.05462528392672539,-0.01951589062809944,5.574427604675293,0.498710960149765,0.9870826005935669,0.9668337106704712,0.9082754254341125,0.0,0.0,0.5871779918670654,0.39564961194992065,0.8293626308441162,0.9118723273277283,0.0,0.9865862727165222,0.0,,0.9078243970870972,,,,0.0,0.0
GP010476_frame_000131,fog,0.9737300872802734,0.974079966545105,-0.00035931852759690916,0.06787538528442383,0.06563360244035721,-0.00224178284406662,5.629401683807373,0.619122326374054,0.9523355960845947,0.5771410465240479,0.8761408925056458,0.0,,0.5747993588447571,,0.20483461022377014,0.8560194969177246,0.8534485101699829,0.9852325320243835,,,0.9303938150405884,0.0,,,,
GP010476_frame_000018,fog,0.961588978767395,0.9736390113830566,-0.012531375417586527,0.09715089201927185,0.06413720548152924,-0.033013686537742615,6.375624656677246,0.7028168439865112,0.9878070950508118,0.8821715712547302,0.892949640750885,,0.0330636166036129,0.6278844475746155,,0.7559572458267212,0.9066717028617859,0.07471054047346115,0.9722568988800049,,,0.8946965932846069,,,,,
GP010476_frame_000078,fog,0.9685118198394775,0.9734134078025818,-0.005060947953435575,0.07851972430944443,0.06624358892440796,-0.012276135385036469,6.645789623260498,0.7043656706809998,0.9899545907974243,0.9411723613739014,0.894939124584198,0.0,0.7281593680381775,0.35036420822143555,,0.7219749093055725,0.8766087293624878,0.557235836982727,0.990170955657959,0.4654904007911682,,0.9363167881965637,,,,,
GP010476_frame_000095,fog,0.973201334476471,0.9696422815322876,0.0036570571592232284,0.06852126121520996,0.07622506469488144,0.007703803479671478,3.8882265090942383,0.762656569480896,0.9742690920829773,0.9742270112037659,0.7154124975204468,,,0.6521027684211731,0.7306371331214905,0.7537645697593689,0.9372403621673584,0.7320578098297119,0.9732562303543091,,,0.9462544918060303,,,,,0.0
GP010476_frame_000161,fog,0.9667555689811707,0.9542365074157715,0.012949562265358285,0.08487631380558014,0.11494139581918716,0.030065082013607025,4.037236213684082,0.7300791144371033,0.9271780848503113,0.7316702604293823,0.015656452625989914,0.9342306852340698,0.0,0.8075968623161316,0.9018210768699646,0.8275141716003418,0.9424210786819458,,0.9696399569511414,,,0.9731411933898926,,,,,
GP010476_frame_000125,fog,0.9662001132965088,0.9686293005943298,-0.0025141657915888843,0.08666244149208069,0.07964164018630981,-0.007020801305770874,5.803599834442139,0.4986388385295868,0.973775327205658,0.6563504934310913,0.9122719168663025,0.0,0.0,0.6440449953079224,,0.0,0.8372979760169983,0.8215665221214294,0.9820880889892578,0.330292671918869,,0.30629870295524597,0.018318068236112595,,,,
GP010476_frame_000137,fog,0.9691343307495117,0.9594375491142273,0.010005611428220674,0.07706540822982788,0.09669546782970428,0.019630059599876404,5.516863822937012,0.5820637345314026,0.9900735020637512,0.8313218951225281,0.6455532312393188,0.0,0.0,0.8271917104721069,0.0,0.275943398475647,0.8307782411575317,0.8216200470924377,0.8332210183143616,,,0.929061233997345,,,,,
GP010476_frame_000022,fog,0.9782896041870117,0.9763776659965515,0.001954368279836113,0.05625756084918976,0.05914532393217087,0.0028877630829811096,6.87075662612915,0.8007590174674988,0.9871211647987366,0.902557373046875,0.8601677417755127,,,0.28445276618003845,,,0.9082422852516174,0.5572946071624756,0.9726922512054443,,,0.9335437417030334,,,,,
GP010476_frame_000010,fog,0.9812036752700806,0.977443277835846,0.003832433052062532,0.04885285720229149,0.05609589442610741,0.007243037223815918,6.413501262664795,0.4876892864704132,0.9894635677337646,0.902960479259491,0.9234499931335449,0.0,0.0,0.2598249316215515,0.582245409488678,0.0,0.7821366786956787,0.0,0.9854082465171814,,,0.9144716858863831,,,,,0.0
GP010476_frame_000255,fog,0.9795789122581482,0.9786235690116882,0.0009752590881168424,0.051751695573329926,0.056748248636722565,0.004996553063392639,4.710350036621094,0.5039912462234497,0.9501059651374817,0.0,0.8867303729057312,0.1876239776611328,0.5901942849159241,0.7485776543617249,0.5770421028137207,0.27534329891204834,0.87383633852005,0.0,0.9931783080101013,0.0,,0.9485897421836853,0.0246551726013422,,,,
GP010476_frame_000006,fog,0.9808629751205444,0.9773637056350708,0.0035675415818077643,0.04849117994308472,0.0556466206908226,0.0071554407477378845,5.578136444091797,0.5633276104927063,0.9910052418708801,0.9213707447052002,0.9174188375473022,0.0,,0.5510271787643433,0.6511628031730652,,0.7647102475166321,0.0327884815633297,0.9874431490898132,0.0,,0.8964712023735046,0.6327803730964661,,,0.5404081344604492,0.0
GP010476_frame_000001,fog,0.9798904657363892,0.9755759239196777,0.004403085776978331,0.050734743475914,0.05844706669449806,0.007712323218584061,5.824249267578125,0.5616463422775269,0.9870622754096985,0.9179309010505676,0.8436437249183655,0.758118212223053,,0.5769996643066406,0.5107669234275818,0.0,0.7732791900634766,0.0,0.9836016297340393,,,0.949999988079071,,0.0,0.0,,
GP010476_frame_000108,fog,0.9795979261398315,0.9757101535797119,0.003968743110504751,0.051681287586688995,0.06124259531497955,0.009561307728290558,5.231470584869385,0.6960901021957397,0.9846937656402588,0.9723055958747864,0.8205858469009399,0.0,0.0,0.6930637359619141,,0.7008601427078247,0.8028749227523804,0.7329317927360535,0.9882136583328247,,,0.9614618420600891,,,,,
GP010476_frame_000194,fog,0.9544421434402466,0.9317886233329773,0.023734827747931737,0.12057862430810928,0.1449650526046753,0.02438642829656601,3.2518630027770996,0.42573338747024536,0.9982686042785645,0.0,0.0,0.49742650985717773,0.02754112333059311,0.4249221980571747,,0.6165048480033875,0.9577829241752625,0.17099538445472717,0.9896256327629089,,,0.0,,,,,
GP010476_frame_000014,fog,0.9725464582443237,0.9676820635795593,0.005001709248449369,0.07046589255332947,0.08027517050504684,0.009809277951717377,7.105502128601074,0.5998638868331909,0.9827150106430054,0.6785684823989868,0.915971577167511,0.0,0.0,0.4546089470386505,0.8271418809890747,0.6414904594421387,0.7978107929229736,0.5620465874671936,0.9475092887878418,0.0,,0.9903675317764282,,,,,
GP010476_frame_000068,fog,0.9845443964004517,0.9801955223083496,0.00441714366952911,0.039844810962677,0.050465479493141174,0.010620668530464172,4.395206451416016,0.754206657409668,0.9886819124221802,0.8558564186096191,0.9547044038772583,0.4403460919857025,0.6307898759841919,0.5093111395835876,0.7405405640602112,0.6689700484275818,0.9068571925163269,0.35831448435783386,0.9882371425628662,0.8885697722434998,,0.873508095741272,,,,,
GP010476_frame_000147,fog,0.9778850674629211,0.9796160459518433,-0.0017701246586286652,0.05662992224097252,0.05085747689008713,-0.005772445350885391,3.06973934173584,0.46665239334106445,0.9666617512702942,0.003654915140941739,0.0,0.8034591674804688,,0.6489176750183105,,0.0,0.8513689041137695,0.015865027904510498,0.9652000069618225,0.0,,0.8780487775802612,,,,,
GP010476_frame_000102,fog,0.9638357162475586,0.969559907913208,-0.0059389702101363805,0.09139476716518402,0.07597844302654266,-0.015416324138641357,5.61810302734375,0.611394464969635,0.9726406335830688,0.8131985068321228,0.8278131484985352,,0.004345726687461138,0.6399101614952087,0.0,0.36699777841567993,0.8423711061477661,0.6192230582237244,0.9126614928245544,0.291150838136673,,0.7151675224304199,0.9426478147506714,,,,
GP010476_frame_000058,fog,0.9608460068702698,0.9788177609443665,-0.018704093849122097,0.09906154870986938,0.05456257611513138,-0.04449897259473801,7.798097133636475,0.6338242292404175,0.9815182089805603,0.07952941209077835,0.867419421672821,0.0,,0.47986769676208496,0.6829268336296082,0.7610888481140137,0.917985200881958,0.0,0.9708486795425415,,,0.881138026714325,0.9835684895515442,,,,
GOPR0476_frame_000761,fog,0.9727610349655151,0.9810313582420349,-0.008501906320491033,0.07018640637397766,0.047211453318595886,-0.022974953055381775,4.600247383117676,0.475284606218338,0.9670841693878174,0.38879141211509705,0.8469568490982056,0.0,0.14721880853176117,0.4516766369342804,0.7338970303535461,0.2608252763748169,0.0,0.0,0.9926995038986206,,,0.9142658114433289,,,,,
GOPR0476_frame_000962,fog,0.9761835336685181,0.9795483350753784,-0.0034468942123479745,0.062410689890384674,0.053246401250362396,-0.009164288640022278,4.614639759063721,0.6350512504577637,0.9923225045204163,0.9029983282089233,0.8159945011138916,0.01329856552183628,,0.5491136312484741,0.6663236618041992,0.5392283201217651,0.9420837163925171,0.0,0.984090268611908,0.6403394341468811,,0.9540020227432251,0.5048149824142456,,,,0.3861072063446045
GOPR0476_frame_000879,fog,0.9772069454193115,0.9639471769332886,0.013569048411381077,0.05775339901447296,0.09144257754087448,0.03368917852640152,5.289752006530762,0.5459411144256592,0.991145133972168,0.8223885893821716,0.9083723425865173,0.6178701519966125,0.0,0.5937675833702087,,0.8653061389923096,0.8497583270072937,0.7697433233261108,0.9694611430168152,0.0,,0.6524131298065186,0.14888985455036163,0.0,,,0.0
GOPR0476_frame_000916,fog,0.9603449106216431,0.9673417806625366,-0.007285788564763163,0.10212405771017075,0.08372385799884796,-0.018400199711322784,5.73628044128418,0.7058128714561462,0.9282991290092468,0.6530483961105347,0.8513821959495544,0.5683629512786865,0.11691638082265854,0.7845463156700134,0.8510291576385498,0.3952333629131317,0.8943828344345093,0.574606716632843,0.9048880338668823,0.7173599004745483,,0.9355124831199646,,,,,
GOPR0476_frame_001039,fog,0.9796568751335144,0.9811006188392639,-0.0014737238390895894,0.05220871418714523,0.047809094190597534,-0.004399619996547699,5.447249412536621,0.5944347381591797,0.9867691397666931,0.9300423860549927,0.9443432092666626,,0.016273299232125282,0.5175582766532898,0.8351910710334778,0.16025137901306152,0.8376942873001099,,0.9946597218513489,0.6813464760780334,0.0,0.8235222697257996,0.0,,,,
GOPR0476_frame_000952,fog,0.9821803569793701,0.9804512858390808,0.0017604415628943478,0.04588218033313751,0.04834131896495819,0.0024591386318206787,3.8948917388916016,0.6266208291053772,0.9887559413909912,0.8105089664459229,0.2937205731868744,,0.9010290503501892,0.4217256009578705,0.017341040074825287,0.6104041934013367,0.9565377235412598,0.6238020658493042,0.9707092642784119,,,0.924915611743927,,,,0.0,
GOPR0476_frame_001029,fog,0.9726864099502563,0.963835597038269,0.009099348701136323,0.06784285604953766,0.0903143510222435,0.02247149497270584,6.490527629852295,0.6021021604537964,0.9929500222206116,0.9096074104309082,0.8322445750236511,0.22028496861457825,0.2017892599105835,0.32604148983955383,0.890625,0.0,0.899954080581665,0.765476405620575,0.9883778691291809,,,0.7999765276908875,,,,,0.0
GOPR0476_frame_000775,fog,0.9699850678443909,0.9798974394798279,-0.010219097037518752,0.07495933771133423,0.052040763199329376,-0.022918574512004852,4.405141830444336,0.7951391339302063,0.980349600315094,0.8819763660430908,0.8461703658103943,,0.925618052482605,0.8491268754005432,0.3650793731212616,0.5318860411643982,0.9440785050392151,,0.9920694828033447,0.5904669165611267,,0.8397083282470703,,,,,
GOPR0476_frame_000899,fog,0.9691903591156006,0.9702833890914917,-0.0011277763489215417,0.07721889019012451,0.07419592887163162,-0.0030229613184928894,4.288097381591797,0.715999186038971,0.9918384552001953,0.8974546790122986,0.9305256009101868,0.7143852710723877,,0.2876712381839752,,0.0,0.9403743743896484,0.5603926181793213,0.9346038699150085,,,0.9027456045150757,,,,,
GOPR0476_frame_001033,fog,0.978132963180542,0.9752324819564819,0.0029653240444688423,0.05556673929095268,0.06297511607408524,0.007408376783132553,5.408709526062012,0.5853505730628967,0.850584089756012,0.23482614755630493,0.9055114388465881,,0.0,0.552723228931427,0.42977526783943176,0.0,0.8703267574310303,0.6403906941413879,0.9933405518531799,,,0.9613788723945618,,,,,
GOPR0476_frame_000957,fog,0.974115252494812,0.967501163482666,0.00678984229772421,0.06660546362400055,0.08281876146793365,0.016213297843933105,4.389326572418213,0.5343363285064697,0.9890771508216858,0.6685728430747986,0.7798183560371399,0.002986761275678873,0.0,0.5249760746955872,0.6785714030265808,0.0,0.9101101756095886,0.7189058065414429,0.9775055646896362,0.37995675206184387,,0.8502274751663208,0.0,,,,
GOPR0476_frame_000935,fog,0.9811422824859619,0.96844881772995,0.012937435123553782,0.04800255596637726,0.07955071330070496,0.0315481573343277,4.928980827331543,0.7423424124717712,0.9935699701309204,0.8808853030204773,0.929959774017334,0.4844205975532532,0.0,0.6902345418930054,0.5584872364997864,0.7856388688087463,0.8380728363990784,0.9355183243751526,0.979271411895752,,,0.8320502042770386,,,,,
GOPR0476_frame_000834,fog,0.9703346490859985,0.9650018811225891,0.005495802827895064,0.0772974044084549,0.08951446413993835,0.01221705973148346,5.365800857543945,0.5762215852737427,0.9654356837272644,0.9351125359535217,0.9319685697555542,0.23254473507404327,0.091839998960495,0.838577151298523,0.8313267230987549,0.8203972578048706,0.9240257143974304,0.1727554202079773,0.9858052730560303,,0.0,0.9135351181030273,,0.0,0.0,,
GOPR0476_frame_000889,fog,0.9701948761940002,0.9509252309799194,0.01986162315251335,0.07514230906963348,0.12072614580392838,0.04558383673429489,4.568875312805176,0.5508482456207275,0.9703624844551086,0.6728326678276062,0.8374702334403992,0.7384192943572998,0.720844566822052,0.09666505455970764,,0.37366002798080444,0.7398576736450195,0.07318688929080963,0.9538338780403137,,,0.41939297318458557,0.5645018815994263,,,,0.0
GOPR0476_frame_001024,fog,0.9751210808753967,0.960753321647644,0.014734333368642757,0.06319797039031982,0.09716232866048813,0.033964358270168304,4.528255462646484,0.6310913562774658,0.9807168841362,0.883376955986023,0.8425906300544739,,,0.5235804915428162,0.7633318901062012,0.39352351427078247,0.8754197359085083,0.0,0.9678241610527039,0.0,,0.7116407155990601,,,,,
GOPR0476_frame_000910,fog,0.9758875370025635,0.9681956171989441,0.007881973519638713,0.06017649546265602,0.07995651662349701,0.019780021160840988,5.037450790405273,0.608018159866333,0.9349004626274109,0.7531793117523193,0.9320980906486511,0.36904454231262207,0.0,0.3443068563938141,0.6544342637062073,0.7184542417526245,0.9221246838569641,0.840603768825531,0.9678412675857544,0.5409836173057556,0.0,0.8229858875274658,0.9273337721824646,,,0.0,
GOPR0476_frame_000894,fog,0.9768946766853333,0.971953272819519,0.005058276939329777,0.05938558652997017,0.07029123604297638,0.01090564951300621,5.5254364013671875,0.7319809794425964,0.9928947687149048,0.9225869178771973,0.9376434683799744,0.6736854314804077,0.8480135798454285,0.5919527411460876,0.0,0.6873356103897095,0.9420119524002075,0.6130163669586182,0.9544379711151123,,,0.620192289352417,,,,,
GOPR0476_frame_001055,fog,0.9809439182281494,0.9705085754394531,0.010638062470650434,0.04939504712820053,0.07407494634389877,0.024679899215698242,5.100410461425781,0.6183976531028748,0.9857211709022522,0.9057949781417847,0.7148253321647644,,0.0,0.634506106376648,0.8811880946159363,0.5421686768531799,0.890322208404541,0.0,0.9811820983886719,,0.7202168703079224,0.6817798614501953,0.0,,,,0.7198615074157715
GOPR0476_frame_001002,fog,0.9734818339347839,0.9648405313491821,0.00887669620079808,0.06692476570606232,0.08712273836135864,0.020197972655296326,5.27907657623291,0.5523474812507629,0.974392294883728,0.9278423190116882,0.4491385817527771,0.011286252178251743,0.0,0.7319822311401367,0.8517453074455261,0.6602620482444763,0.8461647629737854,0.8988460898399353,0.9736061692237854,0.0,,0.8662207722663879,0.6460729837417603,0.0,0.0,,
GOPR0476_frame_000940,fog,0.9773634672164917,0.9758625030517578,0.0015357276997996665,0.056572768837213516,0.06130286678671837,0.004730097949504852,5.295322418212891,0.5186792612075806,0.9800313115119934,0.7915734648704529,0.8765098452568054,0.0,0.0,0.42762893438339233,0.7285798192024231,0.3181818127632141,0.8941694498062134,0.4432823657989502,0.9828148484230042,0.10000000149011612,,0.41511112451553345,0.8223057389259338,0.0,,,
GOPR0476_frame_000798,fog,0.9776564836502075,0.976533055305481,0.001149103342557565,0.05458477512001991,0.06077403202652931,0.006189256906509399,5.203773498535156,0.5815700888633728,0.9821084141731262,0.9684180021286011,0.8628435730934143,0.544910728931427,0.34460675716400146,0.28869324922561646,0.0,0.5863152146339417,0.7006962299346924,,0.997332751750946,,,0.8960816860198975,0.0,0.9699740409851074,0.0,,
GOPR0476_frame_000854,fog,0.9682046175003052,0.9525697231292725,0.016148336753356186,0.08283153921365738,0.11805073916912079,0.03521919995546341,4.856897354125977,0.6299105286598206,0.9872277975082397,0.5606982707977295,0.8032635450363159,0.7856123447418213,,0.4814627766609192,0.0,0.8028059005737305,0.8064993619918823,0.7296943068504333,0.838125467300415,0.0,,0.7635366916656494,,,,,
GOPR0476_frame_000921,fog,0.9781020879745483,0.9753479957580566,0.0028157512617495322,0.05641655623912811,0.06166382133960724,0.005247265100479126,6.021190643310547,0.594816267490387,0.9822556376457214,0.9660632610321045,0.9008261561393738,0.0,0.0,0.7062822580337524,0.8120285868644714,0.5163407325744629,0.8548730611801147,0.05857740715146065,0.9852632284164429,,,0.950101912021637,0.0,,,,
GOPR0476_frame_000884,fog,0.9793069362640381,0.960785984992981,0.018912304606551376,0.05229465290904045,0.09393000602722168,0.04163535311818123,5.284338474273682,0.6215419173240662,0.9781497716903687,0.6463258266448975,0.9192140102386475,0.8456833362579346,0.4301047921180725,0.30058982968330383,,0.5031028389930725,0.719407856464386,0.0,0.9659867286682129,0.8240722417831421,,0.9474079012870789,0.0,,,,
GOPR0476_frame_000840,fog,0.9712722301483154,0.9606467485427856,0.01093975629727382,0.07560461759567261,0.10529312491416931,0.029688507318496704,4.7167887687683105,0.5264557600021362,0.9269116520881653,0.8025267720222473,0.8931876420974731,0.42444851994514465,0.7064225077629089,0.10875284671783447,,0.11927181482315063,0.8885848522186279,0.32675328850746155,0.9897765517234802,0.7987167239189148,0.0,0.8681455254554749,0.04333821311593056,,,,0.0
GOPR0476_frame_000982,fog,0.9726555347442627,0.9738194942474365,-0.001196682123968012,0.07069811224937439,0.06613166630268097,-0.00456644594669342,6.178654670715332,0.6838669776916504,0.966871440410614,0.4570164680480957,0.7953487038612366,,0.0,0.7534899115562439,0.9073014259338379,0.645336389541626,0.8728880882263184,0.0,0.9866604804992676,0.8734177350997925,,0.9480730295181274,,,,,
GOPR0476_frame_000864,fog,0.9773722887039185,0.9715419411659241,0.005965329225849697,0.05891747027635574,0.0744411051273346,0.015523634850978851,3.672971487045288,0.6585348844528198,0.9876958131790161,0.9523302316665649,0.6670837998390198,0.8368804454803467,0.0,0.34797990322113037,0.0,0.6233851313591003,0.9658365249633789,0.8295061588287354,0.9665154218673706,,,0.7252048850059509,,,,,
GOPR0476_frame_000826,fog,0.972604513168335,0.9761156439781189,-0.0036100292833783597,0.07030956447124481,0.06142299622297287,-0.008886568248271942,5.6925272941589355,0.6074514985084534,0.9773818254470825,0.965234100818634,0.9684751033782959,0.4582701027393341,,0.4714764356613159,0.6012205481529236,0.67490154504776,0.8681749701499939,0.0,0.9878658652305603,0.0,,0.9238693118095398,0.0,,,,
GOPR0476_frame_001019,fog,0.9825842380523682,0.9773343801498413,0.005342908674684002,0.04475674778223038,0.05806951969861984,0.013312771916389465,4.571861267089844,0.5710198283195496,0.9930176138877869,0.9213861227035522,0.854744553565979,,0.0,0.03937947377562523,0.738095223903656,0.0,0.9313624501228333,0.5950248837471008,0.9871120452880859,,,0.9082558155059814,0.0,,,0.4548795521259308,
GOPR0476_frame_000850,fog,0.9778773784637451,0.9659166932106018,0.012231272953282683,0.055794231593608856,0.08556392043828964,0.029769688844680786,4.824851036071777,0.6639146208763123,0.9827013611793518,0.9322274923324585,0.807922899723053,0.09823207557201385,0.3251037299633026,0.28374603390693665,,0.7209234237670898,0.8653250932693481,0.8420102000236511,0.9564506411552429,0.0,0.7845627665519714,0.9326074123382568,,,,,0.7629915475845337
GOPR0476_frame_001015,fog,0.9812495708465576,0.97511887550354,0.006247845056635251,0.04856343939900398,0.06256487965583801,0.01400144025683403,4.782675743103027,0.7117883563041687,0.9948855042457581,0.8673645257949829,0.9302566051483154,,,0.42704105377197266,0.2368421107530594,0.9032775163650513,0.8771944046020508,0.6841228008270264,0.9783732295036316,,,0.8404104113578796,,,,0.8016922473907471,0.0
GOPR0476_frame_000926,fog,0.9785898923873901,0.9760679006576538,0.0025771691733009095,0.05557024106383324,0.06164959818124771,0.0060793571174144745,4.7484941482543945,0.5634726285934448,0.9918806552886963,0.8879449367523193,0.857430100440979,0.8587967753410339,0.0,0.08997483551502228,0.09345794469118118,0.3746397793292999,0.9144914746284485,0.07867731153964996,0.9909663200378418,0.8247098922729492,,0.9256464838981628,,,,,0.0
GOPR0476_frame_000948,fog,0.975005030632019,0.9773380756378174,-0.002392854301846491,0.06360415369272232,0.05741801857948303,-0.006186135113239288,5.712432861328125,0.6871016025543213,0.9917889833450317,0.8718490600585938,0.8954731822013855,0.0,0.8488383293151855,0.3372932970523834,,0.735508382320404,0.8621695041656494,0.04210382699966431,0.976584255695343,,0.7122953534126282,0.9469870924949646,,,,,0.711430013179779
GOPR0476_frame_001060,fog,0.9658361673355103,0.9773105382919312,-0.011880245558905952,0.08461567014455795,0.05651845782995224,-0.028097212314605713,6.550528049468994,0.6219784021377563,0.9890766143798828,0.9438984394073486,0.9032645225524902,0.5127937197685242,0.0,0.6977037191390991,0.6662216186523438,,0.8094146847724915,,0.991408109664917,0.0,,0.949959933757782,,0.0,,,
GOPR0476_frame_000788,fog,0.9725391864776611,0.96407550573349,0.008702662859065085,0.07004411518573761,0.08468985557556152,0.014645740389823914,4.6596174240112305,0.7170355916023254,0.7347673177719116,0.23460645973682404,0.8710461258888245,0.7187299728393555,0.8740174174308777,0.8652266263961792,0.0,0.5786418914794922,0.9528310298919678,0.6191815137863159,0.9865763187408447,0.9564924240112305,,0.9293453097343445,,,,,
GOPR0476_frame_000874,fog,0.9815326929092407,0.9670776724815369,0.014726988092051852,0.046119339764118195,0.08051535487174988,0.03439601510763168,4.588830471038818,0.598950207233429,0.987200915813446,0.8652414679527283,0.8774652481079102,0.8400914072990417,0.0,0.7236165404319763,0.0,0.0,0.7796179056167603,0.5283703207969666,0.9744321703910828,,,0.611366331577301,,,,,
GOPR0476_frame_000859,fog,0.9742168188095093,0.9665564298629761,0.007863125250971265,0.06579478085041046,0.08509538322687149,0.01930060237646103,5.123915672302246,0.604873538017273,0.9927017092704773,0.9053773283958435,0.8238328695297241,0.8311241269111633,0.2963813245296478,0.6309006810188293,0.0,0.0,0.8582741618156433,0.8118208050727844,0.9625976085662842,,,0.7503452301025391,,,,,0.0
GOPR0476_frame_000904,fog,0.9698960781097412,0.9675958156585693,0.0023716586543357687,0.07707060873508453,0.08007736504077911,0.00300675630569458,5.555115222930908,0.5965932011604309,0.9895750880241394,0.8551102876663208,0.8781638741493225,0.8866124749183655,0.0,0.389466255903244,0.0,0.8868613243103027,0.9446632862091064,0.6664887070655823,0.9637869000434875,0.0,,0.8915761113166809,0.0,,,,
GOPR0476_frame_000869,fog,0.9762033224105835,0.9773160219192505,-0.0011398235098412873,0.060274697840213776,0.05707220733165741,-0.003202490508556366,5.651843070983887,0.7401800155639648,0.9913113117218018,0.861786425113678,0.8125155568122864,0.8510836362838745,0.05496428534388542,0.6195300221443176,,0.8289464712142944,0.8533135652542114,0.7621429562568665,0.9795181155204773,0.37126463651657104,,0.8957837820053101,,,,,
GOPR0476_frame_000781,fog,0.9770470857620239,0.9777363538742065,-0.0007054604790007992,0.05772040784358978,0.05751684308052063,-0.00020356476306915283,4.770280838012695,0.657661497592926,0.9730808138847351,0.8989240527153015,0.9020998477935791,,0.9263789057731628,0.1073831245303154,0.7563930153846741,0.7703742384910583,0.6885427236557007,,0.9515253305435181,,0.0,0.9172365069389343,,,,,0.0
GOPR0476_frame_000931,fog,0.9807116985321045,0.9822903871536255,-0.0016097377116909542,0.05083528161048889,0.04528912156820297,-0.005546160042285919,4.704728603363037,0.4923447072505951,0.9941796660423279,0.8090096116065979,0.9335048794746399,0.0,0.0,0.707996666431427,0.5817307829856873,0.0,0.5100691318511963,,0.9802910685539246,0.0,0.0385185182094574,0.8451805114746094,,,,,
GOPR0476_frame_000845,fog,0.9753588438034058,0.967043399810791,0.008525522642449724,0.061700187623500824,0.08352048695087433,0.021820299327373505,5.214238166809082,0.6216973066329956,0.9882831573486328,0.8020994663238525,0.9144092798233032,0.8465859293937683,0.0,0.4633033573627472,,0.36554622650146484,0.8794403076171875,0.7355719804763794,0.9666213393211365,0.8348329067230225,0.0,0.9070683717727661,,,,,0.0
GOPR0476_frame_000944,fog,0.9684494733810425,0.9726806879043579,-0.004369060643765795,0.07928584516048431,0.06842496246099472,-0.010860882699489594,7.600186347961426,0.49684950709342957,0.9758347272872925,0.9049100279808044,0.8502573370933533,0.0,0.18722401559352875,0.09658230096101761,0.0,0.8216715455055237,0.8236407041549683,0.0904567614197731,0.9591928720474243,0.0,0.0,0.8089395761489868,,0.9340325593948364,,,
GOPR0476_frame_000769,fog,0.9744648933410645,0.956629753112793,0.018302496238829808,0.06501394510269165,0.10776351392269135,0.042749568819999695,5.29924201965332,0.6998128890991211,0.8212559819221497,0.6555211544036865,0.6754269599914551,0.5999307036399841,0.9270565509796143,0.34927427768707275,,0.9114425778388977,0.947767972946167,0.0,0.8973702788352966,0.7262787818908691,,0.886428952217102,,,,,
GOPR0476_frame_001011,fog,0.979416012763977,0.9772647619247437,0.0021964627790777057,0.05216912180185318,0.05690763145685196,0.004738509654998779,3.992997407913208,0.7041186690330505,0.9886960387229919,0.853774905204773,0.7266687154769897,,0.9189383387565613,0.7095419764518738,,0.7149253487586975,0.9064051508903503,0.02851560339331627,0.9584731459617615,0.7549999952316284,,0.7014205455780029,0.18706415593624115,,,,
GOPR0476_frame_001007,fog,0.9770060777664185,0.9719781875610352,0.005146221981971276,0.05816555395722389,0.0689876601099968,0.010822106152772903,6.812592506408691,0.6832686066627502,0.9774081110954285,0.7319241166114807,0.652256965637207,,,0.8024428486824036,,0.0,0.9360170960426331,0.6350458264350891,0.9821438193321228,0.0,,0.841435968875885,0.9572803378105164,,,,
GP020475_frame_000100,fog,0.9781033396720886,0.9768654108047485,0.0012656421918553968,0.05467040464282036,0.05728231370449066,0.0026119090616703033,4.3882575035095215,0.5907689332962036,0.9866786003112793,0.970934271812439,0.9743900895118713,0.0,0.0,0.0,0.0,0.523809552192688,0.8856742978096008,,0.9881260991096497,,,0.9128276109695435,,,,0.8467870354652405,
GP020475_frame_000061,fog,0.9560479521751404,0.9419256448745728,0.014771546888126237,0.11427727341651917,0.14737030863761902,0.033093035221099854,6.463238716125488,0.5361055135726929,0.9624630212783813,0.06839694827795029,0.6014890074729919,0.20937788486480713,0.030427265912294388,0.6039161682128906,0.7140105962753296,0.3333333432674408,0.8593218922615051,0.6988697648048401,0.9667551517486572,,,0.9210103154182434,,,,0.0,
GP020475_frame_000130,fog,0.9778212308883667,0.9781755805015564,-0.000362386905062284,0.05509253218770027,0.05555903911590576,0.0004665069282054901,5.207228183746338,0.7136660814285278,0.988821804523468,0.9725151658058167,0.8969717025756836,0.8753548860549927,,0.12110418826341629,,0.5967130064964294,0.7085819840431213,0.0,0.9868046641349792,0.8341051340103149,,0.869353711605072,,,,,
GP020475_frame_000088,fog,0.9884446263313293,0.9842208623886108,0.00427314164847437,0.02987058460712433,0.03986527398228645,0.009994689375162125,4.256235122680664,0.4881385266780853,0.9263014197349548,0.3550252914428711,0.9479230642318726,,,0.7531576156616211,0.0,0.07118254899978638,0.020142678171396255,0.0,0.9902863502502441,,,0.8173664212226868,,,,,
GP020475_frame_000094,fog,0.9775561094284058,0.9802191257476807,-0.002724156973035998,0.05932334065437317,0.0503336526453495,-0.008989688009023666,4.977119445800781,0.6461615562438965,0.9851316809654236,0.935893714427948,0.8860478401184082,,0.0,0.1922384351491928,,0.3202805519104004,0.5580991506576538,,0.9868960976600647,,,0.9508666396141052,,,,,
GP020475_frame_000125,fog,0.9723628759384155,0.9648089408874512,0.007768637779376107,0.06935641169548035,0.08767850697040558,0.018322095274925232,4.945156097412109,0.5319060683250427,0.9544713497161865,0.9394181370735168,0.7706479430198669,0.9083734750747681,0.0,0.5883201360702515,,0.8296923637390137,0.8951284885406494,0.0,0.9625689387321472,0.8147938847541809,0.0,0.8470823168754578,0.0,,,0.0,0.0
GP020475_frame_000189,fog,0.9720202088356018,0.9807775616645813,-0.009009434844339002,0.06774118542671204,0.048994868993759155,-0.01874631643295288,4.509361267089844,0.5138126015663147,0.9839045405387878,0.9672820568084717,0.9738937616348267,0.0,0.0,0.19926199316978455,0.0,0.84375,0.6066330075263977,,0.988274335861206,0.45742905139923096,0.0,0.8134481310844421,0.9383090138435364,,,0.0,0.44881564378738403
GP020475_frame_000109,fog,0.9652464389801025,0.9622000455856323,0.00315607832350908,0.08855939656496048,0.09528005123138428,0.006720654666423798,5.125241279602051,0.6502052545547485,0.9571787714958191,0.9126935005187988,0.9171842336654663,0.0,0.36887097358703613,0.3677119314670563,0.6713075041770935,0.655119776725769,0.8812136054039001,0.8034682273864746,0.9851981997489929,,,0.9327214956283569,0.0,,,,
GP020475_frame_000199,fog,0.9809064865112305,0.9781631231307983,0.0027967633920148267,0.04769009351730347,0.05454844981431961,0.006858356297016144,5.884259223937988,0.6661427021026611,0.9610425233840942,0.9716642498970032,0.853661060333252,0.7491458654403687,,0.3415798544883728,0.0,0.7466307282447815,0.9255680441856384,,0.9871830940246582,,,0.7117646932601929,0.0,,0.9458983540534973,,0.46571648120880127
GP020475_frame_000173,fog,0.9754407405853271,0.975090503692627,0.00035905501435123623,0.061694711446762085,0.06300986558198929,0.0013151541352272034,5.363014221191406,0.6400611996650696,0.9793321490287781,0.8775163292884827,0.8722485303878784,0.6135467290878296,0.0,0.4487760663032532,0.6031798720359802,0.6932780146598816,0.43953433632850647,0.0,0.9764671325683594,0.6299687623977661,,0.8919605016708374,,,0.9350478649139404,,
GP020475_frame_000081,fog,0.9761738777160645,0.9717199802398682,0.004562606654657592,0.059905730187892914,0.07122183591127396,0.011316105723381042,5.8973588943481445,0.6782733798027039,0.9661661386489868,0.3387758433818817,0.792679488658905,0.0,,0.7339518666267395,0.8536557555198669,0.7624244689941406,0.8794113397598267,0.9394623637199402,0.9736104607582092,0.0,,0.8991431593894958,,,,,
GP020475_frame_000140,fog,0.9670572280883789,0.9700290560722351,-0.003073063172279992,0.08249378949403763,0.07506684958934784,-0.007426939904689789,5.465232849121094,0.6572932600975037,0.9867318868637085,0.957413911819458,0.8838354349136353,0.616989016532898,,0.060595568269491196,0.6839080452919006,0.26859143376350403,0.8663768768310547,0.0,0.98752760887146,,,0.9182561039924622,,,,,
GP020475_frame_000054,fog,0.9837024211883545,0.9645674228668213,0.019452018938712297,0.04145030304789543,0.08822993189096451,0.04677962884306908,5.060710906982422,0.45407024025917053,0.9885713458061218,0.0,0.643592357635498,0.03197657689452171,0.07627242803573608,0.25130006670951843,0.05016722530126572,0.0,0.8905887007713318,0.5343592762947083,0.9487007856369019,0.5681601762771606,,0.9192238450050354,,,,,
GP020475_frame_000229,fog,0.9642161130905151,0.9706741571426392,-0.006697714233842757,0.08599615842103958,0.07307136058807373,-0.01292479783296585,5.73323917388916,0.6025140285491943,0.9574552774429321,0.8827905654907227,0.8478798270225525,0.6650934219360352,,0.770797848701477,,0.8777453303337097,0.9288975596427917,,0.9847444891929626,0.0,0.0,0.9172780513763428,0.0,,,0.0,
GP020475_frame_000119,fog,0.9760386943817139,0.9685198664665222,0.007703411638736768,0.06091294437646866,0.07838638126850128,0.017473436892032623,4.758753776550293,0.6107281446456909,0.7935378551483154,0.5664279460906982,0.8786219954490662,0.4646984338760376,0.0,0.7295128703117371,0.7929155230522156,0.7014853954315186,0.9374698400497437,0.6798574924468994,0.9741666316986084,0.7631115317344666,0.0,0.8791165351867676,,,,,0.0
GP020475_frame_000160,fog,0.9656176567077637,0.9678812026977539,-0.002344143099315599,0.08669779449701309,0.08040210604667664,-0.006295688450336456,5.567910194396973,0.6481512784957886,0.9788951277732849,0.9489451050758362,0.8302647471427917,0.7440621852874756,0.4443012475967407,0.26866963505744934,0.5929968357086182,0.0,0.8487867712974548,0.629115641117096,0.9765923023223877,0.0,,0.9466675519943237,,,,,0.8648203015327454
GP020475_frame_000179,fog,0.9791814684867859,0.9783411026000977,0.0008582330294757236,0.053148556500673294,0.054368551820516586,0.0012199953198432922,4.181371688842773,0.6717720627784729,0.98994380235672,0.9300360679626465,0.8473621606826782,0.7333333492279053,0.3283432424068451,0.3502340614795685,0.0,0.689608633518219,0.9630540609359741,,0.8774004578590393,,,0.6801761984825134,,,,,
GP020475_frame_000194,fog,0.9641197919845581,0.9714646339416504,-0.0076181839040890525,0.09078012406826019,0.07220810651779175,-0.018572017550468445,5.8854265213012695,0.5180199146270752,0.8816282749176025,0.8189301490783691,0.8910941481590271,0.8028962016105652,0.0,0.05271739140152931,,0.6943521499633789,0.9152601957321167,0.09519152343273163,0.9840795993804932,0.0,,0.5891566276550293,,,0.008952551521360874,,
GP020475_frame_000135,fog,0.9783229827880859,0.9693058133125305,0.009216965707672603,0.05626189708709717,0.07613623142242432,0.01987433433532715,4.96647834777832,0.5917682647705078,0.9907306432723999,0.9648129343986511,0.8230984210968018,0.5886144638061523,0.0,0.4911597967147827,0.574999988079071,0.0,0.827288031578064,0.0,0.9808773398399353,,,0.8596376180648804,,,,,
GP020475_frame_000184,fog,0.9724826812744141,0.9789787530899048,-0.006679884252724111,0.0666758194565773,0.05257534980773926,-0.014100469648838043,5.231904029846191,0.6240231990814209,0.989973247051239,0.9632107615470886,0.8681747913360596,0.5802562236785889,0.8329018354415894,0.3341176509857178,,0.09984871745109558,0.8560739159584045,,0.9717731475830078,0.0,0.0,0.9616629481315613,,,,,0.6543082594871521
GP020475_frame_000209,fog,0.9745076894760132,0.9689289927482605,0.005724630734833923,0.06453096866607666,0.07735665887594223,0.01282569020986557,4.0916571617126465,0.6017342209815979,0.9878798723220825,0.9663531184196472,0.846199631690979,0.8326018452644348,,0.25553250312805176,0.0,0.7521651983261108,0.900530219078064,,0.9649893641471863,0.0,,0.5250946879386902,,,0.0,0.7911977767944336,
GP020475_frame_000204,fog,0.956077516078949,0.9668259620666504,-0.011242232658456875,0.10437919199466705,0.08688516914844513,-0.017494022846221924,5.175814628601074,0.3692816495895386,0.9831218719482422,0.9426255226135254,0.8672695159912109,0.7740193605422974,0.0,0.006669630762189627,0.0,,0.8984158635139465,,0.9845763444900513,0.0,,0.08252670615911484,0.0,,0.0,0.0,0.0
GOPR0351_frame_000071,night,0.9601830244064331,0.9303498268127441,0.031070323599428393,0.10248574614524841,0.18729601800441742,0.084810271859169,2.348200798034668,0.23886896669864655,0.9012460708618164,0.17974786460399628,0.0,0.0,0.0,0.3197884261608124,0.0,0.4104938209056854,0.5614716410636902,0.003602967131882906,0.0,,0.40061160922050476,0.22322605550289154,,,0.0,,0.5828459858894348
GOPR0351_frame_000055,night,0.975294828414917,0.9554977416992188,0.020298566070413283,0.06387658417224884,0.12056185305118561,0.05668526887893677,2.01475191116333,0.2194986641407013,0.7144989371299744,0.016441233456134796,0.5123547315597534,0.0,0.0,0.7716809511184692,0.0,0.027919819578528404,0.747376024723053,0.0,0.0,0.23767240345478058,0.0,0.26453617215156555,,,,,0.0
GOPR0351_frame_000061,night,0.9749518632888794,0.9581642150878906,0.017218950658926084,0.0620722658932209,0.10907377302646637,0.04700150713324547,4.350840091705322,0.2336309403181076,0.4996376037597656,0.012408982031047344,0.5988805890083313,0.15869279205799103,,0.4307840168476105,0.0,0.07613168656826019,0.7838913202285767,0.0,0.0,0.030446194112300873,,0.6799602508544922,,,0.0,0.0,
GOPR0351_frame_000774,night,0.9606722593307495,0.9681821465492249,-0.0078173248653332,0.10761098563671112,0.09021994471549988,-0.017391040921211243,3.479865550994873,0.2661406695842743,0.7095972895622253,0.028767239302396774,0.28649255633354187,0.5527108311653137,0.00803016684949398,0.3200933039188385,,0.743994951248169,0.37416186928749084,0.0,0.0,0.0,,0.43598034977912903,0.0,,,,
GOPR0351_frame_000083,night,0.9660742878913879,0.9560244083404541,0.010402801909614312,0.08801212906837463,0.12223195284605026,0.03421982377767563,3.064328193664551,0.24680250883102417,0.8953366875648499,0.020982977002859116,0.23619253933429718,0.18105319142341614,0.0,0.0633203387260437,0.36411890387535095,0.24270834028720856,0.7687050700187683,0.0,0.0015161936171352863,0.16893203556537628,,0.0,,,0.7591709494590759,,0.0
GOPR0351_frame_000761,night,0.9682760238647461,0.9337818622589111,0.03562430587913661,0.08570995926856995,0.1658254861831665,0.08011552691459656,1.656008005142212,0.29310622811317444,0.7284176349639893,0.13224104046821594,0.7409300804138184,0.02642589807510376,0.0,0.3003821074962616,,0.583756685256958,0.6630505919456482,0.0,0.0,0.19037331640720367,,0.6200658082962036,0.1178438663482666,,0.0,,
GOPR0351_frame_000822,night,0.9671845436096191,0.9442552328109741,0.023707275631182054,0.08257150650024414,0.15313772857189178,0.07056622207164764,0.7240063548088074,0.18746007978916168,0.7077751159667969,0.0,0.17685316503047943,0.0,0.4132753908634186,0.0,,0.5933138132095337,0.0,,0.0,,,0.17084330320358276,,,0.0,,
GOPR0351_frame_000143,night,0.9668192863464355,0.9651299118995667,0.0017473528437557697,0.08656342327594757,0.09925417602062225,0.012690752744674683,2.347468376159668,0.2074189931154251,0.726987898349762,0.18272067606449127,0.7478781342506409,0.0,,0.15300707519054413,,0.509878396987915,0.0,0.0,0.0,0.0,0.0,0.0,0.0,,,,0.5833936333656311
GOPR0351_frame_000099,night,0.9670808911323547,0.9548995494842529,0.012595990298059528,0.08338968455791473,0.12026889622211456,0.03687921166419983,2.8716354370117188,0.25220054388046265,0.7234126329421997,0.22711186110973358,0.13302195072174072,0.15901745855808258,0.0,0.47672873735427856,0.0,0.21836534142494202,0.7613388895988464,0.25217190384864807,0.0,0.40236493945121765,0.0,0.6816752552986145,,,,0.0,0.0
GOPR0351_frame_000814,night,0.9539521336555481,0.9350354671478271,0.019829785627643974,0.11506335437297821,0.16285988688468933,0.04779653251171112,2.412565231323242,0.1753523349761963,0.7231318950653076,0.0796995535492897,0.33728623390197754,0.08193805068731308,0.0,0.13657648861408234,,0.0,0.4416675269603729,,0.0,0.0,,0.4792806804180145,0.0,,0.0,,
GOPR0351_frame_000065,night,0.9701564311981201,0.9765682220458984,-0.006609027756245076,0.07499411702156067,0.07339431345462799,-0.0015998035669326782,2.5840659141540527,0.2974761426448822,0.6737214922904968,0.05048217624425888,0.0031641118694096804,0.8640279173851013,,0.4247515797615051,0.0,0.18744008243083954,0.67095547914505,0.0,0.0006003502057865262,,,0.6945704221725464,,,,0.0,
GOPR0351_frame_000067,night,0.9659712910652161,0.9278906583786011,0.03942211600346917,0.08774036169052124,0.17436575889587402,0.08662539720535278,3.5249977111816406,0.19991403818130493,0.7559784650802612,0.0475538969039917,0.27198487520217896,0.0,0.0,0.6482048630714417,0.0,0.16235622763633728,0.5688403248786926,0.0,0.0004146440187469125,0.0,,0.1435490995645523,,,,,
GOPR0351_frame_000081,night,0.9716750979423523,0.9209049940109253,0.0522500818601181,0.07273747771978378,0.2186354100704193,0.14589793235063553,2.124508857727051,0.1992788463830948,0.7017375826835632,0.0,0.05520857870578766,0.0,0.0,0.13881643116474152,0.21214057505130768,0.009750152006745338,0.7007032632827759,0.0,0.0,0.0,,0.7876288890838623,,,0.18391847610473633,,
GOPR0351_frame_000748,night,0.968052327632904,0.8829489946365356,0.08791191311459909,0.08105751872062683,0.29489290714263916,0.21383538842201233,2.4766597747802734,0.29470527172088623,0.6814634799957275,0.010005372576415539,0.15033061802387238,0.9260441064834595,0.24863943457603455,0.0,,0.06644517928361893,0.41859176754951477,,0.0,,,0.538760244846344,0.0,,0.49618324637413025,,
GOPR0351_frame_000651,night,0.9678764343261719,0.9058212041854858,0.06411482633394225,0.08517809957265854,0.22947707772254944,0.1442989781498909,3.2141056060791016,0.18732759356498718,0.7249389290809631,0.06406048685312271,0.6160929799079895,0.0,0.0,0.31713083386421204,0.27508872747421265,0.03224568068981171,0.4009745717048645,0.0,0.0019013676792383194,0.0028248587623238564,,0.0,,,,,
GOPR0351_frame_000712,night,0.9603129625320435,0.9148414134979248,0.047350759944671444,0.09830319881439209,0.2030867487192154,0.1047835499048233,4.605884075164795,0.26973477005958557,0.851624608039856,0.23469458520412445,0.32895007729530334,9.436039545107633e-05,0.0,0.6341762542724609,0.08528823405504227,0.0,0.6419780850410461,0.2612541913986206,0.0,0.0,,0.18280254304409027,0.5554236173629761,,,,
GOPR0351_frame_000770,night,0.9558254480361938,0.8809008598327637,0.07838731179787538,0.11214552819728851,0.2962712347507477,0.18412570655345917,5.441017150878906,0.31458011269569397,0.6562574505805969,0.7612504959106445,4.9262296670349315e-05,,0.0,0.7025808095932007,,0.6780028939247131,0.1695224791765213,0.0,0.005868799518793821,,,0.40188953280448914,0.0,,0.3995398283004761,,
GOPR0351_frame_000085,night,0.9548879861831665,0.9416691660881042,0.013843319999727615,0.1114797368645668,0.15164971351623535,0.04016997665166855,3.3585944175720215,0.28420767188072205,0.8569890856742859,0.07127084583044052,0.39710184931755066,0.046252768486738205,0.14974038302898407,0.5322138071060181,0.0,0.5045596957206726,0.8894873261451721,0.0,0.0,0.4858969449996948,0.054380666464567184,0.0,,,0.8436370491981506,0.0,0.0
GOPR0351_frame_000079,night,0.9672303795814514,0.9325793981552124,0.0358249511176272,0.08340253680944443,0.17174658179283142,0.088344044983387,2.190007209777832,0.36008909344673157,0.9276592135429382,0.4128553569316864,0.1286143660545349,0.0,0.0,0.777317225933075,0.34375,0.39911219477653503,0.7431085705757141,0.0,0.0,0.0,,0.6850863099098206,,,0.6237441301345825,,
GOPR0351_frame_000049,night,0.9786481857299805,0.9252486228942871,0.054564615833029004,0.05522606521844864,0.19095665216445923,0.1357305869460106,2.425069808959961,0.3215619623661041,0.7662959098815918,0.07571403682231903,0.6717215776443481,0.0,,0.5627713203430176,0.0,0.4112115800380707,0.42265820503234863,,0.0,,,0.305247038602829,,,,,
GOPR0351_frame_000089,night,0.9794234037399292,0.9497921466827393,0.030253776499014822,0.05134725198149681,0.130076065659523,0.0787288136780262,2.259042263031006,0.28061291575431824,0.8901035189628601,0.4396408796310425,0.014932306483387947,0.04953278973698616,0.11773046851158142,0.4313769042491913,,0.0,0.6266669034957886,0.39574530720710754,0.0,0.0,,0.6822388768196106,,,,,0.0
GOPR0351_frame_000033,night,0.9675813913345337,0.869315505027771,0.10155826287197105,0.08255608379840851,0.3481691777706146,0.2656130939722061,1.9166020154953003,0.24702143669128418,0.7656044960021973,0.030507812276482582,0.32828012108802795,0.005609220825135708,0.43482932448387146,0.17499393224716187,0.0,0.5115967988967896,0.38480857014656067,0.0019886705558747053,0.0,0.0,0.0,0.8200812339782715,,,,,
GOPR0351_frame_000742,night,0.972235918045044,0.9438295364379883,0.02921758061767451,0.0689738541841507,0.1491004228591919,0.0801265686750412,1.3572163581848145,0.4564797878265381,0.7255095839500427,0.16273270547389984,0.2865337133407593,0.6609467267990112,0.767874538898468,0.6979445219039917,,0.6161841154098511,0.8137685060501099,,0.0,0.0,,0.7462629079818726,0.0,,,,
GOPR0351_frame_000818,night,0.9791351556777954,0.9058791399002075,0.07481706136749489,0.0530887171626091,0.2115335464477539,0.1584448292851448,1.5905134677886963,0.3016398847103119,0.7415067553520203,0.08334825187921524,0.4840467870235443,,0.0,0.5202690362930298,,0.7406699657440186,0.6352729797363281,0.0,0.0,0.0,,0.4145648181438446,0.0,,,,
GOPR0351_frame_000654,night,0.9695181846618652,0.9392726421356201,0.031196467165625217,0.07760286331176758,0.15255339443683624,0.07495053112506866,4.916321754455566,0.333442360162735,0.7330572605133057,0.2560669183731079,0.3727886974811554,,0.0,0.5651982426643372,0.5847896933555603,0.7223635911941528,0.46033966541290283,0.0,0.0,0.5758255124092102,,0.06432128697633743,,,0.0,,
GOPR0351_frame_000095,night,0.9751192331314087,0.978175163269043,-0.003133904042156673,0.06436949968338013,0.06506755948066711,0.0006980597972869873,2.3836565017700195,0.2240447700023651,0.6927295923233032,0.053712163120508194,0.0042395335622131824,0.0007082626107148826,0.8709572553634644,0.7076008915901184,0.0,0.13731342554092407,0.6349691152572632,0.0,0.0,0.0,0.0,0.2584414482116699,,,,0.0,
GOPR0351_frame_000063,night,0.9127336144447327,0.9211455583572388,-0.009216209074825706,0.20638228952884674,0.21098604798316956,0.004603758454322815,2.2847514152526855,0.22649233043193817,0.5140208601951599,0.016024388372898102,0.531197190284729,0.46420609951019287,0.2917748689651489,0.40388524532318115,0.0,0.0,0.7232914566993713,0.0,0.0,0.0,,0.0,,,,,
GOPR0351_frame_000124,night,0.9740728139877319,0.9511784911155701,0.023503707637007445,0.06737755239009857,0.12394736707210541,0.056569814682006836,3.344275951385498,0.3562692105770111,0.943253755569458,0.19512805342674255,0.5898265242576599,0.6478817462921143,0.0,0.26453375816345215,0.0,0.6292937397956848,0.5659746527671814,0.0,0.0,0.4536551237106323,0.0,0.8439186811447144,,,0.9231104850769043,0.0,0.0
GOPR0351_frame_000047,night,0.9740122556686401,0.9315292239189148,0.043616526451606415,0.06686462461948395,0.16215965151786804,0.0952950268983841,2.561115264892578,0.2548089921474457,0.739063560962677,0.10138583928346634,0.4867965877056122,0.16950248181819916,,0.2326553463935852,0.0,0.703101396560669,0.6252026557922363,0.0,0.0,0.0,,0.0,,,,,
GOPR0351_frame_000825,night,0.9587794542312622,0.9610846042633057,-0.002404254698854755,0.10737091302871704,0.10596288740634918,-0.0014080256223678589,1.706932783126831,0.15046575665473938,0.7257219552993774,0.0,0.20220614969730377,0.0,0.0,0.0,,0.39665642380714417,0.0,,0.0,0.0,,0.481004536151886,0.0,,,,
GOPR0351_frame_000115,night,0.9707892537117004,0.9052426218986511,0.06751890885405896,0.07264931499958038,0.22003306448459625,0.14738374948501587,2.2610721588134766,0.34646955132484436,0.9433964490890503,0.34256377816200256,0.5167928338050842,0.0,,0.5291828513145447,0.0,0.5461568832397461,0.3046013116836548,0.17768257856369019,0.0,0.7228789329528809,,0.8347115516662598,,,0.0,0.0,0.2790762484073639
GOPR0351_frame_000809,night,0.9696397185325623,0.9257199764251709,0.045294907804426306,0.07577434927225113,0.1886061280965805,0.11283177882432938,2.079407215118408,0.36794036626815796,0.6963029503822327,0.029561948031187057,0.5559383630752563,0.09562024474143982,0.5081610083580017,0.34578123688697815,0.0,0.6675616502761841,0.7055952548980713,0.0,0.0,,,0.6956393718719482,0.0,,0.8510032892227173,,
GOPR0351_frame_000059,night,0.9773422479629517,0.956223726272583,0.021608112734617064,0.056753311306238174,0.11407700181007385,0.05732369050383568,2.5976147651672363,0.2465200275182724,0.5846112966537476,0.04401980713009834,0.47350335121154785,0.0,0.0,0.13890571892261505,0.0,0.06207751855254173,0.8379421830177307,,0.0,0.5706602334976196,,,,,,,
GOPR0351_frame_000039,night,0.9642177820205688,0.9464638233184814,0.01841280968782276,0.08925612270832062,0.1424584686756134,0.053202345967292786,2.081569194793701,0.2862880825996399,0.777646541595459,0.14235784113407135,0.16625063121318817,0.2060224860906601,0.7973663210868835,0.34798383712768555,0.0,0.15391969680786133,0.6128071546554565,0.5137197971343994,4.420202094479464e-05,,,0.0036264732480049133,,,,0.0,
GOPR0351_frame_000718,night,0.9783744812011719,0.9624948501586914,0.016230626600847592,0.05447609722614288,0.09574293345212936,0.04126683622598648,2.9399681091308594,0.2939496338367462,0.8989477157592773,0.06256333738565445,0.7238488793373108,0.0,,0.060539018362760544,0.5249643325805664,0.33281630277633667,0.7655549049377441,0.0,0.0,0.0762181505560875,,0.6698423027992249,0.0,,0.0,,
GOPR0351_frame_000132,night,0.9820261597633362,0.959808349609375,0.02262445832712948,0.047076694667339325,0.10477961599826813,0.0577029213309288,2.3302114009857178,0.3245541453361511,0.9347434043884277,0.5380036234855652,0.842728316783905,0.10059500485658646,,0.14037610590457916,0.0,0.5441882610321045,0.11289653927087784,0.0,0.03364422917366028,0.48857441544532776,0.0,,,,,,0.483453631401062
GOPR0351_frame_000069,night,0.9656427502632141,0.9021579027175903,0.06574361674737678,0.0865352600812912,0.24414077401161194,0.15760551393032074,2.3095688819885254,0.20867730677127838,0.8562690615653992,0.31194692850112915,0.09895045310258865,0.0010726475156843662,0.11908486485481262,0.41986575722694397,0.14685989916324615,0.36167600750923157,0.4741736352443695,0.0652625635266304,0.00616372749209404,0.0,0.0,0.0,,,0.0,,0.4775112569332123
GOPR0351_frame_000057,night,0.9800832271575928,0.9569889307022095,0.023563607232341476,0.051053453236818314,0.12127702683210373,0.07022357359528542,1.5479216575622559,0.3071408271789551,0.7303030490875244,0.017469506710767746,0.5639916062355042,0.0,0.0,0.4941876232624054,0.0,0.48469799757003784,0.8741858005523682,0.0,0.0,0.561887800693512,,0.8803889751434326,0.0,0.0,,,
GOPR0351_frame_000745,night,0.967519998550415,0.9204511642456055,0.0486489518447586,0.08241690695285797,0.1890956610441208,0.10667875409126282,2.578327178955078,0.39421141147613525,0.7821104526519775,0.12917891144752502,0.27278295159339905,0.0,,,,,0.6180387139320374,,0.0,,,0.834592878818512,0.2451583445072174,,0.6660403609275818,,
GOPR0351_frame_000709,night,0.9643223285675049,0.9167580604553223,0.049324034308734416,0.08979229629039764,0.2112354189157486,0.12144312262535095,2.8041906356811523,0.32532623410224915,0.9401571750640869,0.6450923681259155,0.32796165347099304,0.0,0.0,0.5179558396339417,0.44873467087745667,0.013096746988594532,0.5454253554344177,0.0,0.002433965215459466,0.0,,0.788382887840271,,,,,
GOPR0351_frame_000121,night,0.9799191951751709,0.9493711590766907,0.031174035509406554,0.05235973745584488,0.12548109889030457,0.07312136143445969,2.2755160331726074,0.3492620587348938,0.8448137044906616,0.004554868675768375,0.607356607913971,0.7424823045730591,,0.16249717772006989,0.0,0.30179253220558167,0.7262639403343201,0.0,0.0,0.3468039333820343,0.0,0.4437541961669922,,0.0,0.9304133653640747,,0.47746041417121887
GOPR0351_frame_000087,night,0.974878191947937,0.9060640335083008,0.07058744190006129,0.06382869184017181,0.22141501307487488,0.15758632123470306,1.6873879432678223,0.24698472023010254,0.8788898587226868,0.17215557396411896,0.657213568687439,0.10685799270868301,0.6254505515098572,0.5019354820251465,0.0,0.0,0.511210560798645,0.004072343930602074,0.0,,0.0,0.0,,,,0.0,
GOPR0351_frame_000091,night,0.9673093557357788,0.9299318194389343,0.03864072614288548,0.08872517943382263,0.17434009909629822,0.08561491966247559,3.347691059112549,0.3407815992832184,0.6996907591819763,0.05355764925479889,0.5892136096954346,0.15148217976093292,0.0,0.4970414340496063,,0.710747241973877,0.4189040958881378,0.8565046787261963,0.0,0.0,0.0,0.31742241978645325,,,,,0.4763779640197754
GOPR0351_frame_000724,night,0.9551525115966797,0.9073971509933472,0.04999762815210111,0.11150374263525009,0.24399062991142273,0.13248688727617264,3.607560396194458,0.3806895613670349,0.870206356048584,0.3073626756668091,0.23205511271953583,0.22695516049861908,0.0,0.5478250980377197,0.7079115509986877,0.7993865609169006,0.5624495148658752,0.10204081982374191,0.0,0.0,,0.6972875595092773,0.27617329359054565,,,,
GOPR0351_frame_000141,night,0.9617435932159424,0.9293010234832764,0.03373307565985611,0.09618520736694336,0.193124920129776,0.09693971276283264,2.6658437252044678,0.18536294996738434,0.6638076901435852,0.26698440313339233,0.7158686518669128,0.04132680222392082,0.0,0.3468811511993408,,0.0567886121571064,0.03206605464220047,,0.0,0.1227574273943901,0.0,0.0,,,,0.0,0.34860044717788696
GOPR0351_frame_000093,night,0.9848818182945251,0.9332889914512634,0.05238478907931793,0.03949888050556183,0.18429547548294067,0.14479659497737885,1.2733142375946045,0.30972838401794434,0.6859939098358154,0.09918776154518127,0.5927122235298157,0.789229154586792,0.806944727897644,0.25927603244781494,0.0,0.0,0.5891841053962708,0.0,0.0,0.2975417375564575,,0.21612770855426788,,,,,0.0
GOPR0351_frame_000113,night,0.9665098190307617,0.912294864654541,0.056093536504009174,0.0837031900882721,0.2131938338279724,0.12949064373970032,2.3636560440063477,0.2581307291984558,0.8996764421463013,0.28439295291900635,0.5265039205551147,0.0,0.02878587879240513,0.2966921031475067,0.0,0.6330917477607727,0.2689574062824249,0.09196853637695312,0.005183783825486898,0.12733709812164307,0.0,0.7710064649581909,,,0.0,,0.19649486243724823
GOPR0351_frame_000706,night,0.9619668126106262,0.9105960130691528,0.05340184124236337,0.09640993177890778,0.21553003787994385,0.11912010610103607,4.260525703430176,0.5281516909599304,0.8082852363586426,0.4855025112628937,0.44865888357162476,,0.0,0.5650827288627625,0.7211630940437317,0.7705448865890503,0.5106805562973022,,0.045234471559524536,0.6934154629707336,,0.7611005306243896,,,,,
GOPR0351_frame_000111,night,0.972007155418396,0.9093507528305054,0.0644608443405049,0.07257203757762909,0.2210785150527954,0.14850647747516632,2.342583656311035,0.26237353682518005,0.7104974389076233,0.031812239438295364,0.4844829738140106,0.07032478600740433,,0.660999059677124,0.0,0.35663890838623047,0.17626893520355225,0.0,0.0,0.5522955060005188,,0.6299096941947937,,,0.0,,0.0
GOPR0351_frame_000101,night,0.9784368276596069,0.9484047889709473,0.03069389615429387,0.054223623126745224,0.1339397132396698,0.07971609011292458,2.2711281776428223,0.2696985602378845,0.9167180061340332,0.6301285028457642,0.27426984906196594,0.04309776425361633,0.0,0.47271934151649475,0.0,0.651187539100647,0.4809379279613495,0.0,0.0,0.3854551613330841,0.0,0.4606632888317108,,,,0.0,0.0
GOPR0351_frame_000053,night,0.9779255390167236,0.9281110763549805,0.050938911159269934,0.05699014663696289,0.17282912135124207,0.11583897471427917,1.9412798881530762,0.2346484214067459,0.7005495429039001,0.14722444117069244,0.621916651725769,,,0.4728506803512573,0.0,0.18006956577301025,0.5259801149368286,,0.0,0.0,0.0,0.16719044744968414,,0.0,,,
GOPR0351_frame_000727,night,0.9646344184875488,0.8952057957649231,0.07197402525999712,0.08976075053215027,0.23789529502391815,0.14813454449176788,2.2130658626556396,0.3894878923892975,0.7443917393684387,0.1485436111688614,0.382061630487442,0.029839005321264267,,0.4652695953845978,0.364930123090744,0.9035858511924744,0.6272000074386597,0.16239947080612183,0.0,0.2877858281135559,,0.5578476190567017,,,,,
GOPR0351_frame_000754,night,0.9819031953811646,0.9238795042037964,0.05909308662949519,0.04691746085882187,0.18705737590789795,0.14013991504907608,1.280015230178833,0.19629091024398804,0.6807256937026978,0.0425737127661705,0.5816881060600281,0.5684378743171692,0.0,0.3776775598526001,0.0,0.008285862393677235,0.4701046347618103,0.0,0.0,0.0,,0.20594479143619537,0.20521654188632965,,0.0,0.0,
GOPR0351_frame_000128,night,0.9787676930427551,0.9697338342666626,0.009229829251627755,0.054729633033275604,0.07901865243911743,0.024289019405841827,3.140913248062134,0.21967464685440063,0.966364324092865,0.31858137249946594,0.7229139804840088,0.0,,0.24468331038951874,0.0,0.265353262424469,0.0887550637125969,,0.0,0.34441205859184265,0.0,0.08200795203447342,0.0,,0.0,0.0,0.4817229211330414
GOPR0351_frame_000105,night,0.97113037109375,0.9333792924880981,0.03887333703136148,0.07451261579990387,0.1678931713104248,0.09338055551052094,2.3210129737854004,0.20194455981254578,0.7829919457435608,0.046353764832019806,0.7498971223831177,0.0,,0.031236154958605766,0.0,0.0438898466527462,0.36207833886146545,0.0,0.0,0.12948228418827057,,0.47934970259666443,,,,,0.0
GOPR0351_frame_000043,night,0.9734063148498535,0.9101471304893494,0.0649874392076318,0.07008487731218338,0.21948622167110443,0.14940134435892105,2.5421481132507324,0.23560668528079987,0.7461212873458862,0.08560462296009064,0.4044191241264343,0.0,0.8315529823303223,0.7788826823234558,,0.13925524055957794,0.311247318983078,0.0014102032873779535,0.0,0.0,,0.0,0.0,,,,0.0
GOPR0356_frame_000418,night,0.9775974750518799,0.9274340867996216,0.05131292686334621,0.056424595415592194,0.18178391456604004,0.12535931915044785,4.445123672485352,0.31461232900619507,0.9243796467781067,0.6753427386283875,0.6002988815307617,,,0.40178003907203674,0.0,0.0,0.6589193344116211,0.0,0.0,0.0,0.0,0.8292392492294312,,,,,0.0
GOPR0356_frame_000336,night,0.9678062200546265,0.9011726379394531,0.0688501272733203,0.08456498384475708,0.25903937220573425,0.17447438836097717,4.269213676452637,0.2142234742641449,0.7521950006484985,0.4176478385925293,0.26935625076293945,0.03177953511476517,0.5429487824440002,0.29519644379615784,0.0,0.04275752231478691,0.5254631042480469,0.22355873882770538,0.0,0.0,0.0,0.3266724646091461,0.0,,,0.0,
GOPR0356_frame_000375,night,0.9733564853668213,0.9017913341522217,0.07352409066487958,0.07156847417354584,0.25386303663253784,0.182294562458992,4.029592514038086,0.13881900906562805,0.7078784108161926,0.20897537469863892,0.3450031876564026,0.1713944673538208,0.0,0.3077678084373474,0.05771812051534653,0.0,0.08650994300842285,,0.0,0.0284810122102499,0.0,0.44619476795196533,0.0,0.0,0.0,,0.0
GOPR0356_frame_000351,night,0.9744371771812439,0.8601861000061035,0.11724827282673259,0.06358520686626434,0.37290310859680176,0.3093179017305374,3.720350503921509,0.1791309267282486,0.7229203581809998,0.06034116446971893,0.014585885219275951,0.0,0.0,0.33809730410575867,0.0,0.3887171447277069,0.2856924831867218,0.8547422885894775,0.0002651259128469974,0.0,,0.02160215936601162,0.0,,,,0.0
GOPR0356_frame_000452,night,0.9796890020370483,0.8881049752235413,0.0934827539027698,0.05409325286746025,0.2762781083583832,0.22218485549092293,5.234408378601074,0.12314704060554504,0.8020895719528198,0.3082597553730011,0.536461353302002,0.0,0.1217566654086113,0.00019196314678993076,,0.0004941627266816795,0.057996898889541626,0.0,0.019955340772867203,0.0,0.0,0.0,0.0,,,,0.0
GOPR0356_frame_000345,night,0.9737789034843445,0.8694353699684143,0.10715320702783704,0.06733416020870209,0.3475620150566101,0.280227854847908,4.809089660644531,0.15625041723251343,0.7229961156845093,0.0,0.0787893533706665,0.0,0.3460724651813507,0.2507912516593933,0.0,0.6161471605300903,0.008406964130699635,0.46409597992897034,0.010467812418937683,0.0,0.0,0.002239641733467579,0.0,,,,0.0
GOPR0356_frame_000330,night,0.9794783592224121,0.9217886328697205,0.05889841793902028,0.055835969746112823,0.2268393188714981,0.17100334912538528,1.4161460399627686,0.2279323935508728,0.7365707159042358,0.15071550011634827,0.0,,0.0,0.2682701349258423,0.0,0.021158762276172638,0.9571597576141357,0.14647869765758514,0.0,0.0,,0.45483529567718506,,,,,
GOPR0356_frame_000391,night,0.9654171466827393,0.8762390613555908,0.09237259221036884,0.09145152568817139,0.3091052174568176,0.21765369176864624,3.048705577850342,0.35846206545829773,0.8407188653945923,,0.17536687850952148,0.4719722270965576,0.2421722263097763,0.4457393288612366,,0.5483028888702393,0.501886248588562,,0.0,,,,,,0.0,,
GOPR0356_frame_000401,night,0.9859929084777832,0.9663518667221069,0.019920063712018262,0.035819750279188156,0.09522393345832825,0.05940418317914009,3.891268253326416,0.1810433566570282,0.7127599120140076,0.15225349366664886,0.5845428109169006,0.19720545411109924,0.5941709280014038,0.025096524506807327,0.0,0.0,0.08753447234630585,,0.0,,0.0,0.0,,,,,0.0
GOPR0356_frame_000464,night,0.9768720865249634,0.9435548782348633,0.03410600876882421,0.061123691499233246,0.1438039243221283,0.08268023282289505,3.758673667907715,0.22636954486370087,0.9199281930923462,0.37827301025390625,0.8186644315719604,0.0,0.0,0.020789021626114845,,0.0,0.4166082441806793,0.0,0.0,0.07181467115879059,,0.6961831450462341,,,0.0,0.04441717639565468,0.028865016996860504
GOPR0356_frame_000386,night,0.9744172692298889,0.8929709196090698,0.08358467297007353,0.06255041807889938,0.2646888196468353,0.20213840156793594,3.8717968463897705,0.33960774540901184,0.9783554077148438,0.4592605531215668,0.12815460562705994,0.8565283417701721,,0.47671064734458923,0.4335099756717682,0.3321693539619446,0.2269183099269867,0.07773808389902115,0.01058256160467863,0.0,0.0,0.7745804190635681,,,,,0.0
GOPR0356_frame_000342,night,0.9763117432594299,0.9099355936050415,0.06798663381116817,0.060274459421634674,0.23106291890144348,0.1707884594798088,4.364360809326172,0.24174901843070984,0.604338526725769,0.1504727154970169,0.3108452558517456,0.0,0.8588613271713257,0.3291730284690857,0.0,0.6975417137145996,0.026503095403313637,0.0,0.003936443477869034,0.0,,0.40281397104263306,0.0,,,,
GOPR0356_frame_000424,night,0.991819441318512,0.9471051692962646,0.04508307632281736,0.021219125017523766,0.1491401493549347,0.12792102433741093,2.6526107788085938,0.1397525519132614,0.668561577796936,0.07655314356088638,0.6698887944221497,,0.0,0.01407349482178688,0.0,0.0,0.03781342878937721,0.14933715760707855,0.0,0.0,,0.48006078600883484,0.0,,,0.0,0.0
GOPR0356_frame_000339,night,0.9801954030990601,0.8788821697235107,0.10336024023539318,0.0517498180270195,0.28687214851379395,0.23512233048677444,5.054646968841553,0.20051129162311554,0.7140353918075562,0.029740139842033386,0.2164650857448578,0.0,0.8975222110748291,0.2710118889808655,0.0,0.3298092782497406,0.0002578438143245876,,0.00010541827941779047,0.43216079473495483,0.05812167748808861,0.0,0.0,0.0,,0.4594622552394867,0.0
GOPR0356_frame_000414,night,0.9783148765563965,0.9231455326080322,0.05639221553967832,0.05491170659661293,0.1903240978717804,0.13541239127516747,4.325252532958984,0.2369525134563446,0.9291738271713257,0.4504707455635071,0.6356543898582458,,0.0,0.1323641985654831,,0.5108571648597717,0.13564889132976532,0.0,5.956124368822202e-05,0.0,0.0,0.5231066346168518,,,,0.0,0.0
GOPR0356_frame_000476,night,0.9801477193832397,0.9009858965873718,0.08076519530956898,0.05088292434811592,0.25111088156700134,0.20022795721888542,3.474100112915039,0.3207518756389618,0.7698885202407837,0.28711044788360596,0.5579038262367249,0.5481783151626587,0.0,0.2426123172044754,0.0,0.4095281660556793,0.3992525041103363,0.0,0.0,0.0,,0.9553004503250122,,,,,
GOPR0356_frame_000382,night,0.9565387964248657,0.9093302488327026,0.04935351004587938,0.1081676334142685,0.2250490039587021,0.1168813705444336,5.081508159637451,0.2948603630065918,0.6895938515663147,0.09699942171573639,0.42842167615890503,0.6293696165084839,0.009002051316201687,0.37498849630355835,0.438158243894577,0.06672672927379608,0.4277467727661133,0.014415274374186993,0.0,0.0,0.3405405282974243,0.8021811842918396,,,,,0.10476190596818924
GOPR0356_frame_000467,night,0.9850319623947144,0.9377484321594238,0.04800202588382932,0.03856001794338226,0.14948269724845886,0.1109226793050766,3.456625461578369,0.2468855232000351,0.9682897925376892,0.8720386028289795,0.8098680377006531,,0.0,0.1291690170764923,0.0,0.512077271938324,0.4118400812149048,0.0,0.0,0.0,,0.0,,,0.0,0.0,0.0
GOPR0356_frame_000458,night,0.9834903478622437,0.8995267152786255,0.08537311211278682,0.04348410665988922,0.24679884314537048,0.20331473648548126,3.374316692352295,0.2580435872077942,0.9314157366752625,0.387062668800354,0.6253502368927002,,,0.0022106426768004894,,0.0,0.23253417015075684,,0.0014747793320566416,0.38604819774627686,,0.0,,,,0.0,0.2723831832408905
GOPR0356_frame_000404,night,0.9874359369277954,0.9819203615188599,0.005585755132873306,0.03262389451265335,0.048940930515527725,0.016317036002874374,4.344202518463135,0.26662522554397583,0.7218442559242249,0.22833527624607086,0.7262441515922546,0.0,0.13792313635349274,0.07597402483224869,0.0,0.43631601333618164,0.4604490399360657,0.0,0.0,0.0,,0.6790420413017273,,,,,
GOPR0356_frame_000348,night,0.971988320350647,0.934683620929718,0.038379781172343086,0.07257194817066193,0.1751766800880432,0.10260473191738129,5.107111930847168,0.2624254524707794,0.7456972599029541,0.22010967135429382,0.2111084759235382,,0.7345831394195557,0.08588983118534088,0.30800822377204895,0.08417655527591705,0.5377971529960632,0.08360546827316284,0.0,0.0,,0.13812950253486633,,,,,
GOPR0356_frame_000366,night,0.9790257811546326,0.8839453458786011,0.09711739581844578,0.05194916948676109,0.29622796177864075,0.24427879229187965,3.8060150146484375,0.2040405571460724,0.7920641899108887,0.13694244623184204,0.5394959449768066,0.0,0.0,0.3376958668231964,0.0,0.0,0.2410958707332611,0.0,0.04614023491740227,0.5405742526054382,,0.018518518656492233,,,,,
GOPR0356_frame_000479,night,0.96816086769104,0.907767653465271,0.06237931692695576,0.08479111641645432,0.25279778242111206,0.16800666600465775,3.18759822845459,0.20484155416488647,0.694908082485199,0.017317846417427063,0.0,0.018687063828110695,0.45185914635658264,0.3777117431163788,0.0,0.1945357769727707,0.703079104423523,0.0,0.0,,,,0.0,,,,
GOPR0356_frame_000427,night,0.991066038608551,0.9624797105789185,0.028844019094153763,0.023006461560726166,0.09858441352844238,0.07557795196771622,3.474433422088623,0.2849092185497284,0.7123805284500122,0.1061679944396019,0.7116894125938416,,,0.1773151457309723,,0.0,0.13987521827220917,0.0,0.0,0.4724913239479065,,0.8140820264816284,,,,0.0,
GOPR0356_frame_000488,night,0.9613692164421082,0.9252822399139404,0.03753706228118049,0.09721803665161133,0.18696454167366028,0.08974650502204895,3.3786308765411377,0.2758811414241791,0.9768146872520447,0.3838796615600586,0.41064906120300293,0.6327618360519409,,0.17753338813781738,0.0,0.07727362960577011,0.6478042602539062,0.0038568342570215464,0.0,0.0,,,,,0.0,,
GOPR0356_frame_000448,night,0.9753718972206116,0.9665569067001343,0.009037568598419251,0.06466139853000641,0.08923131972551346,0.02456992119550705,3.9082508087158203,0.24428823590278625,0.7389969229698181,0.3596186637878418,0.676534116268158,0.0,0.39400988817214966,0.2062721848487854,,0.0,0.6605119109153748,0.0,0.0,0.38409188389778137,0.0,0.0,,,,,0.0
GOPR0356_frame_000421,night,0.9851073622703552,0.9786630272865295,0.006541758964785297,0.03712783008813858,0.060999080538749695,0.023871250450611115,3.341886281967163,0.21811248362064362,0.7330919504165649,0.36887413263320923,0.7324523329734802,,,0.0,,0.0,0.0,0.0,0.0,0.23627787828445435,0.0,0.7647659182548523,,,,0.0,0.0
GOPR0356_frame_000473,night,0.9686119556427002,0.8523086905479431,0.12007209204522548,0.07979744672775269,0.3546708822250366,0.27487343549728394,2.944845199584961,0.14581626653671265,0.7618692517280579,0.2504338026046753,0.5418713688850403,0.0,0.00018075245316140354,0.0382978729903698,0.0,0.0,0.3029583692550659,0.0,0.0,0.0,,0.0,,,,,
GOPR0356_frame_000485,night,0.9623408317565918,0.9235841035842896,0.04027339014476237,0.10093848407268524,0.19195806980133057,0.09101958572864532,6.0951128005981445,0.22741393744945526,0.7370304465293884,0.15547768771648407,0.4316065311431885,0.03814994543790817,0.10844630002975464,0.6732404828071594,0.0,0.6971840858459473,0.3318942189216614,0.0,0.0,0.0,,,,,,0.010765721090137959,0.0
GOPR0356_frame_000369,night,0.9648735523223877,0.9487619400024414,0.01669815916726611,0.08947645872831345,0.1337006390094757,0.04422418028116226,4.488922119140625,0.34546223282814026,0.9799725413322449,0.6635531187057495,0.3409622311592102,0.0,0.003927766811102629,0.6033180356025696,0.2110726684331894,0.0,0.6742622256278992,0.7367939949035645,0.0,,0.0,0.6226087212562561,,,,,0.0
GOPR0356_frame_000461,night,0.9774845838546753,0.9485913515090942,0.029558759828266584,0.055462755262851715,0.12852059304714203,0.07305783778429031,4.187228202819824,0.31772133708000183,0.9725939631462097,0.748565673828125,0.7802180051803589,,,0.09865924715995789,0.0,0.46473780274391174,0.6346608400344849,0.0,0.0,0.0,,0.11322081834077835,,,,,0.0
GOPR0356_frame_000430,night,0.9849030375480652,0.9624150395393372,0.022832702228622728,0.0392819382250309,0.10459014773368835,0.06530820950865746,3.3443360328674316,0.180692657828331,0.754128634929657,0.10552256554365158,0.5661299824714661,,,0.023923445492982864,0.0,0.00030084687750786543,0.7183064818382263,0.0,0.0,0.0,,0.0,,,,,0.0
GOPR0356_frame_000395,night,0.9529047012329102,0.8730272650718689,0.0838252085643404,0.13341526687145233,0.3442050814628601,0.21078981459140778,2.8282535076141357,0.15006022155284882,0.7102735042572021,,0.0,0.4258243441581726,0.04655805975198746,0.0,,,0.017825838178396225,0.0,0.0,,,,,,,,
GOPR0356_frame_000363,night,0.9751596450805664,0.9422177076339722,0.033781070899485295,0.061703361570835114,0.15405845642089844,0.09235509485006332,3.7455286979675293,0.29667213559150696,0.8384514451026917,0.02070763148367405,0.35418370366096497,0.0,0.6960940361022949,0.7433561682701111,0.0,0.0,0.62641841173172,0.34542492032051086,0.0003876135451719165,0.0,,0.23171354830265045,,,,,
GOPR0356_frame_000455,night,0.9804831147193909,0.939937174320221,0.04135302217544433,0.05000153183937073,0.14155741035938263,0.0915558785200119,4.766434192657471,0.31890228390693665,0.9110135436058044,0.514045774936676,0.6964423060417175,,,0.019593067467212677,0.0,0.5675901174545288,0.5697365403175354,,0.0,0.0,,0.0,,,,0.0,0.5484063625335693
GOPR0356_frame_000360,night,0.9779952764511108,0.8655176758766174,0.11500832584034756,0.0552712082862854,0.3206561505794525,0.2653849422931671,3.875267744064331,0.2288656234741211,0.8169816136360168,0.31965169310569763,0.3224799335002899,0.0,0.0,0.35524851083755493,0.0,0.0,0.32176584005355835,0.15521855652332306,0.0,0.03851813077926636,,0.8742545247077942,,,,,0.0
GOPR0356_frame_000333,night,0.9724544286727905,0.9205823540687561,0.053341393222318595,0.07450990378856659,0.24367302656173706,0.16916312277317047,2.991260051727295,0.21458657085895538,0.7120783925056458,0.0,0.6549342274665833,0.0,0.0,0.32154765725135803,0.0,0.005928121507167816,0.48947492241859436,0.32461467385292053,2.039733954006806e-05,0.0,,0.2810271084308624,,,,,
GOPR0356_frame_000372,night,0.9749444127082825,0.9187569618225098,0.05763143988217347,0.06378884613513947,0.20203624665737152,0.13824740052223206,3.901905059814453,0.2599949240684509,0.9245420694351196,0.46104803681373596,0.48912861943244934,0.0066866944544017315,0.0038834649603813887,0.24600082635879517,0.5117056965827942,0.0,0.36341413855552673,0.5571185350418091,0.0007676973473280668,0.0,0.0,0.5956231951713562,,,0.0,,0.0
GOPR0356_frame_000433,night,0.9848150014877319,0.9563405513763428,0.028913501296424816,0.03983546420931816,0.11371967196464539,0.07388420775532722,4.031435012817383,0.258501797914505,0.9451297521591187,0.5548348426818848,0.5735504031181335,,0.037634409964084625,0.20829549431800842,0.0,0.07924087345600128,0.38896650075912476,0.0,0.0,0.19113357365131378,,0.0,,,,,0.381737619638443
GOPR0356_frame_000398,night,0.9622249603271484,0.8867813944816589,0.07840532949362072,0.09248678386211395,0.3105145990848541,0.21802781522274017,3.001563549041748,0.21939578652381897,0.8132044672966003,0.0,0.0867413878440857,0.19590376317501068,0.5167290568351746,0.12355726212263107,,0.0,0.6772174835205078,0.0,0.0,,,0.0,,,,,
GOPR0356_frame_000437,night,0.9744919538497925,0.9487895965576172,0.026375135194174917,0.0640646442770958,0.1333637237548828,0.06929907947778702,4.150506973266602,0.20300012826919556,0.6696304678916931,0.4460490047931671,0.6086478233337402,0.0,0.0017809439450502396,0.013815789483487606,,0.22348055243492126,0.3499557375907898,0.0,0.0,0.7316415309906006,0.0,0.0,,,0.0,0.0,
GOPR0356_frame_000378,night,0.9558719992637634,0.9085509777069092,0.049505604409634384,0.11057241261005402,0.24949978291988373,0.1389273703098297,4.4202423095703125,0.16777542233467102,0.6722860932350159,0.03632951155304909,0.1611684411764145,0.07364989072084427,0.006300918757915497,0.38853466510772705,0.14885331690311432,0.11552277952432632,0.1055043563246727,0.0,0.000750644423533231,0.15501968562602997,0.0,0.820486307144165,0.0,,,,0.0
GOPR0356_frame_000408,night,0.9765920042991638,0.9455292224884033,0.03180732727274267,0.06028208136558533,0.13687850534915924,0.07659642398357391,4.851357460021973,0.37108513712882996,0.9159976243972778,0.6959379315376282,0.5364391207695007,0.0,0.19519105553627014,0.12370787560939789,0.0,0.6004412770271301,0.7135775685310364,0.29861727356910706,0.0,0.4819413125514984,,0.26225540041923523,,,,,
GOPR0356_frame_000470,night,0.9858365058898926,0.9652020931243896,0.020930866764330296,0.035614728927612305,0.08973777294158936,0.05412304401397705,4.384688377380371,0.29137080907821655,0.9615809321403503,0.6002708077430725,0.7163929343223572,0.0,,0.16680672764778137,0.0,0.0,0.6393275260925293,0.0,0.0,0.0,0.0,0.8541606664657593,,,,0.4320223033428192,0.0
GOPR0356_frame_000324,night,0.977476954460144,0.9178407192230225,0.0610103740603835,0.058326732367277145,0.21168161928653717,0.15335488691926003,2.159965991973877,0.24582481384277344,0.8589878678321838,0.1065324991941452,0.21614113450050354,0.0,0.0,0.273406058549881,0.0,0.04582210257649422,0.898025393486023,0.40245041251182556,0.0,0.0,,0.39435696601867676,,,,,
GOPR0356_frame_000321,night,0.9826568365097046,0.9590039849281311,0.024070306603557454,0.04622310400009155,0.12434935569763184,0.07812625169754028,2.1918654441833496,0.23576529324054718,0.7468115091323853,0.009528654627501965,0.0,0.0,0.0,0.2948453724384308,0.0,0.07107623666524887,0.9476207494735718,0.48175889253616333,0.0,,,0.277542382478714,,,,,
GOPR0356_frame_000327,night,0.9621554613113403,0.9434762001037598,0.019413973899792138,0.09047296643257141,0.15860775113105774,0.06813478469848633,2.828500270843506,0.24050861597061157,0.6757631897926331,0.07359710335731506,0.0,0.0,0.0,0.4346904456615448,0.0,0.20423108339309692,0.8959715366363525,0.564268946647644,0.0,,,0.27808988094329834,,,,,0.0
GOPR0356_frame_000482,night,0.9519404768943787,0.895569920539856,0.05921647112460427,0.12787014245986938,0.2585611939430237,0.1306910514831543,4.091434478759766,0.1495000720024109,0.7027730345726013,0.03138447180390358,0.001299460418522358,0.005562799982726574,0.33186644315719604,0.044631924480199814,0.0,0.06405432522296906,0.6956422924995422,0.0,0.06628604233264923,0.0,,0.0,,,,,
GOPR0356_frame_000357,night,0.9756065607070923,0.9177263975143433,0.059327360977898196,0.060474954545497894,0.2123667597770691,0.1518918052315712,3.860395908355713,0.15884549915790558,0.685042679309845,0.014674726873636246,0.18807576596736908,,,0.09037414193153381,0.0,0.0,0.657185435295105,,0.0,0.0801980197429657,0.0,0.5082860589027405,0.0,,,0.0,0.0
GOPR0356_frame_000354,night,0.9628222584724426,0.9107759594917297,0.05405597760351606,0.0894726812839508,0.2347116768360138,0.145238995552063,3.8716888427734375,0.27929961681365967,0.7509713172912598,0.03444710746407509,0.24095475673675537,,,0.6884266138076782,0.0,0.0,0.48609158396720886,0.6878253817558289,0.0015129089588299394,0.0,,0.461365669965744,0.0,,,,
GP030402_frame_000022,rain,0.9820685386657715,0.9713305234909058,0.010934079081805728,0.045487966388463974,0.07606104016304016,0.030573073774576187,0.847260594367981,0.5812755823135376,0.9198004603385925,0.6632528305053711,0.9463855028152466,0.0,,0.13908834755420685,,0.5243164896965027,0.8174017071723938,0.0,0.989748477935791,0.8310898542404175,,0.7752383351325989,,0.9502609372138977,,,0.0
GP030402_frame_000001,rain,0.9725700616836548,0.9637234210968018,0.009096147253984749,0.06928487867116928,0.0927560031414032,0.023471124470233917,2.2965168952941895,0.7028738856315613,0.9321768283843994,0.29885929822921753,0.7644746899604797,,,0.5846824049949646,0.7861508727073669,0.8636947870254517,0.9602878093719482,0.009565857239067554,0.9894909262657166,0.6098443865776062,,0.9323850274085999,,,,,
GP030402_frame_000266,rain,0.9820061922073364,0.9351069927215576,0.04775855730886384,0.04626532644033432,0.17447423934936523,0.12820891290903091,2.4409825801849365,0.29783862829208374,0.8731417059898376,0.3656945526599884,0.0,0.0,0.0,0.5697470307350159,,0.5743362903594971,0.9354831576347351,0.7006315588951111,0.17478080093860626,0.0,0.0,0.571603536605835,,0.0,,0.0,0.0
GP030402_frame_000094,rain,0.9665040969848633,0.9745373129844666,-0.008311621173203231,0.08806182444095612,0.06575749814510345,-0.02230432629585266,1.984969139099121,0.5983312129974365,0.9650091528892517,0.8749155402183533,0.5345273613929749,,0.6260407567024231,0.224333718419075,0.0,0.022387219592928886,0.964296817779541,0.8794269561767578,0.9826949834823608,0.0,,0.8874081969261169,0.817264974117279,,,,
GP030402_frame_000428,rain,0.9748817086219788,0.9379894137382507,0.037842842038187226,0.06425479054450989,0.16496938467025757,0.10071459412574768,2.1916441917419434,0.4380117654800415,0.8652231097221375,0.27123650908470154,0.013226572424173355,0.0,,0.35777685046195984,,0.7187827825546265,0.9456132054328918,0.7314119935035706,0.048891328275203705,0.04187946766614914,,0.8240877985954285,,,,,
GOPR0402_frame_000457,rain,0.9774584174156189,0.9638816714286804,0.013889844934720272,0.0559915192425251,0.09184885025024414,0.03585733100771904,1.8457136154174805,0.7205271124839783,0.8453977108001709,0.5926862359046936,0.878016471862793,0.876305341720581,,0.5001112818717957,0.803709089756012,0.7421916127204895,0.9284624457359314,0.6189466714859009,0.9727579951286316,0.0,,0.8877403140068054,,,,,
GOPR0402_frame_000194,rain,0.962969183921814,0.9266544580459595,0.03771120208732553,0.09480313956737518,0.18844906985759735,0.09364593029022217,1.828805923461914,0.47950610518455505,0.9163604974746704,0.42244455218315125,0.4797610938549042,0.0941680520772934,0.0,0.32396358251571655,,0.835688591003418,0.9154613614082336,0.214004784822464,0.729653000831604,0.0,,0.8225678205490112,,,,,
GOPR0402_frame_000408,rain,0.9766417145729065,0.9587873816490173,0.01828135382163506,0.060586895793676376,0.11189985275268555,0.05131295695900917,0.714880108833313,0.446808397769928,0.8723760843276978,0.13149917125701904,0.8760830163955688,0.4126427471637726,0.0,0.4434482753276825,0.5487197637557983,0.265667587518692,0.916669487953186,0.0,0.9838038086891174,0.4765578508377075,,0.7474563717842102,,0.0272014569491148,0.0,,
GOPR0402_frame_000234,rain,0.9747002720832825,0.9773520231246948,-0.0027205809725884297,0.06364092975854874,0.055680014193058014,-0.007960915565490723,3.510049819946289,0.6561477184295654,0.9320854544639587,0.9511142373085022,0.887871265411377,0.0,0.9203553199768066,0.6622705459594727,0.0,0.5278011560440063,0.9179134368896484,0.8159675002098083,0.9913829565048218,0.0,,0.9231587052345276,,,,,
GOPR0402_frame_000761,rain,0.9813145399093628,0.9694151282310486,0.012125991283236628,0.04731655493378639,0.07824590802192688,0.030929353088140488,1.050494909286499,0.40189293026924133,0.8893782496452332,0.39397919178009033,0.7875560522079468,0.0,0.8970062732696533,0.5476226806640625,0.0,0.0,0.958756148815155,0.0,0.993511974811554,0.0,0.0,0.9624761343002319,,,0.0,,0.0
GOPR0402_frame_000134,rain,0.9641326069831848,0.9721314907073975,-0.008296455885126591,0.0918557345867157,0.07292012870311737,-0.018935605883598328,2.8546411991119385,0.5615559816360474,0.7895822525024414,0.21307609975337982,0.9030845761299133,0.7843118906021118,0.0,0.24629423022270203,0.0,0.6316006779670715,0.9137070178985596,0.9535442590713501,0.964887797832489,,,0.9001383781433105,,,,,0.0
GOPR0402_frame_000424,rain,0.974899172782898,0.9734752178192139,0.0014606176606070508,0.06684745103120804,0.06983597576618195,0.0029885247349739075,1.0660476684570312,0.37065374851226807,0.6269694566726685,0.021727383136749268,0.32233288884162903,0.0,0.04323052614927292,0.616625964641571,0.10152284055948257,0.14952589571475983,0.9394114017486572,0.19444037973880768,0.9526948928833008,0.0,,0.8500165343284607,,,,,
GOPR0402_frame_000429,rain,0.97083580493927,0.9382888078689575,0.03352471815468453,0.07393872737884521,0.1513395607471466,0.07740083336830139,2.4081215858459473,0.5426751971244812,0.7352048754692078,0.13188928365707397,0.6473844051361084,0.5584074258804321,0.7949978709220886,0.7642322778701782,0.0845070406794548,0.6613404154777527,0.9002965092658997,0.6030937433242798,0.8611947298049927,0.0,,0.8549049496650696,,0.0,,,
GOPR0402_frame_000214,rain,0.9667293429374695,0.9753177762031555,-0.008884010027821672,0.08518088608980179,0.0642126053571701,-0.020968280732631683,5.138581275939941,0.4611128270626068,0.9301225543022156,0.08252877742052078,0.9037072658538818,0.0,0.3331911563873291,0.23302915692329407,,0.31659770011901855,0.9366044998168945,0.0,0.9757659435272217,0.33467742800712585,,0.9482422471046448,,,,,0.0
GOPR0402_frame_000336,rain,0.974323570728302,0.9546412229537964,0.02020103809844483,0.06577368080615997,0.11975324153900146,0.05397956073284149,0.7408024668693542,0.40880271792411804,0.7787976861000061,0.36761757731437683,0.9379177093505859,0.0,0.0,0.44811445474624634,0.38563501834869385,0.03485633432865143,0.7570542097091675,0.0,0.9811121821403503,0.0,,0.7049917578697205,0.32714077830314636,,,,
GOPR0402_frame_000320,rain,0.9632065296173096,0.9320776462554932,0.03231797343712407,0.09428902715444565,0.17276373505592346,0.07847470790147781,1.3882290124893188,0.39994344115257263,0.803156316280365,0.6629585027694702,0.7734870314598083,0.0,0.0,0.3759097754955292,0.31943032145500183,0.0,0.8481525778770447,0.41317296028137207,0.8572413921356201,0.0,0.0,0.7691760063171387,,,,0.5764102339744568,0.0
GOPR0402_frame_000304,rain,0.9742826223373413,0.9018000960350037,0.07439579019123978,0.06539396941661835,0.2556889057159424,0.19029493629932404,1.6086511611938477,0.21589839458465576,0.4621889591217041,0.00046995721640996635,0.38543668389320374,0.0,0.0,0.0074416217394173145,0.0,0.0,0.9027329683303833,0.0,0.6638835072517395,0.0,0.0,0.3855302929878235,,,,0.6466901898384094,0.0
GOPR0402_frame_000748,rain,0.9671229124069214,0.952936589717865,0.014668582824766753,0.08086574822664261,0.12185072898864746,0.04098498076200485,1.522805094718933,0.3460560142993927,0.6747346520423889,0.10411848872900009,0.6264215707778931,0.0,0.0,0.38400375843048096,0.0,0.36277228593826294,0.9671051502227783,0.0,0.9791901707649231,0.14389067888259888,0.0,0.7741296887397766,0.8665856719017029,,0.0,,0.0
GOPR0402_frame_000154,rain,0.9749650955200195,0.968652606010437,0.006474579935058918,0.06202724575996399,0.08125366270542145,0.01922641694545746,1.4639348983764648,0.5182976126670837,0.7888465523719788,0.14136359095573425,0.5814211368560791,0.4637596607208252,,0.45537394285202026,,0.5058349967002869,0.9122457504272461,0.0,0.9897800087928772,0.458172470331192,0.0,0.9227732419967651,,,,,
GOPR0402_frame_000755,rain,0.9822226762771606,0.9780566692352295,0.004241407880448407,0.04470645263791084,0.058241359889507294,0.01353490725159645,1.6760644912719727,0.2740345597267151,0.7158975005149841,0.0,0.9545447826385498,0.0,0.0,0.07515961676836014,0.012052638456225395,0.0,0.7631340026855469,0.0,0.9550784826278687,0.0,0.0,0.9086863398551941,0.0,,,,0.0
GOPR0402_frame_000315,rain,0.9594041109085083,0.9605712890625,-0.0012165657083966234,0.09904832392930984,0.10046181082725525,0.001413486897945404,0.4931108057498932,0.47279277443885803,0.9393042922019958,0.3924489915370941,0.8644924163818359,0.0,0.0,0.4862300157546997,0.0,0.0,0.9005244374275208,0.30054453015327454,0.9841655492782593,,,0.8058034777641296,,,,,
GOPR0402_frame_000186,rain,0.9702452421188354,0.9152215719223022,0.05671109451591927,0.07479672133922577,0.19975855946540833,0.12496183812618256,4.701268196105957,0.4594068229198456,0.6722206473350525,0.24782013893127441,0.17659135162830353,0.0,0.7600728869438171,0.4956001341342926,,0.6202937364578247,0.8764722943305969,0.39437174797058105,0.14554652571678162,0.705953061580658,,0.8773460984230042,0.0,,,,
GOPR0402_frame_000741,rain,0.9752582311630249,0.9527804851531982,0.023047993916997068,0.06201949715614319,0.11968924105167389,0.0576697438955307,2.1844558715820312,0.35996755957603455,0.4717586040496826,0.17209193110466003,0.7845626473426819,0.3915936052799225,0.3032640814781189,0.5150356292724609,,0.29078012704849243,0.9390968084335327,0.0,0.9881494045257568,0.16278663277626038,0.18315507471561432,0.4733298122882843,0.08387698233127594,,,0.0,0.0
GOPR0402_frame_000441,rain,0.9661135077476501,0.9417724013328552,0.02519487199759153,0.08443573117256165,0.1457310914993286,0.06129536032676697,0.7903836965560913,0.47966712713241577,0.7776458859443665,0.12901011109352112,0.7803211212158203,0.5652503967285156,0.37118959426879883,0.6033734083175659,0.5279128551483154,0.7870610952377319,0.9063956141471863,0.31694385409355164,0.9733816385269165,0.0,0.0,0.45652174949645996,,,,,0.0
GOPR0402_frame_000331,rain,0.9742697477340698,0.9583216905593872,0.016369241730107866,0.06512654572725296,0.11042309552431107,0.045296549797058105,0.9578113555908203,0.4830220341682434,0.7541308403015137,0.773054301738739,0.9262823462486267,0.0,0.04946066811680794,0.4679180681705475,0.281632661819458,0.4714798629283905,0.847428023815155,0.42587557435035706,0.9878323078155518,0.0,,0.7772140502929688,0.0,,,,
GOPR0402_frame_000254,rain,0.9608105421066284,0.9604579210281372,0.0003670037529438768,0.09840120375156403,0.10224919766187668,0.0038479939103126526,4.682685852050781,0.527125895023346,0.8596155643463135,0.5589070320129395,0.697902500629425,0.0,,0.6062269806861877,0.5356200337409973,0.7950451970100403,0.8951262831687927,0.0,0.9605608582496643,0.0,0.0,0.9436320662498474,,,,,
GOPR0402_frame_000120,rain,0.9758762121200562,0.9409168362617493,0.03582357584485345,0.062029026448726654,0.14799627661705017,0.08596725016832352,3.0628437995910645,0.48623037338256836,0.8458524942398071,0.1685461401939392,0.6703134775161743,,0.0,0.42445364594459534,0.0,0.5427046418190002,0.8798293471336365,0.4952513873577118,0.9723384976387024,0.0005665263743139803,,0.8610100746154785,,0.946359395980835,,,0.0
GOPR0402_frame_000435,rain,0.9741054773330688,0.9660108089447021,0.00830984784874633,0.06566937267780304,0.08880992233753204,0.023140549659729004,1.7899837493896484,0.7119155526161194,0.9095253944396973,0.6472414135932922,0.8324189782142639,,0.9031046032905579,0.7940807938575745,0.48388397693634033,0.7458387613296509,0.9538406729698181,0.706039309501648,0.9737331867218018,0.0,,0.4186362326145172,,0.8865587711334229,,,
GOPR0402_frame_000351,rain,0.972206711769104,0.9502730369567871,0.022560710928232062,0.07367056608200073,0.13206851482391357,0.05839794874191284,2.1759421825408936,0.5224743485450745,0.7699262499809265,0.6850823163986206,0.8296833634376526,0.0,0.6873289346694946,0.5162835717201233,0.7104852795600891,0.5126362442970276,0.7051856517791748,0.0,0.9445618987083435,0.0,,0.4309927225112915,,,,,
GOPR0402_frame_000369,rain,0.976656436920166,0.9722322225570679,0.0045299597182301594,0.06072969734668732,0.07287554442882538,0.012145847082138062,0.8962098956108093,0.3510608971118927,0.807617723941803,0.2675868570804596,0.9360944628715515,0.0,,0.0,0.0,0.0,0.9324700832366943,0.3963179886341095,0.9867514371871948,0.0,,0.9390749335289001,0.0,,,0.0,0.0
GOPR0402_frame_000384,rain,0.973237156867981,0.9506105780601501,0.023248782083247436,0.06604333221912384,0.12660713493824005,0.06056380271911621,1.3096625804901123,0.4286908507347107,0.9491618871688843,0.7260072231292725,0.45567193627357483,0.5237364172935486,0.0,0.498869925737381,0.42149531841278076,0.14210526645183563,0.9214077591896057,0.4958730638027191,0.793353259563446,0.0,,0.5026803016662598,0.0,0.0,,,
GOPR0402_frame_000294,rain,0.9743304252624512,0.9653503894805908,0.009216622468989627,0.06545114517211914,0.09417569637298584,0.0287245512008667,1.1174333095550537,0.41176989674568176,0.9537944197654724,0.09787677228450775,0.7905044555664062,0.0,,0.1217309832572937,0.18336115777492523,0.03165735676884651,0.9383606314659119,0.1431039422750473,0.9702719449996948,0.2560271620750427,,0.866320013999939,0.0,,,,
GOPR0402_frame_000402,rain,0.974828839302063,0.969444751739502,0.005523110612099568,0.06229051947593689,0.07916814088821411,0.01687762141227722,2.149479866027832,0.5773560404777527,0.9141311049461365,0.24437987804412842,0.8711971640586853,0.0,0.0,0.3043558597564697,0.4194592535495758,0.5131846070289612,0.9473945498466492,0.7165582776069641,0.9838945269584656,,,0.8069701790809631,,0.7841030955314636,,,
GOPR0402_frame_000365,rain,0.9678764343261719,0.9654793739318848,0.0024766181761515277,0.08116380125284195,0.08941227942705154,0.008248478174209595,2.0128252506256104,0.4522467255592346,0.9235891699790955,0.30213961005210876,0.7484849691390991,0.01960364170372486,0.0,0.5268359780311584,0.653092086315155,0.18262870609760284,0.9004459977149963,0.4798169434070587,0.9805617928504944,0.3020625412464142,,0.7644395232200623,0.0,,,,0.0
GP020402_frame_000914,rain,0.9713811874389648,0.9439882040023804,0.028200034660754967,0.07027344405651093,0.13494837284088135,0.06467492878437042,1.547379970550537,0.5100613832473755,0.7500297427177429,0.7789338231086731,0.5983657240867615,,,0.0,0.0,,0.9357935190200806,0.26214393973350525,0.8655580878257751,0.0,,0.9097883701324463,,,,,
GP020402_frame_001000,rain,0.974894642829895,0.9434922933578491,0.03221101826837607,0.06447096168994904,0.14796875417232513,0.0834977924823761,5.455174922943115,0.3895770311355591,0.8913570642471313,0.658972442150116,0.8202725648880005,0.0,0.0,0.30174216628074646,0.3071046471595764,0.6142757534980774,0.9031547904014587,0.04714621230959892,0.932073712348938,0.0,,0.7668516635894775,0.0,0.3798586428165436,,0.0,0.0
GP020402_frame_000830,rain,0.981256365776062,0.9715552926063538,0.009886379756804951,0.04717394709587097,0.07272131741046906,0.025547370314598083,1.6968179941177368,0.471770703792572,0.9682673215866089,0.6809312701225281,0.6259921789169312,0.7109541893005371,,0.5919885039329529,0.0,0.8899999856948853,0.9470980763435364,0.46884703636169434,0.9766290187835693,,,0.3506200611591339,0.0,0.33700305223464966,0.0,0.0,0.0
GP020402_frame_000939,rain,0.969344973564148,0.957830548286438,0.011878562816070914,0.07803930342197418,0.1076512411236763,0.029611937701702118,2.23555588722229,0.552504301071167,0.8329952955245972,0.4916722774505615,0.6865553855895996,,0.0,0.7310757637023926,0.8619468212127686,0.31737589836120605,0.9091964960098267,0.6312810778617859,0.9678537249565125,0.0,,0.9344949126243591,0.9231165647506714,0.0,,,0.0
GP020402_frame_000883,rain,0.9748880863189697,0.9714056253433228,0.003572164834914099,0.064226895570755,0.0738406851887703,0.00961378961801529,3.448972225189209,0.6542596220970154,0.8237003684043884,0.8953462243080139,0.7292237281799316,,,0.5296598672866821,0.775273859500885,0.5115745067596436,0.8496425151824951,0.6623773574829102,0.9868181943893433,,,0.8980472683906555,0.0,0.8437109589576721,0.0,,
GP020402_frame_000919,rain,0.9721008539199829,0.9763938188552856,-0.0044161723280353995,0.0699404925107956,0.06287706643342972,-0.007063426077365875,3.1431946754455566,0.4769786596298218,0.6675291657447815,0.3589397668838501,0.9355998039245605,,0.0,0.13569286465644836,0.1332082599401474,0.0,0.9137811064720154,0.6776608824729919,0.9878036975860596,,,0.9135287404060364,,,,0.0,
GP020402_frame_001020,rain,0.9691431522369385,0.9518210291862488,0.017873647285203402,0.07765911519527435,0.1306605041027069,0.053001388907432556,2.8259668350219727,0.5323308110237122,0.881219744682312,0.09345187991857529,0.5809738636016846,0.0,0.0,0.5300647020339966,0.8556433320045471,0.8151050806045532,0.953228235244751,0.0022619781084358692,0.9634228944778442,0.5862832069396973,,0.8572089076042175,0.142278254032135,0.7238202691078186,,,
GP020402_frame_000795,rain,0.9768259525299072,0.9662793874740601,0.010796769803837258,0.05869481712579727,0.09073422849178314,0.03203941136598587,0.7538071870803833,0.4559438228607178,0.8679212927818298,0.22317837178707123,0.9036910533905029,0.6990804672241211,0.5791835188865662,0.22755186259746552,0.0,0.0,0.9620087146759033,0.007024938706308603,0.98894864320755,,,0.8378080725669861,0.0,0.8407264947891235,,0.15797756612300873,0.0
GP020402_frame_000615,rain,0.9754763841629028,0.9291548728942871,0.04748604020127637,0.06087355688214302,0.16893050074577332,0.1080569438636303,2.1105000972747803,0.47228220105171204,0.8016032576560974,0.24403886497020721,0.4927791953086853,0.0,0.6875352263450623,0.3161344826221466,0.9082788825035095,0.22814498841762543,0.6735551953315735,,0.7190306782722473,0.2868281304836273,0.0,0.8315929174423218,,,0.8947107195854187,,0.0
GP020402_frame_000599,rain,0.962673544883728,0.9647937417030334,-0.0022024047596918748,0.09645730257034302,0.09373162686824799,-0.0027256757020950317,5.040684700012207,0.3989734351634979,0.7810916900634766,0.033548753708601,0.928555428981781,0.0,0.07997038215398788,0.5810073614120483,0.5978267788887024,0.027945801615715027,0.7269049882888794,,0.9557321667671204,0.0,,0.8730443716049194,0.0,,0.0,,
GP020402_frame_000738,rain,0.9630622863769531,0.8963878154754639,0.06923173210322849,0.09166359901428223,0.2586847245693207,0.16702112555503845,3.5694949626922607,0.2989902198314667,0.6525927186012268,0.00010953462333418429,0.5853310227394104,0.0024669175036251545,0.0,0.07571478933095932,0.0,0.01270849909633398,0.7877092957496643,,0.8460158705711365,0.18618570268154144,,0.7380385398864746,0.0,,,,
GP020402_frame_000966,rain,0.9774547815322876,0.9631520509719849,0.014632626167683255,0.05839028209447861,0.09363619238138199,0.03524591028690338,1.8890454769134521,0.4205476641654968,0.9518262147903442,0.787413477897644,0.8765863180160522,0.34546321630477905,0.0,0.47123032808303833,0.5608989000320435,0.0,0.8849102258682251,0.0,0.9546739459037781,0.0,,0.8957599997520447,,0.0,,0.0,0.0
GP020402_frame_000835,rain,0.9667211771011353,0.9675573706626892,-0.0008649790370907379,0.08279098570346832,0.08504204452037811,0.00225105881690979,2.8060412406921387,0.4359899163246155,0.9549116492271423,0.5752513408660889,0.7841423153877258,0.0,0.0,0.7240940928459167,0.39666667580604553,0.2109479308128357,0.9391891360282898,0.7833476662635803,0.9739258289337158,0.0,,0.626334547996521,0.0,0.007027768064290285,0.0,,
GP020402_frame_000951,rain,0.9789389371871948,0.961435079574585,0.017880438471575836,0.05353819578886032,0.10352665930986404,0.04998846352100372,1.611942172050476,0.3917165696620941,0.5254356861114502,0.03061923384666443,0.9309116005897522,0.0,0.19227947294712067,0.2061581015586853,0.011299435049295425,0.06941244006156921,0.8218887448310852,0.2810254693031311,0.9884806275367737,0.0,,0.9534329771995544,,0.8648042678833008,,,0.0
GP020402_frame_000971,rain,0.9795111417770386,0.9661482572555542,0.013642401617624568,0.052230995148420334,0.08804957568645477,0.03581858053803444,1.6434626579284668,0.3634740114212036,0.9094722270965576,0.6952009201049805,0.7954506874084473,0.0,0.0,0.4598032832145691,0.0076970444060862064,0.0,0.8873151540756226,0.0,0.951361358165741,0.0,,0.74580979347229,0.0,0.0,,,
GP020402_frame_000904,rain,0.9765469431877136,0.961509108543396,0.015398987826678546,0.05821733921766281,0.09779256582260132,0.03957522660493851,1.8132303953170776,0.505114734172821,0.9642216563224792,0.5151069760322571,0.6024357080459595,0.4561329483985901,0.0,0.6229780912399292,,0.0,0.9426387548446655,0.5705060362815857,0.979674220085144,0.0,,0.9127975702285767,0.0,,,,
GP020402_frame_000753,rain,0.9676194190979004,0.9323372840881348,0.03646282200292187,0.08245719224214554,0.17835713922977448,0.09589994698762894,1.5472311973571777,0.3287487328052521,0.9000060558319092,0.08369157463312149,0.8286051750183105,0.13454173505306244,0.0,0.25460511445999146,0.0,0.1395961344242096,0.9019402265548706,0.4761357307434082,0.9587852954864502,0.0,,0.5820730328559875,0.0,0.0,,,0.0
GP020402_frame_000802,rain,0.9831639528274536,0.981770932674408,0.0014168747083034927,0.043144796043634415,0.048567987978458405,0.00542319193482399,1.3827548027038574,0.708163857460022,0.967246949672699,0.7628123760223389,0.9770901799201965,,,0.6325057148933411,0.10000000149011612,0.909050464630127,0.7129732370376587,,0.9882102012634277,0.026706231757998466,,0.9374672770500183,,0.7757399678230286,,,
GP020402_frame_000723,rain,0.9725540280342102,0.943527340888977,0.029845834791765186,0.06767915189266205,0.14629392325878143,0.07861477136611938,1.3431668281555176,0.4225628077983856,0.9174520373344421,0.11234071850776672,0.6614508032798767,0.030699413269758224,0.15796016156673431,0.5241749882698059,,0.0,0.8517853021621704,0.7131847143173218,0.7931953072547913,0.0,,0.7310734391212463,,,,,0.0
GP020402_frame_000863,rain,0.9739708304405212,0.9635217189788818,0.010728361700144259,0.06677155941724777,0.09890151768922806,0.032129958271980286,5.576595783233643,0.5727986693382263,0.8679719567298889,0.10365741699934006,0.7753719091415405,,,0.4813745617866516,0.7730150818824768,0.7843665480613708,0.8784486055374146,0.0,0.9842249751091003,0.0,,0.8659650683403015,,0.9319862127304077,0.0,,
GP020402_frame_000898,rain,0.9743949174880981,0.9737193584442139,0.0006933113307822807,0.06455763429403305,0.06728648394346237,0.0027288496494293213,1.3928838968276978,0.671473503112793,0.6867137551307678,0.13983716070652008,0.8061366081237793,0.6605057120323181,,0.5153022408485413,,0.8418464064598083,0.919375479221344,0.9132672548294067,0.961053192615509,,,0.9421713352203369,,0.0,,,
GP020402_frame_000784,rain,0.9611995220184326,0.9620019197463989,-0.0008347878887137465,0.09921552240848541,0.09931853413581848,0.00010301172733306885,2.4496352672576904,0.5034877061843872,0.7174872159957886,0.2028832733631134,0.8034076690673828,0.21579043567180634,0.08137460798025131,0.3952274024486542,0.6802307963371277,0.2098962515592575,0.9295671582221985,0.64277583360672,0.91971755027771,0.8781362175941467,,0.8758217692375183,,0.0,,,0.0
GP020402_frame_000981,rain,0.977719783782959,0.9654853343963623,0.01251324711271271,0.05667036771774292,0.09176424890756607,0.03509388118982315,1.7641849517822266,0.45049047470092773,0.912067711353302,0.42469120025634766,0.917441189289093,0.0,0.0,0.12005116790533066,0.603234052658081,0.0,0.9061380624771118,0.47801473736763,0.9731321334838867,,,0.9720960259437561,0.0,0.0,,,
GP020402_frame_000644,rain,0.977928102016449,0.9661860466003418,0.012007074213150008,0.0567132867872715,0.08570815622806549,0.02899486944079399,2.3240275382995605,0.5724472999572754,0.7723820209503174,0.5463132262229919,0.8668037056922913,0.3626503050327301,0.4972277581691742,0.6992817521095276,0.0,0.7291988134384155,0.923801600933075,0.0,0.9924808144569397,0.8330896496772766,,0.7910329103469849,,,0.0,,
GP020402_frame_000774,rain,0.9702157378196716,0.9652772545814514,0.005090087693709649,0.07455164194107056,0.09031131863594055,0.015759676694869995,1.549532175064087,0.6991374492645264,0.9575116634368896,0.6740632057189941,0.9226348400115967,0.5812652111053467,0.0,0.676237940788269,,0.36105477809906006,0.9484713077545166,0.6956831812858582,0.9663708209991455,,,0.9072192311286926,,,,,
GP020402_frame_000624,rain,0.9655386805534363,0.955994725227356,0.00988459128510928,0.08826328814029694,0.11954003572463989,0.03127674758434296,2.7948498725891113,0.38478413224220276,0.7445520758628845,0.024385442957282066,0.8002852201461792,0.0,0.5171962976455688,0.32097283005714417,0.0,0.33206894993782043,0.915921151638031,,0.9752868413925171,0.6475015878677368,0.0,0.8783763647079468,0.0,,0.0,,0.0
GP020402_frame_000843,rain,0.9774783849716187,0.955308735370636,0.02268044973170621,0.05771492421627045,0.11920755356550217,0.06149262934923172,3.420535087585449,0.3441271185874939,0.8273828029632568,0.02054794505238533,0.7115785479545593,0.0,0.0,0.3398960828781128,0.5384135842323303,0.07252673804759979,0.8614877462387085,0.0,0.9790269136428833,,,0.4015815258026123,0.0,0.7535922527313232,0.0,,0.0
GP020402_frame_000909,rain,0.9720576405525208,0.9541563391685486,0.01841588446302234,0.06772667169570923,0.11648698151111603,0.0487603098154068,0.8478705883026123,0.42109209299087524,0.9690908789634705,0.16401824355125427,0.7793867588043213,,0.0,0.7529075741767883,0.0,0.02926829271018505,0.8426322340965271,0.13042105734348297,0.9542617797851562,0.0,,0.8522106409072876,,,,0.0,
GP020402_frame_000946,rain,0.9634660482406616,0.9674637317657471,-0.004149272816507334,0.08989778161048889,0.08152197301387787,-0.008375808596611023,2.069303035736084,0.46454712748527527,0.8759958744049072,0.5738914012908936,0.3002719581127167,0.0,0.0,0.512242317199707,0.0,0.0,0.8664493560791016,0.4586615562438965,0.9727903604507446,,,0.9593290090560913,,0.5194805264472961,,,
GP020402_frame_000976,rain,0.9781789779663086,0.9699430465698242,0.00841965682948001,0.05586981400847435,0.07902782410383224,0.023158010095357895,0.9059335589408875,0.5349622368812561,0.9104862809181213,0.6436424255371094,0.9307206869125366,0.0,0.2383650541305542,0.4029093086719513,0.4913793206214905,0.6621243953704834,0.8140971660614014,0.054802779108285904,0.9887033104896545,,,0.817278265953064,,,,,0.0
GP020402_frame_000809,rain,0.9759769439697266,0.9717180728912354,0.004363700455393453,0.061535097658634186,0.07380475848913193,0.012269660830497742,1.0061806440353394,0.6319698095321655,0.9657059907913208,0.4233371615409851,0.9526804089546204,0.004589926451444626,0.2507666051387787,0.5393219590187073,0.5065699815750122,0.9030007123947144,0.9193663001060486,0.8398196697235107,0.9663617610931396,,,0.9180074334144592,,0.6580493450164795,0.0,,
GP020402_frame_000994,rain,0.9703807830810547,0.9368597865104675,0.03454416741303658,0.07526485621929169,0.16664794087409973,0.09138308465480804,5.374969482421875,0.2841651141643524,0.6181382536888123,0.09088467806577682,0.44921866059303284,0.0,0.0,0.6175076961517334,0.0,0.0,0.9252139925956726,0.1842413991689682,0.9230223894119263,0.0,,0.45424962043762207,0.0,,,,0.0
GP020402_frame_000748,rain,0.972108006477356,0.9544245004653931,0.01819088590179814,0.06990581750869751,0.11789534240961075,0.04798952490091324,2.069202423095703,0.38051173090934753,0.8738881349563599,0.0,0.9329453706741333,0.13548670709133148,0.0,0.28054916858673096,0.0,0.004126547370105982,0.8683854341506958,0.6250260472297668,0.9861325025558472,0.10872313380241394,,0.8924132585525513,0.0,,,,0.0
GOPR0400_frame_000107,rain,0.963580846786499,0.9608630537986755,0.0028205136794510525,0.09234997630119324,0.09992290288209915,0.007572926580905914,1.7896320819854736,0.5557065010070801,0.9491915702819824,0.502238392829895,0.9214864373207092,0.0,0.0,0.32026413083076477,0.0,0.7819918394088745,0.9046610593795776,0.7298194169998169,0.9744294285774231,,,0.5843955278396606,,,,,
GOPR0400_frame_000094,rain,0.9747375845909119,0.9680171608924866,0.006894597823782298,0.06385430693626404,0.08317933976650238,0.019325032830238342,0.7257330417633057,0.6868573427200317,0.941824734210968,0.7893344163894653,0.7085254788398743,0.7470353841781616,,0.5620980262756348,,0.8278416991233826,0.9072892665863037,0.16843362152576447,0.9854750633239746,0.0,,0.9175733923912048,,,,,
GOPR0400_frame_000058,rain,0.9546762108802795,0.9591660499572754,-0.004702996658758189,0.1137443408370018,0.10104896128177643,-0.012695379555225372,3.092254638671875,0.4551456868648529,0.8851626515388489,0.0,0.9212354421615601,0.0,0.0,0.43041202425956726,0.0,0.0,0.9278308749198914,0.9037221670150757,0.9739829301834106,0.0,,0.8745477795600891,,,,,
GOPR0400_frame_000087,rain,0.9605534076690674,0.956429660320282,0.004293095285416105,0.10378760099411011,0.1162944883108139,0.012506887316703796,1.3631162643432617,0.5170171856880188,0.7331182360649109,0.27318114042282104,0.8902748227119446,0.6080907583236694,,0.32772383093833923,0.0,0.5919390320777893,0.8429487347602844,0.8377373218536377,0.9471130967140198,,,0.6690962314605713,0.0,,0.0,,
GOPR0400_frame_000114,rain,0.9714482426643372,0.9593823552131653,0.012420514853034565,0.07172074168920517,0.10232479870319366,0.030604057013988495,2.3848938941955566,0.5926200747489929,0.8166385889053345,0.4813302159309387,0.9132649302482605,0.09047219157218933,0.7915745377540588,0.5448461174964905,0.2615942060947418,0.6781290769577026,0.7933856248855591,0.0,0.9867271780967712,0.5103999972343445,,0.8356986045837402,,,,,
GOPR0400_frame_000150,rain,0.9721696972846985,0.9653170108795166,0.007048858191973148,0.0708416998386383,0.09206205606460571,0.021220356225967407,1.1840248107910156,0.43879425525665283,0.6768046617507935,0.015489612706005573,0.7524825930595398,0.09635550528764725,0.0,0.3258697986602783,0.0,0.29854097962379456,0.9607690572738647,0.8283632397651672,0.9824167490005493,0.0,,0.76723313331604,,,,,
GOPR0400_frame_000125,rain,0.9687315225601196,0.9730929732322693,-0.004502228456034062,0.08153587579727173,0.06887226551771164,-0.012663610279560089,1.8485870361328125,0.5090314745903015,0.9562011361122131,0.012812482193112373,0.9480336308479309,0.1982593685388565,0.0,0.5690951943397522,0.21280433237552643,0.42340150475502014,0.9158439040184021,0.07510080933570862,0.9820746779441833,,,0.8147508502006531,,,,,
GP030400_frame_000121,rain,0.9794142246246338,0.9740753769874573,0.00545106191888528,0.051800258457660675,0.06675098836421967,0.01495072990655899,1.4014613628387451,0.4532857835292816,0.844131350517273,0.053199026733636856,0.8681541681289673,,0.048128340393304825,0.2720026969909668,0.0,0.5723947286605835,0.9054290056228638,0.027149321511387825,0.987650454044342,0.0,,0.8611900210380554,,,,,
GP030400_frame_000135,rain,0.9765102863311768,0.9663887023925781,0.010365056033332359,0.05862532556056976,0.08883848786354065,0.030213162302970886,2.8895461559295654,0.4383304715156555,0.95066899061203,0.7296382188796997,0.2648746967315674,0.1339774876832962,0.30700933933258057,0.28934869170188904,0.0,0.3522073030471802,0.9439675211906433,0.3178922235965729,0.9558969736099243,0.0,,0.9006254076957703,,0.8671807646751404,0.0,,0.0
GP030400_frame_000129,rain,0.9733075499534607,0.967736005783081,0.005724340793824765,0.06965780258178711,0.08418694883584976,0.014529146254062653,1.3426809310913086,0.5638559460639954,0.936043381690979,0.25658169388771057,0.7942565083503723,0.4575655162334442,0.2713874280452728,0.42246881127357483,,0.8187227249145508,0.8938983678817749,0.46501424908638,0.9859120845794678,,,0.464420884847641,,0.0,,,
GP030400_frame_000184,rain,0.965345025062561,0.9688537120819092,-0.003634645532849047,0.08739542961120605,0.07946225255727768,-0.007933177053928375,1.315349817276001,0.5084028840065002,0.6958193778991699,0.03366333991289139,0.956278383731842,,0.2931405305862427,0.22549378871917725,,0.626328706741333,0.9176248908042908,0.7491584420204163,0.9739900231361389,0.0,,0.6293374300003052,0.0,,,,
GP030400_frame_000154,rain,0.9707701802253723,0.9623140096664429,0.008710785151907346,0.07335758209228516,0.09795358031988144,0.024595998227596283,3.459987163543701,0.36624088883399963,0.8319215178489685,0.866783857345581,0.0,,0.4990430176258087,0.2560952603816986,0.0,0.0075329565443098545,0.7696320414543152,0.0,0.9911092519760132,,,0.8651174306869507,0.0,0.040136903524398804,0.0,,
GOPR0572_frame_000756,rain,0.9655668139457703,0.9648107290267944,0.0007830477396542101,0.08822066336870193,0.09425851702690125,0.00603785365819931,4.986606597900391,0.49707654118537903,0.8302263617515564,0.5645841956138611,0.8966538310050964,,,0.25337886810302734,0.0,0.6253727674484253,0.78224116563797,0.0,0.990114688873291,,,0.5252701044082642,,,0.0,,
GOPR0572_frame_000820,rain,0.9917738437652588,0.9855958223342896,0.006229264269787357,0.02141779102385044,0.03932974860072136,0.01791195757687092,4.524747848510742,0.33568713068962097,0.67729651927948,0.1506824940443039,0.9790729880332947,,,0.05288461595773697,,0.0,0.6447274088859558,0.0,0.9840958118438721,0.0,,0.8751726150512695,,,0.0,0.0,0.0
GOPR0572_frame_000736,rain,0.9728201627731323,0.9694274663925171,0.0034874856377042174,0.0737355500459671,0.08218777179718018,0.008452221751213074,5.042780876159668,0.4759902060031891,0.7982633709907532,0.016657793894410133,0.6620151996612549,,0.4689256548881531,0.23994100093841553,0.0,0.058589305728673935,0.9367028474807739,0.7630360126495361,0.9613579511642456,0.0,,0.8063932061195374,,,,,
GOPR0572_frame_000830,rain,0.9824997782707214,0.966870903968811,0.01590725462589511,0.04529283568263054,0.08979465067386627,0.04450181499123573,4.849949836730957,0.5798342227935791,0.7836461067199707,0.5798481106758118,0.9457484483718872,0.0,,0.40260300040245056,,0.8576934933662415,0.795210063457489,0.07006369531154633,0.9779527187347412,0.0,,0.905456006526947,,,,,0.6397882699966431
GOPR0572_frame_000752,rain,0.9782059192657471,0.9635931253433228,0.0149383616324968,0.054961469024419785,0.09348691999912262,0.038525450974702835,5.044064044952393,0.5028550028800964,0.7170112133026123,0.3512333929538727,0.7034231424331665,0.0,,0.5667598843574524,0.844848096370697,0.8164961934089661,0.9381579756736755,0.7741948962211609,0.9850383996963501,0.0,,0.3428063988685608,,,0.0,,0.0
GOPR0572_frame_000825,rain,0.9862921237945557,0.9791536331176758,0.007237704157099997,0.03535468876361847,0.05324959009885788,0.01789490133523941,6.820073127746582,0.6443895101547241,0.9638131260871887,0.9689332246780396,0.852695643901825,,,0.569057822227478,,0.8265236020088196,0.8994746208190918,0.0,0.979997456073761,0.0,,0.8508353233337402,,,0.8213431239128113,,0.0
GOPR0572_frame_000860,rain,0.9715641736984253,0.9777972102165222,-0.006415465517028225,0.07062100619077682,0.05984135717153549,-0.010779649019241333,6.002958297729492,0.38740473985671997,0.9160231947898865,0.03600863739848137,0.9091849327087402,0.0,0.0,0.11778029799461365,,0.32983192801475525,0.9005457162857056,0.0,0.9852263331413269,,,0.84166020154953,,,,0.0,0.0
GOPR0572_frame_000740,rain,0.9728624224662781,0.9536198973655701,0.019779286832904818,0.07097357511520386,0.12369611114263535,0.05272253602743149,5.480620384216309,0.34796151518821716,0.9041377305984497,0.3700639307498932,0.7622986435890198,,0.7520439624786377,0.42886847257614136,0.0,0.0,0.8640168309211731,0.0,0.985971987247467,0.20527145266532898,,0.2947114109992981,0.0,,0.0,0.0,0.0
GOPR0572_frame_000760,rain,0.9732086658477783,0.9565833806991577,0.017082960274822912,0.0667855441570282,0.11478234082460403,0.047996796667575836,4.814163684844971,0.33366870880126953,0.8794962763786316,0.5266004800796509,0.6457942128181458,0.0,0.0,0.228925883769989,0.0,0.03461538627743721,0.9049829244613647,0.0,0.9725490212440491,0.0,,0.8120661973953247,0.0,,0.0,,
GOPR0572_frame_000748,rain,0.9729775190353394,0.9513598680496216,0.022218037252258682,0.06942170858383179,0.12981779873371124,0.060396090149879456,5.580217361450195,0.39073124527931213,0.9053999185562134,0.22566425800323486,0.7167996764183044,0.6211997866630554,0.32298582792282104,0.4368852376937866,0.7902097702026367,0.0,0.6884288787841797,0.29980358481407166,0.9894952178001404,0.0,,0.31921103596687317,0.0,0.0,0.3263482451438904,0.0,
GOPR0572_frame_000773,rain,0.9639803171157837,0.9334498047828674,0.03167130228089109,0.09236834943294525,0.17408645153045654,0.08171810209751129,4.587846279144287,0.3789037764072418,0.7432201504707336,0.0862632542848587,0.7368921637535095,0.0,0.1421491652727127,0.10500586777925491,0.42134830355644226,0.0,0.9018834829330444,0.35040944814682007,0.9476860165596008,0.0,,0.8697950839996338,,,0.0,,
GOPR0572_frame_000836,rain,0.9722203612327576,0.9703086614608765,0.0019663235089973515,0.07195188105106354,0.07682245969772339,0.004870578646659851,6.594217777252197,0.3747577369213104,0.6512167453765869,0.25559404492378235,0.9164519906044006,0.0,0.0,0.08610849827528,0.0,0.5673055648803711,0.8272430300712585,0.0,0.9880689382553101,0.39694324135780334,0.0,0.9324337840080261,0.0,,,,
GOPR0572_frame_000778,rain,0.9756433367729187,0.9627566337585449,0.013208415818135193,0.060333624482154846,0.1003815233707428,0.04004789888858795,4.804363250732422,0.4527132511138916,0.8131574988365173,0.4206971526145935,0.6932176351547241,0.8885442614555359,0.04093671962618828,0.3669257164001465,0.4396946430206299,0.2868020236492157,0.7572435140609741,0.0,0.9880231618881226,0.0,,0.6427431106567383,0.0,,,,
GP010400_frame_000380,rain,0.9771658778190613,0.9710414409637451,0.006267550813695826,0.0586966946721077,0.07702508568763733,0.018328391015529633,1.560179591178894,0.4450128972530365,0.8266828656196594,0.0,0.9229084253311157,0.0,0.0,0.0468127503991127,0.5640789866447449,0.8940808176994324,0.8837951421737671,0.0,0.9758386015892029,0.0,,0.6709702610969543,,,,,
GP010400_frame_000234,rain,0.9677202701568604,0.9664270281791687,0.0013363799480176496,0.0820685625076294,0.09103834629058838,0.008969783782958984,1.3345108032226562,0.4859916567802429,0.6360104084014893,0.03403492644429207,0.8456819653511047,0.0,0.39343854784965515,0.4383300542831421,0.7803497314453125,0.6869340538978577,0.8594408631324768,0.12277112156152725,0.9848573803901672,0.0,0.0,0.8770169019699097,,0.8823385238647461,0.720653772354126,,0.0
GP010400_frame_000214,rain,0.965882420539856,0.9602700471878052,0.005810617498150251,0.08612392842769623,0.10561373084783554,0.019489802420139313,1.455230712890625,0.4324527382850647,0.6519818902015686,0.03531017154455185,0.9173170924186707,0.0,0.7189314961433411,0.49388548731803894,0.774998664855957,0.6268439292907715,0.8847533464431763,0.0,0.9864476919174194,0.0,0.0,0.8580772876739502,0.0,0.8356021046638489,0.0,,0.0
GP010400_frame_000360,rain,0.9608906507492065,0.9560241103172302,0.005064614144737213,0.10150092095136642,0.11457432806491852,0.013073407113552094,3.2267932891845703,0.4850016236305237,0.8770285844802856,0.8261635899543762,0.8829439878463745,0.0,0.0,0.4149450361728668,0.5615763664245605,0.7014325857162476,0.8823254108428955,0.7933062314987183,0.9854288101196289,0.0,0.0,0.8348749279975891,,,,0.0,0.0
GP010400_frame_000290,rain,0.9644566774368286,0.9619215726852417,0.0026285314671043347,0.09090832620859146,0.09840574860572815,0.007497422397136688,3.2927603721618652,0.5658555626869202,0.8430809378623962,0.1628396362066269,0.8295422196388245,0.4702068567276001,0.3398197591304779,0.7016298770904541,0.7713215947151184,0.4500611424446106,0.8784846067428589,0.0,0.9755314588546753,0.6951894760131836,,0.8042694330215454,0.0,,,,
GP010400_frame_000350,rain,0.9660128355026245,0.9553213119506836,0.011067682590057101,0.0834607407450676,0.11052678525447845,0.027066044509410858,1.4440746307373047,0.634746253490448,0.8514890670776367,0.6352754235267639,0.8674866557121277,0.3556886315345764,,0.3133673071861267,0.7967742085456848,0.6353421807289124,0.9365711212158203,0.6343042254447937,0.985400915145874,0.36090776324272156,,0.8790937662124634,,,,,0.0
GOPR0571_frame_000275,rain,0.9672656059265137,0.9666961431503296,0.000588734642075136,0.08156976103782654,0.08657054603099823,0.005000784993171692,4.262783050537109,0.5533464550971985,0.716067910194397,0.14698976278305054,0.9402233958244324,0.6788421273231506,0.8304187059402466,0.2211291640996933,,0.3456234633922577,0.9152306914329529,0.018808776512742043,0.9783756732940674,0.8478944301605225,0.0,0.47343966364860535,0.8136724829673767,,,,0.3734806776046753
GOPR0571_frame_000232,rain,0.9615048170089722,0.9675111770629883,-0.0062468329698360065,0.10180872678756714,0.08455897867679596,-0.01724974811077118,5.973069667816162,0.5880568623542786,0.949709415435791,0.4874923825263977,0.8923589587211609,0.0,0.0,0.7004145383834839,,0.741960346698761,0.8804755806922913,0.6864195466041565,0.9919092059135437,0.7170771956443787,0.0,0.692847728729248,0.8717774748802185,,,0.0,0.7964668869972229
GOPR0604_frame_000413,snow,0.9712592959403992,0.9606192111968994,0.010954937243250135,0.07486425340175629,0.10547593235969543,0.030611678957939148,5.499022483825684,0.5201126337051392,0.9267097115516663,0.6658348441123962,0.8676711320877075,0.7504658699035645,0.0,0.614650309085846,0.8002722263336182,0.656814694404602,0.8503931760787964,0.0,0.9751930832862854,0.0,0.0,0.8229270577430725,0.0,0.910983145236969,,0.0,
GOPR0604_frame_000439,snow,0.9728248119354248,0.9650286436080933,0.008013948813334294,0.06938708573579788,0.0927744060754776,0.023387320339679718,6.016343116760254,0.4551614224910736,0.9788455367088318,0.35516390204429626,0.6379863023757935,0.0,0.0,0.6114675998687744,,0.0,0.8836120963096619,0.0,0.9349008202552795,0.3772455155849457,0.4049689471721649,0.6275191903114319,0.9667607545852661,,,,0.04895104840397835
GOPR0604_frame_000300,snow,0.9759339094161987,0.9668790102005005,0.009278188856387797,0.06080453097820282,0.0864301323890686,0.025625601410865784,5.3548688888549805,0.406501442193985,0.6691761612892151,0.011345835402607918,0.8821871280670166,0.0,0.0,0.4531756341457367,0.5278638005256653,0.09304426610469818,0.7598960399627686,0.2839146554470062,0.989005446434021,0.0,,0.7824713587760925,0.6454418897628784,,0.0,,
GOPR0604_frame_000284,snow,0.9756489396095276,0.9533941745758057,0.02281021779670719,0.06420419365167618,0.1232583299279213,0.05905413627624512,5.322717666625977,0.39065977931022644,0.796829104423523,0.38734984397888184,0.7533369064331055,0.0,0.3796864449977875,0.09677419066429138,0.13596491515636444,0.0,0.9472989439964294,0.5235648155212402,0.9511486291885376,0.0,,0.8879431486129761,,,,0.0,0.0
GOPR0604_frame_000455,snow,0.9822170734405518,0.9651961922645569,0.017329042085455697,0.04578306898474693,0.08922724425792694,0.04344417527318001,5.139847278594971,0.53920978307724,0.972061276435852,0.41345471143722534,0.7358974814414978,0.0,0.795247495174408,0.6397848129272461,0.2794715464115143,0.6430646181106567,0.9082066416740417,0.03313382342457771,0.9134507775306702,0.02379286289215088,,0.6521614193916321,,,,,
GOPR0604_frame_000433,snow,0.9785531759262085,0.9735431671142578,0.005119812478264704,0.05684459209442139,0.06695437431335449,0.010109782218933105,4.951333045959473,0.6019564867019653,0.722032368183136,0.3539483845233917,0.7940741777420044,0.46144095063209534,0.0,0.4579046368598938,0.6190419793128967,0.13757148385047913,0.9559595584869385,0.09063227474689484,0.9759286642074585,0.9200312495231628,,0.8357944488525391,0.7780110239982605,0.9269769787788391,,,
GOPR0604_frame_000278,snow,0.9721548557281494,0.9538429975509644,0.018836359126248238,0.06936447322368622,0.11810331046581268,0.048738837242126465,5.336447238922119,0.48801136016845703,0.9681859612464905,0.6312651038169861,0.9014983177185059,,,0.702968955039978,0.0,0.0,0.7255885601043701,0.5373651385307312,0.8707687258720398,0.19614148139953613,0.0,0.8103653192520142,,,,,0.0
GOPR0604_frame_000290,snow,0.9696606993675232,0.9694309234619141,0.00023696526361164605,0.07912306487560272,0.08009615540504456,0.0009730905294418335,6.008502006530762,0.34872016310691833,0.676338255405426,0.13538111746311188,0.9491825699806213,0.0,0.0,0.3354678153991699,0.6798672676086426,0.0,0.8746017813682556,0.014217252843081951,0.965080738067627,0.0,,0.949385941028595,0.0,,0.0,,0.0
GOPR0604_frame_000310,snow,0.9764680862426758,0.9697123765945435,0.006918515488757318,0.060888368636369705,0.08018764853477478,0.019299279898405075,4.856639862060547,0.46499103307724,0.9809114933013916,0.9140840768814087,0.8874557018280029,0.2567337155342102,0.21205700933933258,0.5874276757240295,0.0,0.0,0.8359540104866028,0.0,0.993492603302002,0.0,,0.11452282220125198,0.7272355556488037,,,,
GOPR0604_frame_000393,snow,0.9712592959403992,0.9631975889205933,0.008300262319752342,0.07486425340175629,0.09545544534921646,0.020591191947460175,5.610857009887695,0.6400232911109924,0.9294015765190125,0.6228241324424744,0.882921040058136,0.744890034198761,0.0,0.5455025434494019,0.794307291507721,0.6920523643493652,0.8435938954353333,0.0,0.9721152782440186,0.0,,0.8461481928825378,0.8530476689338684,0.8735451102256775,,,
GOPR0604_frame_000460,snow,0.971598744392395,0.9660914540290833,0.0056682764756690535,0.07133954763412476,0.08820587396621704,0.016866326332092285,4.960450172424316,0.42441731691360474,0.9161772727966309,0.6703135967254639,0.5661877989768982,8.798363705864176e-05,0.09417665004730225,0.47443416714668274,0.48775866627693176,0.29906731843948364,0.8781723976135254,0.009904798120260239,0.9867140054702759,0.0,,0.5588474869728088,,,,,0.0
GOPR0604_frame_000488,snow,0.9711258411407471,0.9494785070419312,0.022290966792190284,0.07601585239171982,0.12208584696054459,0.04606999456882477,5.004977226257324,0.5146965980529785,0.7971410751342773,0.5456986427307129,0.8623648881912231,0.8913090825080872,0.42115581035614014,0.589956521987915,0.4129915237426758,0.7014173269271851,0.8752336502075195,0.0,0.9895872473716736,0.5487121939659119,,0.41547513008117676,0.6987993121147156,0.0,0.0,,0.0
GOPR0604_frame_000337,snow,0.9782938957214355,0.9656969904899597,0.012876401618986203,0.05615438520908356,0.08517038077116013,0.02901599556207657,4.976346969604492,0.4491305351257324,0.891409158706665,0.38603875041007996,0.9238919615745544,0.0,,0.49096906185150146,0.7712516188621521,0.7136929631233215,0.8297789096832275,0.01056958269327879,0.9887757301330566,0.0,0.0,0.7305801510810852,0.0,,,,0.0
GOPR0604_frame_000445,snow,0.9803688526153564,0.9716978669166565,0.008844615561910166,0.05023651942610741,0.0743083506822586,0.0240718312561512,5.896477699279785,0.4210755527019501,0.9778732061386108,0.6810097098350525,0.2519465684890747,0.0,0.0,0.3283728361129761,0.0,0.0,0.9398437738418579,0.015384615398943424,0.9695866703987122,,,0.8888888955116272,,,,,
GOPR0604_frame_000465,snow,0.9816263318061829,0.9665508270263672,0.015357681571662892,0.04825722798705101,0.08479107916355133,0.03653385117650032,4.967338562011719,0.6165421009063721,0.9573337435722351,0.8660425543785095,0.8346726298332214,0.0038018296472728252,,0.5002561807632446,0.0,0.8136892914772034,0.6905227899551392,0.20893968641757965,0.9772965312004089,,,0.9294081330299377,,,,,
GOPR0604_frame_000332,snow,0.973120927810669,0.9618659019470215,0.011565906586049888,0.06893162429332733,0.09943866729736328,0.03050704300403595,4.541241645812988,0.5029268860816956,0.9371863603591919,0.6395804286003113,0.768785297870636,0.0,0.0,0.38260984420776367,0.6167512536048889,0.0,0.9104625582695007,0.16617192327976227,0.9629362225532532,0.7702909708023071,,0.8862017393112183,0.0,,,,
GOPR0604_frame_000470,snow,0.9807744026184082,0.974160373210907,0.006743680628701876,0.050926826894283295,0.06839840114116669,0.017471574246883392,4.7538743019104,0.6001458168029785,0.9770602583885193,0.9257649183273315,0.945935070514679,0.0,0.0,0.5507822036743164,0.4549878239631653,0.23855867981910706,0.829349935054779,0.0,0.9832789301872253,0.7291666865348816,,0.9734886884689331,0.7936679720878601,,,,
GOPR0604_frame_000316,snow,0.9654887914657593,0.9673528671264648,-0.0019307066616159763,0.08832407742738724,0.08455342054367065,-0.0037706568837165833,5.809059143066406,0.4836832582950592,0.9673970937728882,0.7906676530838013,0.9434929490089417,0.3881632089614868,0.05387930944561958,0.7038401365280151,0.6331295371055603,0.0,0.9036856293678284,0.0,0.9848466515541077,0.4024633765220642,,0.0,0.0,,,,
GOPR0604_frame_000327,snow,0.9793411493301392,0.9687780141830444,0.010785960588361076,0.05299981310963631,0.08099822700023651,0.027998413890600204,5.344733238220215,0.577129602432251,0.9713462591171265,0.8460191488265991,0.8712321519851685,,0.35082828998565674,0.1050863191485405,0.2775510251522064,0.5612903237342834,0.7897716760635376,0.0,0.9910447001457214,,,0.5842564105987549,,,,,
GOPR0604_frame_000322,snow,0.9755818843841553,0.9709639549255371,0.004733512875957249,0.06303322315216064,0.0770445242524147,0.014011301100254059,4.75021505355835,0.41001057624816895,0.9756222367286682,0.634364664554596,0.8729279041290283,0.0,0.0,0.01944788359105587,0.0,0.69140625,0.7358309030532837,0.013939306139945984,0.9865607023239136,0.7590970993041992,,0.05095108598470688,,,,,0.0
GOPR0604_frame_000373,snow,0.9731624722480774,0.964677631855011,0.008718832207203257,0.07006452232599258,0.0908779501914978,0.02081342786550522,6.157062530517578,0.4457537531852722,0.8864877223968506,0.3120999336242676,0.7840964794158936,0.7784011363983154,0.0,0.6064271926879883,0.742321252822876,0.6529525518417358,0.8761829137802124,0.0,0.9772164225578308,0.0,,0.9616280794143677,0.0,0.0,0.0,,0.0
GOPR0604_frame_000478,snow,0.9766782522201538,0.9679851531982422,0.008900678307460991,0.05932960286736488,0.08444429934024811,0.025114696472883224,4.224292755126953,0.5218111872673035,0.981925904750824,0.8554284572601318,0.69779372215271,0.952896773815155,0.0,0.15077830851078033,0.7121029496192932,0.4658048450946808,0.893034815788269,0.0,0.9744861721992493,0.0,0.0,0.5969447493553162,0.8971204161643982,,,0.692473828792572,0.0
GOPR0604_frame_000305,snow,0.9762486219406128,0.9589245319366455,0.017745571606620335,0.06016466021537781,0.10060342401266098,0.04043876379728317,5.212247848510742,0.5527292490005493,0.9395967125892639,0.7183439135551453,0.8157183527946472,0.2713357210159302,0.0,0.5268504619598389,0.6450621485710144,0.40918803215026855,0.8886774778366089,0.0,0.9866072535514832,0.6590213775634766,,0.8778089284896851,0.0,,,,
GP020607_frame_000162,snow,0.9660331010818481,0.9285798072814941,0.0387701967672832,0.08746371418237686,0.17937029898166656,0.0919065847992897,1.5130070447921753,0.35166242718696594,0.9049493670463562,0.37789711356163025,0.20947960019111633,0.0,0.5960018038749695,0.38189759850502014,0.0,0.10946612805128098,0.9295769929885864,0.23309703171253204,0.7774583697319031,0.0,,0.7551122307777405,0.0,,,,0.0
GP020607_frame_000149,snow,0.9474109411239624,0.8879468441009521,0.06276484027598048,0.12857455015182495,0.2746153473854065,0.14604079723358154,2.1185903549194336,0.3604046106338501,0.6836894750595093,0.023598624393343925,0.2857789099216461,0.0,0.4960399270057678,0.47547993063926697,0.0,0.38425198197364807,0.7336947917938232,0.0,0.6895008087158203,0.0,,0.9132254719734192,,,,,
GP020607_frame_000226,snow,0.9400557279586792,0.9067596197128296,0.035419291539192925,0.15625257790088654,0.221628338098526,0.06537576019763947,3.8362631797790527,0.3130713999271393,0.6371331810951233,0.22556361556053162,0.2632211744785309,0.0,0.11394397169351578,0.3093470335006714,0.0,0.8076624870300293,0.8760194182395935,0.0030770362354815006,0.3162727355957031,0.0,,0.8307586312294006,,,,,0.0
GP020607_frame_000001,snow,0.9759133458137512,0.9736649990081787,0.002303838544865244,0.061183929443359375,0.07111720740795135,0.00993327796459198,1.077856183052063,0.45099949836730957,0.9647751450538635,0.0700915977358818,0.9138728380203247,0.750867486000061,0.13914081454277039,0.5231932997703552,0.732448399066925,0.7600651979446411,0.9223207235336304,0.0,0.9810459613800049,0.0,,0.40777820348739624,0.050392504781484604,0.0,0.0,,
GP020607_frame_000201,snow,0.9493591785430908,0.9131811857223511,0.03810780288149879,0.12889084219932556,0.2228602170944214,0.09396937489509583,1.4163873195648193,0.3171956539154053,0.619418740272522,0.0033800709061324596,0.07463645190000534,0.0,0.018018018454313278,0.07645054906606674,0.0,0.4394904375076294,0.847258985042572,0.36779120564460754,0.7307775020599365,,,0.6291261911392212,,,,,
GOPR0122_frame_000376,snow,0.960723876953125,0.9591177105903625,0.0016718293201351598,0.09724405407905579,0.09890440106391907,0.0016603469848632812,2.9012861251831055,0.45377063751220703,0.744389533996582,0.3277570903301239,0.8658022880554199,0.9438265562057495,0.0,0.06349953263998032,0.0,0.3177676498889923,0.842322826385498,0.35320737957954407,0.9666879773139954,,,0.927527666091919,,,,0.0,0.0
GOPR0122_frame_000425,snow,0.9647485613822937,0.9594850540161133,0.005455833283732004,0.08639565855264664,0.10284693539142609,0.01645127683877945,3.993431568145752,0.33063364028930664,0.5646273493766785,0.0,0.5105146169662476,0.0011855514021590352,0.0,0.5827263593673706,0.24793387949466705,0.0,0.7333563566207886,0.0,0.8022022247314453,,,0.4816179573535919,0.0,,0.7047065496444702,,
GOPR0122_frame_000312,snow,0.9549410939216614,0.9661428332328796,-0.011730293381671418,0.11241737008094788,0.08411291986703873,-0.02830445021390915,3.0875601768493652,0.549454927444458,0.7071552872657776,0.06972607225179672,0.8139352798461914,0.8050763607025146,,0.0,,0.014285714365541935,0.6568264365196228,,0.955374002456665,,,0.9227151870727539,,,,,
GOPR0122_frame_000085,snow,0.9823070168495178,0.9501460790634155,0.032740209432533265,0.045563843101263046,0.11920002102851868,0.07363617792725563,4.771711349487305,0.5096877813339233,0.7511308193206787,0.4137442409992218,0.7619794607162476,0.33463457226753235,0.8654777407646179,0.6695064902305603,0.0,0.7341040372848511,0.8983691930770874,0.0,0.8519432544708252,0.08302169293165207,,0.7717177271842957,,,0.0,,
GOPR0122_frame_000419,snow,0.968613862991333,0.983058750629425,-0.014912947295997783,0.07812030613422394,0.04500945284962654,-0.0331108532845974,4.4255218505859375,0.389026939868927,0.5554717183113098,0.10212486237287521,0.8630977869033813,0.08788765966892242,0.0,0.04444444552063942,0.0,0.5158069729804993,0.9540694952011108,,0.9901584386825562,0.0,,0.8064475059509277,0.7245922088623047,,0.12121212482452393,0.0700903981924057,
GOPR0122_frame_000070,snow,0.9601064920425415,0.9669449329376221,-0.007122585755364003,0.10351242125034332,0.08558836579322815,-0.017924055457115173,3.7752695083618164,0.5263676047325134,0.9716346263885498,0.5930814743041992,0.4822598993778229,0.9135344624519348,0.23490625619888306,0.43274393677711487,,0.0,0.875068724155426,0.093635693192482,0.9178414940834045,0.0,,0.8017050623893738,,,,,
GOPR0122_frame_000332,snow,0.971727728843689,0.9840284585952759,-0.012658617491175268,0.0731361135840416,0.040851060301065445,-0.03228505328297615,3.842733383178711,0.40757620334625244,0.708345890045166,0.1660325825214386,0.6736586093902588,0.0,0.0,0.5501147508621216,0.0,0.7289248704910278,0.7700095772743225,,0.9885262250900269,0.0,,0.7128778100013733,,,,,0.0
GOPR0122_frame_000064,snow,0.9754413962364197,0.951644778251648,0.02439574312985858,0.06392956525087357,0.12205446511507034,0.05812489986419678,4.058568477630615,0.4236627221107483,0.8398107886314392,0.270189106464386,0.0844230130314827,0.0,0.24821655452251434,0.6904738545417786,,0.3648366928100586,0.8596076369285583,0.0,0.9220463037490845,0.817189633846283,,0.8344841003417969,0.0,0.0,,,
GOPR0122_frame_000370,snow,0.9657840728759766,0.9653438329696655,0.00045583677979042607,0.08714701235294342,0.08744153380393982,0.0002945214509963989,4.131749629974365,0.41344135999679565,0.674439549446106,0.1621750444173813,0.8245198726654053,0.8207104802131653,0.0,0.11210482567548752,,0.07500000298023224,0.6931643486022949,0.18315280973911285,0.9220826625823975,0.0,,0.9073882102966309,,,0.0,,
GOPR0122_frame_000049,snow,0.9657056331634521,0.9663519263267517,-0.0006692444720343951,0.0862494707107544,0.08502525091171265,-0.001224219799041748,5.044507026672363,0.4609440267086029,0.3658396601676941,0.059873659163713455,0.8889769911766052,0.0,0.15127798914909363,0.5134332180023193,0.0,0.7101414203643799,0.9244132041931152,,0.9548453092575073,0.6232998371124268,,0.8001713752746582,,,,,0.0
GOPR0122_frame_000121,snow,0.9779163002967834,0.9668136835098267,0.011353340434200656,0.0572223886847496,0.08226694911718369,0.025044560432434082,6.601403713226318,0.4071936309337616,0.6945739388465881,0.013567019253969193,0.7322866916656494,0.10589538514614105,0.3013201057910919,0.589661180973053,,0.8104009628295898,0.8270695209503174,0.0,0.9699910283088684,0.5731953978538513,0.0,0.8971369862556458,,0.0,0.0,,0.0
GOPR0122_frame_000327,snow,0.9747828245162964,0.9810753464698792,-0.006455306485475012,0.06396525353193283,0.050984472036361694,-0.012980781495571136,1.9790198802947998,0.5039949417114258,0.4452328383922577,0.04333047568798065,0.94031822681427,0.8968366384506226,0.42731529474258423,0.2720927298069,,0.649350643157959,0.8826131820678711,,0.9868542551994324,,,0.0,,0.0,,,
GOPR0122_frame_000099,snow,0.9633869528770447,0.9701780080795288,-0.007049145840839929,0.08966774493455887,0.07505398988723755,-0.01461375504732132,4.859946250915527,0.3604107201099396,0.7490789294242859,0.050687525421381,0.7509024739265442,0.0,0.0,0.0830192044377327,0.0,0.5360954403877258,0.7597655653953552,,0.9379526376724243,0.19288493692874908,,0.6407327651977539,0.0,,0.0,,0.7050410509109497
GOPR0122_frame_000337,snow,0.9718108773231506,0.9862731695175171,-0.014881796842390584,0.07032771408557892,0.03652902692556381,-0.033798687160015106,1.5470325946807861,0.4866103231906891,0.5987407565116882,0.0010615125065669417,0.9768199920654297,0.07999083399772644,0.4008197486400604,0.4736842215061188,0.0,0.5977663397789001,0.8769264817237854,0.0,0.9890156388282776,0.886983335018158,,0.9307349324226379,0.0,,,,
GOPR0122_frame_000364,snow,0.9626030325889587,0.9746625423431396,-0.012528019568426028,0.0961853563785553,0.06351354718208313,-0.03267180919647217,2.9646599292755127,0.4979099929332733,0.6523891687393188,0.06202363967895508,0.839851438999176,0.8228746652603149,0.0,0.0,,0.4305555522441864,0.7650490403175354,0.0,0.9626032710075378,,,0.9416630268096924,,,,,
GOPR0122_frame_000040,snow,0.977154552936554,0.9816263914108276,-0.00457638805966875,0.059773072600364685,0.04826115816831589,-0.011511914432048798,3.5459060668945312,0.47578999400138855,0.6772456765174866,0.0702168345451355,0.9268423318862915,,0.0,0.6698765158653259,,0.27454909682273865,0.971645176410675,0.0,0.9729982614517212,0.6989685297012329,,0.92292720079422,,0.0,0.0,,
GOPR0122_frame_000358,snow,0.9493478536605835,0.9750217795372009,-0.027043749566804234,0.12365912646055222,0.0630410686135292,-0.06061805784702301,2.6403303146362305,0.48587384819984436,0.7180848717689514,0.014621676877140999,0.9461527466773987,0.3817863464355469,0.0,0.12154447287321091,,0.7108956575393677,0.8986396789550781,0.15614229440689087,0.9434653520584106,,,0.9391528367996216,,,,,0.0
GOPR0122_frame_000406,snow,0.9756175875663757,0.9802257418632507,-0.004723320190584699,0.06342044472694397,0.053468555212020874,-0.009951889514923096,3.2806003093719482,0.5753933191299438,0.38396573066711426,0.00020249851513653994,0.8799439668655396,0.8925888538360596,0.7042348980903625,0.0979602113366127,0.2893998920917511,0.3198680877685547,0.6635053753852844,,0.9784883856773376,0.783566951751709,,0.847266674041748,,,,,0.6391215324401855
GOPR0122_frame_000306,snow,0.9698588848114014,0.9581928253173828,0.012028615251589908,0.07547971606254578,0.1072981208562851,0.03181840479373932,2.9142932891845703,0.5707782506942749,0.8441866636276245,0.03236011043190956,0.7359938621520996,0.5793659090995789,0.8203735947608948,0.5313514471054077,,0.7563734650611877,0.7713410258293152,,0.9741335511207581,0.0,,0.9179069399833679,0.07396149635314941,,,,0.382769912481308
GOPR0122_frame_000352,snow,0.9760599732398987,0.974430501461029,0.001669438156311683,0.06058990955352783,0.06520142406225204,0.004611514508724213,2.513942241668701,0.46898990869522095,0.5248792171478271,0.0394718274474144,0.9292550086975098,0.0,,0.5598854422569275,0.7680772542953491,0.6483263373374939,0.769544243812561,0.0,0.9726964831352234,0.0,,0.9308969974517822,,,0.0,0.4228253662586212,
GOPR0122_frame_000001,snow,0.9679392576217651,0.9618366956710815,0.0063046950927795695,0.08148374408483505,0.09410035610198975,0.012616612017154694,7.5768632888793945,0.4401574432849884,0.6157370805740356,0.06366953998804092,0.5546018481254578,0.6759757399559021,0.2599208652973175,0.18839193880558014,,0.6384698152542114,0.8764199614524841,0.0,0.9189606308937073,0.6646993160247803,0.0,,,,,0.7053573131561279,0.0
GOPR0122_frame_000018,snow,0.9668228626251221,0.9673774838447571,-0.000573653391266075,0.08553721010684967,0.08291414380073547,-0.0026230663061141968,4.580677032470703,0.40997815132141113,0.6962714195251465,0.0603061281144619,0.834326446056366,0.10878890007734299,0.7804256677627563,0.5973085165023804,0.0,0.46472302079200745,0.8869770765304565,0.0,0.9481034874916077,0.001398601452820003,,0.3610650897026062,,,0.0,,
GOPR0122_frame_000344,snow,0.9581583142280579,0.9618715047836304,-0.0038753413310519936,0.10558067262172699,0.09388329088687897,-0.011697381734848022,4.222812175750732,0.42561209201812744,0.6754918098449707,0.04689453914761543,0.8405367732048035,0.4133143126964569,0.09543587267398834,0.3445022702217102,0.08681672066450119,0.7675788402557373,0.6827265620231628,,0.9757649302482605,0.0,,0.6038943529129028,0.0,,,,
GOPR0122_frame_000092,snow,0.9772933721542358,0.971681535243988,0.005742223382171788,0.05896353721618652,0.07177948951721191,0.01281595230102539,4.517289638519287,0.505557119846344,0.7727961540222168,0.3271898031234741,0.6650528311729431,0.0314197838306427,0.0,0.8484848737716675,0.0,0.7141687273979187,0.9505824446678162,0.0,0.9598678946495056,0.5125731825828552,,0.7901069521903992,,,,,
GOPR0122_frame_000077,snow,0.9737969636917114,0.9673459529876709,0.006624595144904213,0.0705488845705986,0.0838623195886612,0.013313435018062592,3.722797155380249,0.4306149482727051,0.767114520072937,0.2698393762111664,0.8229660987854004,0.679884135723114,0.23231685161590576,0.22728396952152252,0.0,0.407550185918808,0.9310495853424072,0.0,0.9598659873008728,0.360688179731369,0.0,0.8006648421287537,,,,,0.0
GOPR0122_frame_000431,snow,0.9779704809188843,0.9589813947677612,0.019416829370057197,0.05670270696282387,0.1058092713356018,0.04910656437277794,3.2063283920288086,0.4888095259666443,0.9520713686943054,0.8817325234413147,0.9124640226364136,0.4982098639011383,0.0,0.34067144989967346,0.30449825525283813,0.5729094743728638,0.7623059749603271,,0.9325416684150696,0.0,,0.8257275223731995,0.8378202319145203,,0.0,0.0,0.0
GOPR0122_frame_000057,snow,0.9731985330581665,0.9680815935134888,0.00525785779394853,0.07356208562850952,0.08324573934078217,0.009683653712272644,4.002629280090332,0.37521302700042725,0.70348060131073,0.035912927240133286,0.012824160978198051,0.09448006749153137,0.14757102727890015,0.5051122307777405,,0.6125582456588745,0.8941492438316345,0.0,0.9761148691177368,0.007918552495539188,,0.8876470327377319,,,,,0.0
GOPR0122_frame_000028,snow,0.9770055413246155,0.964446485042572,0.012854641680403964,0.05936508998274803,0.0907924473285675,0.03142735734581947,5.343544960021973,0.41957733035087585,0.7601526975631714,0.08794203400611877,0.8432938456535339,0.0,0.0,0.6624817252159119,,0.5439879298210144,0.8351872563362122,0.0,0.9713443517684937,0.34168481826782227,,0.828008234500885,0.0,,,,0.0
GOPR0122_frame_000322,snow,0.9635328054428101,0.9724114537239075,-0.00921468178228788,0.09080231934785843,0.07009255886077881,-0.02070976048707962,2.3752660751342773,0.33810189366340637,0.7283435463905334,0.029128076508641243,0.887139618396759,0.4905794858932495,0.16856659948825836,0.1797955483198166,0.0,0.6108567714691162,0.7697376012802124,,0.9830910563468933,0.0,0.0,0.9004930853843689,0.0,0.0,,0.0,0.0
GOPR0122_frame_000413,snow,0.9741517305374146,0.9824504852294922,-0.008518954847321247,0.06593877077102661,0.04455513507127762,-0.021383635699748993,2.7663822174072266,0.40944379568099976,0.7219043374061584,0.028003303334116936,0.9105366468429565,0.9523842930793762,0.0,0.23928570747375488,,,0.6399350762367249,,0.9746876358985901,0.0,,0.8560320138931274,0.0,,,0.0,0.0
GOPR0122_frame_000106,snow,0.9709043502807617,0.9665924310684204,0.004441136932472326,0.07417799532413483,0.08640039712190628,0.012222401797771454,4.929026126861572,0.37090492248535156,0.6925597190856934,0.10071294754743576,0.7415696382522583,0.05585777014493942,0.0,0.09171162545681,0.0,0.6334667801856995,0.8717396855354309,,0.7995167970657349,0.6676353216171265,0.0,0.5378990173339844,,,,,0.0
GOPR0122_frame_000113,snow,0.9688888788223267,0.971602737903595,-0.0028010013455381606,0.07871288061141968,0.07451443374156952,-0.004198446869850159,5.136636734008789,0.44922900199890137,0.9452934861183167,0.7600023746490479,0.8092190623283386,0.0,0.034159574657678604,0.440058171749115,0.0,0.584369421005249,0.5177434682846069,0.0,0.9867433905601501,0.6070128083229065,0.0,0.9008728861808777,,,0.0,,0.6021890640258789
GOPR0122_frame_000317,snow,0.9760185480117798,0.9861406683921814,-0.010370827785304718,0.0604076012969017,0.03659608215093613,-0.023811519145965576,3.357429265975952,0.39017587900161743,0.6713743209838867,0.020129133015871048,0.9178421497344971,0.7799394130706787,0.0,0.0,,0.17216980457305908,0.5062665939331055,0.2209031730890274,0.9852674007415771,0.0,,0.7983947992324829,,,,0.0,
GP010607_frame_000921,snow,0.9605658054351807,0.9577755928039551,0.002904759451554593,0.10421019047498703,0.10409492999315262,-0.00011526048183441162,0.8382622599601746,0.4483449161052704,0.8967886567115784,0.740132749080658,0.8442674875259399,,0.0,0.28461840748786926,0.5953947305679321,,0.8388656377792358,0.10382241010665894,0.9782553315162659,0.0,0.0,0.7456622123718262,,,,0.2490215301513672,0.0
GP010607_frame_000931,snow,0.9251224994659424,0.9402759671211243,-0.01637995778951452,0.19127903878688812,0.15314233303070068,-0.03813670575618744,2.525968551635742,0.3857833743095398,0.938977837562561,0.6727749109268188,0.7089383006095886,0.0016834473935887218,0.17427051067352295,0.29339247941970825,0.0,0.0,0.7047712206840515,0.18725579977035522,0.9471219778060913,,,0.7717812657356262,0.0,,0.0,,
GP010607_frame_000958,snow,0.9759617447853088,0.9689911007881165,0.007142333152927471,0.06124693900346756,0.0815061628818512,0.020259223878383636,1.3919928073883057,0.43909773230552673,0.8150251507759094,0.0,0.8941828012466431,0.0,0.43929755687713623,0.19602437317371368,0.42456141114234924,0.5989620685577393,0.7874388098716736,0.5195059180259705,0.977798342704773,0.0,,0.9336692094802856,0.0,,,,0.0
GP010607_frame_000954,snow,0.9784301519393921,0.9629095196723938,0.01586279008021801,0.054764725267887115,0.09471283853054047,0.03994811326265335,0.9913675785064697,0.4216561019420624,0.8478822708129883,0.3262038230895996,0.9052912592887878,0.0,0.0,0.2021932601928711,,0.0,0.7739476561546326,0.0,0.9584327340126038,0.6220565438270569,,0.8455214500427246,0.0,,,,
GP010607_frame_000995,snow,0.9475621581077576,0.9615901708602905,-0.014804319151477226,0.13683955371379852,0.10360607504844666,-0.03323347866535187,1.6363248825073242,0.4168316125869751,0.9609940052032471,0.4203212261199951,0.5213180184364319,0.0,0.0,0.6739225387573242,0.2368421107530594,0.0,0.9330073595046997,0.0,0.9555155038833618,0.5652576088905334,,0.6067785024642944,0.795348584651947,0.0,,,0.0
GP010607_frame_000968,snow,0.9661451578140259,0.9602136611938477,0.0061393430488284354,0.08688528835773468,0.10011103004217148,0.013225741684436798,0.9019228219985962,0.3578029274940491,0.8993430733680725,0.4114592969417572,0.9028264880180359,0.0,0.0,0.4483402967453003,0.0,0.0,0.924554705619812,0.264264851808548,0.9725269079208374,0.0,,0.8796942830085754,0.021837010979652405,,,0.0,0.0
GP010607_frame_000926,snow,0.9221503734588623,0.9315689206123352,-0.010213678075093558,0.19766578078269958,0.17577971518039703,-0.02188606560230255,2.188584327697754,0.38469594717025757,0.59110027551651,0.11146032810211182,0.5677228569984436,0.0,0.2471475899219513,0.6855804324150085,0.755795955657959,0.01151049043983221,0.8040098547935486,0.20652173459529877,0.8996219038963318,0.7417417168617249,,0.532922089099884,0.0,,0.0,,0.0
GP010607_frame_000936,snow,0.9598749876022339,0.960639238357544,-0.0007961982104119345,0.09937028586864471,0.10316934436559677,0.003799058496952057,1.2046611309051514,0.5343198180198669,0.6641577482223511,0.08745820820331573,0.8884538412094116,0.0,,0.8184816837310791,0.6539278030395508,0.8050209283828735,0.79778653383255,0.06764794141054153,0.9858822226524353,,,0.36464372277259827,0.8126972317695618,,0.0,,
GP010607_frame_000950,snow,0.9705796837806702,0.9688058495521545,0.0018276028644346157,0.07614044100046158,0.08139971643686295,0.005259275436401367,1.4372066259384155,0.445174902677536,0.9603688716888428,0.8033356666564941,0.9043963551521301,0.0,0.0,0.6869845986366272,0.654888391494751,0.0,0.816064178943634,0.0,0.975653350353241,0.0,,0.8759323358535767,0.0,,0.0,,
GOPR0605_frame_000299,snow,0.9776502847671509,0.9654439091682434,0.012485421079747835,0.0564771331846714,0.09228935092687607,0.035812217742204666,5.151805877685547,0.449889600276947,0.9339460134506226,0.5055138468742371,0.5329026579856873,0.0,0.0,0.34091153740882874,0.0,0.7586692571640015,0.9095107913017273,,0.9691610932350159,0.0,,0.8979490399360657,0.0,,,,
GOPR0605_frame_000181,snow,0.9681003093719482,0.9424330592155457,0.0265130065994133,0.08143840730190277,0.14791491627693176,0.06647650897502899,5.737752914428711,0.44376012682914734,0.8286481499671936,0.036556750535964966,0.6644651889801025,0.0027755864430218935,0.03946037217974663,0.707252025604248,,0.21573080122470856,0.8291240334510803,0.3835251033306122,0.8962469100952148,0.4000212848186493,,0.7954478859901428,0.0,,0.41338789463043213,,
GOPR0605_frame_000161,snow,0.9741426706314087,0.9536018371582031,0.02108606252617085,0.06559446454048157,0.12309245020151138,0.057497985661029816,5.908792495727539,0.45783787965774536,0.715311586856842,0.2589707672595978,0.3354867100715637,0.015229152515530586,0.0,0.5653866529464722,,,0.8753566145896912,0.4717152714729309,0.9562565088272095,0.0,,0.8288832902908325,0.0,,0.9292956590652466,,
GOPR0606_frame_000220,snow,0.9539757966995239,0.9661189317703247,-0.012728975919014614,0.12157322466373444,0.09339569509029388,-0.028177529573440552,5.368106842041016,0.5036516189575195,0.8753968477249146,0.5407589077949524,0.9115406274795532,0.6238347291946411,0.0,0.38989728689193726,0.0,0.5662115812301636,0.7683910131454468,0.07582644373178482,0.937734842300415,0.0,,0.9275873899459839,0.9375941753387451,,0.0,,
GOPR0606_frame_000182,snow,0.9592503905296326,0.9523006677627563,0.007244951644574824,0.10350121557712555,0.13610148429870605,0.032600268721580505,2.149967908859253,0.49341583251953125,0.9461115598678589,0.7978286147117615,0.6777551770210266,0.003336755558848381,0.0,0.385259211063385,0.0,0.6436757445335388,0.8762173652648926,0.1728772073984146,0.9833884835243225,0.0,,0.927955687046051,,,,,
GOPR0606_frame_000238,snow,0.957730770111084,0.9239023923873901,0.035321385118028896,0.10794146358966827,0.18738766014575958,0.07944619655609131,4.712689399719238,0.49164870381355286,0.8657601475715637,0.32683807611465454,0.5619867444038391,0.0,0.0,0.38243746757507324,0.4425809383392334,0.8122724294662476,0.9174233078956604,0.5094428062438965,0.844253420829773,0.7793261408805847,,0.9324089288711548,0.0,0.0,,,
GOPR0606_frame_000352,snow,0.953170120716095,0.9380456209182739,0.0158675763228736,0.11340481042861938,0.16560256481170654,0.05219775438308716,1.6481783390045166,0.3149776756763458,0.8087901473045349,0.14575496315956116,0.5787877440452576,0.007475650869309902,0.0,0.4904324412345886,0.1577909290790558,0.0,0.9148751497268677,0.20330502092838287,0.9454771876335144,,,0.471975713968277,0.0,0.0,0.0,,
GOPR0606_frame_000377,snow,0.9621471166610718,0.9358216524124146,0.02736116288162101,0.0934562236070633,0.17073345184326172,0.07727722823619843,3.5266599655151367,0.33403947949409485,0.7915964722633362,0.6020246744155884,0.007238017860800028,0.0,,0.5501777529716492,0.605822741985321,0.7612723708152771,0.5151530504226685,0.0,0.9843264222145081,0.0,,0.5270203948020935,,0.0,0.0,0.0,0.0
GOPR0606_frame_000202,snow,0.9680432081222534,0.9590226411819458,0.009318351465552457,0.0831630676984787,0.11444440484046936,0.03128133714199066,1.241403341293335,0.40077686309814453,0.5651243329048157,7.811727118678391e-05,0.8259680867195129,0.1280568689107895,0.3469398021697998,0.5227335095405579,0.0,0.180314302444458,0.7969604134559631,0.0,0.9672055244445801,0.8767180442810059,,,,,0.0,,
GOPR0606_frame_000213,snow,0.9718353748321533,0.9470629692077637,0.025490330987143584,0.07735295593738556,0.13552719354629517,0.05817423760890961,4.273775577545166,0.3546196222305298,0.7926405668258667,0.11168200522661209,0.6361290812492371,0.02840876393020153,0.0,0.48685160279273987,0.0,0.8233999013900757,0.7140682339668274,0.024873431771993637,0.9828535318374634,0.12413386255502701,0.0,0.9488727450370789,0.0,,,,0.0
GOPR0606_frame_000258,snow,0.9508821964263916,0.9354839324951172,0.01619366082066486,0.12463539093732834,0.16678225994110107,0.042146869003772736,4.266452789306641,0.3543846011161804,0.5837180018424988,0.0,0.5679354071617126,0.0,0.0,0.5478744506835938,0.44042035937309265,0.884209394454956,0.8760085105895996,0.11947108060121536,0.7027541399002075,0.048776160925626755,0.0,0.8989861607551575,0.0,,,,0.0
GOPR0606_frame_000357,snow,0.972794771194458,0.9610312581062317,0.012092491978403034,0.06803598999977112,0.09972219169139862,0.0316862016916275,1.0597491264343262,0.48504695296287537,0.9467512965202332,0.757512629032135,0.8821002244949341,,0.0,0.18154381215572357,0.48891234397888184,0.09603658318519592,0.8006854057312012,0.37381798028945923,0.979667067527771,,,0.8749000430107117,0.0,0.40873050689697266,0.0,,
GOPR0606_frame_000397,snow,0.9622498154640198,0.9454248547554016,0.017485023393488033,0.09325830638408661,0.14453354477882385,0.051275238394737244,2.797058582305908,0.40413782000541687,0.8338521122932434,0.08467531204223633,0.9676113128662109,0.0,0.0,0.36122527718544006,0.6686528921127319,0.42967185378074646,0.8950862288475037,0.0,0.9718968272209167,,,0.805611789226532,0.0,0.4479212462902069,0.0,0.0,
GOPR0606_frame_000229,snow,0.9562501311302185,0.961725115776062,-0.005725473294437865,0.11180579662322998,0.0940459817647934,-0.017759814858436584,4.936080455780029,0.5181965827941895,0.9487115144729614,0.3498131036758423,0.8890463709831238,0.0,0.6781522631645203,0.4291488528251648,0.0,0.9388530850410461,0.8812726140022278,0.11451541632413864,0.9844689965248108,0.155391126871109,,0.885378897190094,,,,,0.0
GOPR0606_frame_000110,snow,0.9644570350646973,0.9520308971405029,0.012884076058940262,0.09005168080329895,0.12007087469100952,0.03001919388771057,3.8115944862365723,0.4704245626926422,0.9840897917747498,0.32230043411254883,0.5241323709487915,0.014218009077012539,0.0,0.43485134840011597,0.0,0.6344537734985352,0.7201771140098572,0.8314854502677917,0.972088098526001,0.7407571077346802,0.0,0.8778145909309387,,,,,0.0
GOPR0606_frame_000196,snow,0.9714569449424744,0.9451145529747009,0.0271163759070862,0.07203520834445953,0.13839522004127502,0.06636001169681549,1.7631919384002686,0.42439109086990356,0.9601137042045593,0.6138852834701538,0.6074234843254089,0.0,0.042219966650009155,0.32853198051452637,,0.6697422862052917,0.6948156952857971,0.08998848497867584,0.9711853265762329,0.11656250059604645,,0.21003401279449463,0.0,,,,0.6369729042053223
GOPR0606_frame_000162,snow,0.9606274366378784,0.9666833281517029,-0.006304100028600696,0.10303511470556259,0.09241194278001785,-0.010623171925544739,1.4620985984802246,0.436031311750412,0.6455850601196289,0.05316714569926262,0.8156982064247131,0.604313850402832,0.4356330931186676,0.46267929673194885,0.0,0.6171535849571228,0.7755436301231384,0.0,0.9834614396095276,0.2975064516067505,,0.8497278094291687,0.0,,,,0.0
GOPR0607_frame_000474,snow,0.9761148691177368,0.9609006643295288,0.01558648998564533,0.06219518557190895,0.10189153254032135,0.0396963469684124,1.448852777481079,0.365660160779953,0.8424240946769714,0.4839092195034027,0.9495319724082947,0.0,0.0,0.18112245202064514,0.15128448605537415,0.34880122542381287,0.8918977975845337,,0.9828417897224426,0.0,,0.6530892848968506,,,0.0,0.0,0.0
GOPR0607_frame_000360,snow,0.9643752574920654,0.9713503122329712,-0.007232718399181831,0.0871424525976181,0.07596337050199509,-0.011179082095623016,1.7071081399917603,0.3853985369205475,0.720266580581665,0.044092562049627304,0.8084698915481567,0.2804153561592102,0.0006574525614269078,0.13672593235969543,0.0,0.2139565497636795,0.886432409286499,,0.980323851108551,0.0,,0.9388404488563538,,,0.0,,
GOPR0607_frame_000410,snow,0.9614855647087097,0.9509844779968262,0.010921730900710537,0.09673526138067245,0.13074609637260437,0.034010834991931915,1.8166289329528809,0.4396677613258362,0.7594382166862488,0.15369951725006104,0.7989451885223389,0.6085386872291565,0.0,0.2063961923122406,,0.7656987309455872,0.7559814453125,0.3426111936569214,0.925639271736145,,,0.5297210812568665,0.7483468055725098,0.0,0.0,,0.0
GP030176_frame_000736,snow,0.9430199861526489,0.9390782117843628,0.004179947810616804,0.13545048236846924,0.15158480405807495,0.016134321689605713,4.237029075622559,0.4020794630050659,0.5278018116950989,0.34988105297088623,0.8096078634262085,0.06186598166823387,0.0,0.20092441141605377,0.0,0.3029366433620453,0.8891798853874207,0.0,0.9792519211769104,0.864474892616272,,0.774275541305542,,0.0,0.6730712056159973,,0.0
GP030176_frame_000569,snow,0.972689151763916,0.9663611054420471,0.006505723072305388,0.06907989084720612,0.08932173252105713,0.020241841673851013,6.1291093826293945,0.6029072403907776,0.5346224904060364,0.033497195690870285,0.7753933072090149,0.10127700865268707,0.7546893358230591,0.6715320944786072,,0.7969782948493958,0.9035717248916626,0.0,0.9557967185974121,0.7964113354682922,,0.911117434501648,,,,,
GP030176_frame_000549,snow,0.9798091650009155,0.9645748138427734,0.015548283836113144,0.051661692559719086,0.0946895107626915,0.04302781820297241,6.283047199249268,0.4030687212944031,0.9757432341575623,0.0,0.720808744430542,0.0,0.6761545538902283,0.7562780976295471,,0.2928028702735901,0.9512323141098022,0.0,0.970563530921936,0.0,0.0,0.7024477124214172,0.0,,,,0.0
GP030176_frame_000609,snow,0.9724149107933044,0.9665508270263672,0.006030433759853546,0.07172013819217682,0.08563794195652008,0.013917803764343262,6.21146297454834,0.6167197823524475,0.5478643178939819,0.11516153067350388,0.9035786986351013,0.8682456612586975,0.908668041229248,0.4401870369911194,,0.11255411058664322,0.9290504455566406,0.0,0.9811564683914185,0.7157257795333862,,0.8784449100494385,,,,,
GP030176_frame_000529,snow,0.9782291054725647,0.9635921716690063,0.014962684684034897,0.05542440339922905,0.1026609018445015,0.047236498445272446,6.353635787963867,0.39667996764183044,0.8769668340682983,0.10581129044294357,0.15730902552604675,0.0,0.7500450015068054,0.5856872797012329,0.0,0.7606404423713684,0.9321081638336182,0.0,0.9652394652366638,0.362465500831604,0.0,0.8506065011024475,0.0,,,,0.0
GP030176_frame_000629,snow,0.9760622382164001,0.9384533166885376,0.03853127359098963,0.06401995569467545,0.1514514684677124,0.08743151277303696,6.5099196434021,0.3737572729587555,0.5911350250244141,0.004759558010846376,0.01888272538781166,0.07886948436498642,0.7690026164054871,0.9012497663497925,0.0,0.1736880987882614,0.8914170265197754,0.0,0.42309290170669556,0.0,,0.7876518964767456,0.0,,0.9666100144386292,,
GP030176_frame_000589,snow,0.9778739213943481,0.9492393732070923,0.029282453768274527,0.056806113570928574,0.1316332221031189,0.07482710853219032,7.560664653778076,0.6109141111373901,0.766089141368866,0.3543592691421509,0.6643900275230408,0.08488329499959946,0.3252770006656647,0.7193034291267395,,0.8663859963417053,0.840836763381958,,0.9705389738082886,,,0.8489226698875427,0.0,,0.8899836540222168,,
GP030176_frame_000721,snow,0.9711185097694397,0.9505442976951599,0.0211860979431887,0.07183012366294861,0.12151499092578888,0.04968486726284027,5.319596290588379,0.49129462242126465,0.4739229679107666,0.07087700814008713,0.7882476449012756,0.0,0.0,0.5859598517417908,0.0,0.7881082892417908,0.8364279270172119,9.993670391850173e-05,0.9443231821060181,0.607248067855835,,0.9200316071510315,,,0.862878143787384,,
GP030176_frame_000649,snow,0.9772641658782959,0.9644417762756348,0.013120699519285331,0.05743180960416794,0.09082628786563873,0.033394478261470795,5.186577796936035,0.41802480816841125,0.7134246230125427,0.14016570150852203,0.5880138874053955,0.0,0.0,0.5058247447013855,0.0,0.830532968044281,0.9507732391357422,0.0,0.9700444936752319,0.6989322304725647,,0.8726598620414734,0.0,,,,0.0
GP030176_frame_000706,snow,0.9676593542098999,0.96821129322052,-0.0005703856450257978,0.08373914659023285,0.08137878030538559,-0.0023603662848472595,5.877303600311279,0.4974697530269623,0.7085403800010681,0.06598714739084244,0.836345374584198,0.22903385758399963,,0.10702667385339737,0.0,0.7666404843330383,0.7986074090003967,0.0,0.9658345580101013,0.7440459728240967,,0.7978795170783997,0.0,,0.944635272026062,,
