name,condition,conf_clear,conf_adverse,conf_drop_pct,ent_clear,ent_adverse,ent_rise,kl,mean_iou_adv,iou_adv_c0,iou_adv_c1,iou_adv_c2,iou_adv_c3,iou_adv_c4,iou_adv_c5,iou_adv_c6,iou_adv_c7,iou_adv_c8,iou_adv_c9,iou_adv_c10,iou_adv_c11,iou_adv_c12,iou_adv_c13,iou_adv_c14,iou_adv_c15,iou_adv_c16,iou_adv_c17,iou_adv_c18
GP010476_frame_000181,fog,0.9385234117507935,0.923295795917511,0.016225078117790295,0.1432347446680069,0.2056310474872589,0.062396302819252014,2.8797829151153564,0.6113907098770142,0.8684385418891907,0.5049808621406555,0.0,0.9090664982795715,0.0,0.7234051823616028,0.7922871112823486,0.8585951924324036,0.962515115737915,,0.9612631797790527,,,0.7193106412887573,0.03682611882686615,,,,
GP010476_frame_000142,fog,0.9315817356109619,0.9184460043907166,0.014100460085368586,0.17158842086791992,0.22423797845840454,0.05264955759048462,3.0475776195526123,0.48894983530044556,0.8566738367080688,0.3614031672477722,0.6082683205604553,0.6517285704612732,0.0,0.6015267372131348,0.0,0.7447206974029541,0.7171628475189209,0.7694019675254822,0.8760503530502319,,,0.169411763548851,0.0,,,,
GP010476_frame_000031,fog,0.9450212121009827,0.9335867762565613,0.012099660385404054,0.15255175530910492,0.18100756406784058,0.028455808758735657,3.5568156242370605,0.4603864848613739,0.9822269678115845,0.75832200050354,0.7486627101898193,0.0,0.0,0.0833333358168602,0.42184725403785706,0.3362445533275604,0.8772751688957214,0.22369128465652466,0.9250404238700867,0.7410673499107361,,0.808086097240448,0.0,,,,0.0
GP010476_frame_000120,fog,0.9351509213447571,0.9406715035438538,-0.005903413036394053,0.16649754345417023,0.16056451201438904,-0.005933031439781189,3.00323486328125,0.5211008191108704,0.9763234853744507,0.5028334259986877,0.8296898603439331,0.0,0.12234580516815186,0.3702179491519928,0.0,0.0,0.8376830816268921,0.7257917523384094,0.9280008673667908,,,0.9603239297866821,,,,,
GP010476_frame_000051,fog,0.9577040076255798,0.9495027661323547,0.00856344062705125,0.11990448087453842,0.1428602933883667,0.022955812513828278,3.326256036758423,0.5088074803352356,0.9741222262382507,0.7521079778671265,0.636236846446991,0.0,0.0,0.3994195759296417,0.5984198451042175,0.4719877243041992,0.93892502784729,0.0,0.984205961227417,,,0.8590719699859619,0.0,,,,
GP010476_frame_000063,fog,0.9502388834953308,0.940694272518158,0.010044433081521463,0.13341011106967926,0.1697910875082016,0.03638097643852234,3.5071866512298584,0.5311060547828674,0.8697792887687683,0.7639160752296448,0.9230924844741821,0.6750778555870056,0.0,0.33084166049957275,0.08434448391199112,0.695615291595459,0.39972418546676636,,0.9874681234359741,,,0.6434128284454346,0.0,,,,
GP010476_frame_000084,fog,0.9572546482086182,0.9440670013427734,0.013776529320341726,0.11896499246358871,0.14985963702201843,0.030894644558429718,2.647000312805176,0.452053040266037,0.9318472743034363,0.7267765998840332,0.7265740633010864,0.0,0.0,0.17565542459487915,0.05000000074505806,0.0,0.9355956315994263,0.0,0.983051061630249,,,0.8951362371444702,,,,,
GP010476_frame_000199,fog,0.9547358751296997,0.9113712310791016,0.04542056575647317,0.13117125630378723,0.25626590847969055,0.12509465217590332,2.593053102493286,0.3232722878456116,0.930705189704895,0.3786267638206482,0.014173404313623905,0.0012405101442709565,0.019686343148350716,0.14233577251434326,0.25112107396125793,0.5112587213516235,0.8374564051628113,0.7099142670631409,0.9035022854804993,,,0.13620689511299133,0.012856694869697094,,0.0,0.0,
GP010476_frame_000204,fog,0.9642226099967957,0.9588064551353455,0.005617120724120944,0.10057733952999115,0.12043093144893646,0.019853591918945312,1.9300605058670044,0.4414047300815582,0.909195601940155,0.005686045158654451,0.8421410322189331,0.0,,0.08919500559568405,0.443604975938797,0.17524917423725128,0.945733368396759,0.0,0.9585245251655579,,,0.48855602741241455,0.4389711916446686,,,,
GP010476_frame_000026,fog,0.9415422081947327,0.9466037750244141,-0.005375825673952463,0.15890291333198547,0.15106259286403656,-0.007840320467948914,2.25675892829895,0.4025655686855316,0.9855058789253235,0.335892915725708,0.5741301774978638,0.0,0.07874590158462524,0.728899359703064,0.23423422873020172,0.0,0.932051956653595,0.05936000123620033,0.9527133703231812,,,0.7543843388557434,,,,0.0,0.0
GP010476_frame_000114,fog,0.9424421787261963,0.9375171661376953,0.005225798088642039,0.1456855684518814,0.17739923298358917,0.031713664531707764,2.8734874725341797,0.5721035003662109,0.962904155254364,0.3932057023048401,0.8786939978599548,0.0,,0.6358630657196045,0.0,0.3757668733596802,0.8987795114517212,0.846341609954834,0.9537007808685303,,,0.9199865460395813,0.0,,,,
GP010476_frame_000242,fog,0.9670363664627075,0.9317713975906372,0.036467055149533203,0.09676261246204376,0.20287932455539703,0.10611671209335327,3.510969400405884,0.27765071392059326,0.8939196467399597,0.0,0.0,0.0,0.44615113735198975,0.0,0.0,0.2450415939092636,0.0,0.0,0.9917261004447937,0.0,,0.6562235951423645,0.6540478467941284,,,,
GP010476_frame_000073,fog,0.9544196724891663,0.9556339979171753,-0.0012723180905511314,0.12353355437517166,0.119300976395607,-0.004232577979564667,3.6602799892425537,0.4960343837738037,0.8313969373703003,0.7237581014633179,0.8822886347770691,0.0,0.14666371047496796,0.2730787694454193,0.6106816530227661,0.7429272532463074,0.8968885540962219,0.004091174807399511,0.9865993857383728,0.0,,0.8461077213287354,,,,0.0,
GP010476_frame_000131,fog,0.9469855427742004,0.9486013054847717,-0.0017062168539297155,0.14419643580913544,0.14183010160923004,-0.0023663341999053955,3.489108085632324,0.5143670439720154,0.9481953978538513,0.33139392733573914,0.7462608814239502,0.17029404640197754,0.0,0.5464276075363159,,0.0,0.7182815074920654,0.8315609097480774,0.9824032187461853,,,0.8975867033004761,0.0,,,,
GP010476_frame_000018,fog,0.9229012727737427,0.9446492791175842,-0.023564824049738878,0.19832780957221985,0.1487119346857071,-0.049615874886512756,4.474874019622803,0.5897735953330994,0.9688037633895874,0.8035426735877991,0.789970874786377,,0.28424036502838135,0.4867776036262512,0.0,0.24111014604568481,0.8655716180801392,0.20130474865436554,0.935987114906311,,,0.9102004170417786,,,,,
GP010476_frame_000078,fog,0.9407341480255127,0.9444397687911987,-0.003939073258978589,0.15582342445850372,0.14887040853500366,-0.006953015923500061,4.029267311096191,0.602928102016449,0.9461462497711182,0.8547067046165466,0.8755747079849243,0.0,0.08175629377365112,0.3489374816417694,,0.5958506464958191,0.8614060282707214,0.5543716549873352,0.9877287745475769,0.20532742142677307,,0.9233313202857971,,,,,
GP010476_frame_000095,fog,0.9364609122276306,0.9337194561958313,0.002927464421342865,0.17630645632743835,0.177592471241951,0.0012860149145126343,2.3432936668395996,0.5511900782585144,0.9470473527908325,0.9225459098815918,0.6257568001747131,0.0,0.0,0.5119759440422058,0.4924471378326416,0.5634877681732178,0.9076311588287354,0.3404131233692169,0.9561744332313538,,,0.8979912996292114,,,,,0.0
GP010476_frame_000161,fog,0.9682663679122925,0.95357745885849,0.01517031819846278,0.08693687617778778,0.13295912742614746,0.04602225124835968,2.1021668910980225,0.630392849445343,0.8769402503967285,0.6504703760147095,0.04484967887401581,0.8957998156547546,0.0,0.7137824296951294,0.7866284251213074,0.746075451374054,0.9169783592224121,,0.9665692448616028,0.0,,0.9666208028793335,,,,,
GP010476_frame_000125,fog,0.9375024437904358,0.9272453784942627,0.010940841012951528,0.1648387908935547,0.19576676189899445,0.03092797100543976,3.0072450637817383,0.45086538791656494,0.9734988212585449,0.4287480115890503,0.7895689606666565,,0.0,0.3628755509853363,,0.0,0.7518306970596313,0.7017845511436462,0.9253050088882446,0.6038461327552795,,0.3237924873828888,0.0,,,,0.0
GP010476_frame_000137,fog,0.9250212907791138,0.9135004878044128,0.012454635331097077,0.20056520402431488,0.2246754914522171,0.02411028742790222,3.518009662628174,0.4019543528556824,0.9353753328323364,0.24337908625602722,0.6291208863258362,0.0,,0.31620046496391296,0.0,0.0,0.7832456827163696,0.7387057542800903,0.9521030783653259,,,0.6272760629653931,0.0,,0.0,,
GP010476_frame_000022,fog,0.9576393961906433,0.9513388872146606,0.006579208139570213,0.11743000149726868,0.13128824532032013,0.013858243823051453,4.581944942474365,0.6629657745361328,0.9202119708061218,0.6459006071090698,0.8736773729324341,,,0.2634553909301758,,0.0,0.9154966473579407,0.47643548250198364,0.9751978516578674,,,0.8963167071342468,,,,,
GP010476_frame_000010,fog,0.9656696319580078,0.9587512612342834,0.0071643245506781816,0.09795830398797989,0.11222206056118011,0.014263756573200226,4.269556045532227,0.4220455586910248,0.8611232042312622,0.1598736196756363,0.8987061381340027,0.0,0.16862601041793823,0.0885220617055893,0.22478386759757996,0.0,0.7615180015563965,0.0,0.9795516729354858,,,0.9218421578407288,,,,,
GP010476_frame_000255,fog,0.9626621603965759,0.9442604780197144,0.019115410309808747,0.093269482254982,0.17108501493930817,0.07781553268432617,3.0545763969421387,0.44123876094818115,0.8898441791534424,0.0,0.7119093537330627,0.27807506918907166,0.32978230714797974,0.10742738097906113,0.4411078691482544,0.20985974371433258,0.8621748089790344,0.0,0.9930875301361084,,,0.9128360748291016,0.0,,,,
GP010476_frame_000006,fog,0.9712059497833252,0.9529924392700195,0.018753499533064103,0.08178659528493881,0.12559539079666138,0.043808795511722565,3.3871026039123535,0.4108402132987976,0.882210373878479,0.3859439194202423,0.8949025273323059,0.0,,0.45246416330337524,0.11594203114509583,0.0,0.781851589679718,0.020486148074269295,0.9849879741668701,,,0.8218684196472168,0.0002657454169820994,,,0.0,
GP010476_frame_000001,fog,0.9665203094482422,0.9502866864204407,0.01679594593217534,0.09215104579925537,0.13353051245212555,0.04137946665287018,3.252631425857544,0.5859521627426147,0.9579074382781982,0.7833603620529175,0.835084080696106,0.4304227828979492,,0.42375993728637695,0.3220014274120331,,0.781066358089447,0.0,0.9840868711471558,,,0.8930445313453674,,0.03474012762308121,,,
GP010476_frame_000108,fog,0.9600143432617188,0.9390009641647339,0.02188860929588227,0.10857751965522766,0.15972444415092468,0.05114692449569702,3.4078240394592285,0.5756130814552307,0.9729154706001282,0.9455421566963196,0.7430208325386047,0.0,0.0,0.5672526955604553,0.0,0.6280712485313416,0.7716339826583862,0.3908252418041229,0.9504315853118896,,,0.937663733959198,,,,,
GP010476_frame_000194,fog,0.9691656231880188,0.9357383847236633,0.03449073854837211,0.09157051891088486,0.180220365524292,0.08864984661340714,2.3028483390808105,0.298647403717041,0.57736736536026,0.0,0.0,0.07471350580453873,0.017634497955441475,0.26356351375579834,,0.323129266500473,0.9408092498779297,0.12559060752391815,0.9623139500617981,,,0.0,,,,,
GP010476_frame_000014,fog,0.9494723081588745,0.9275294542312622,0.02311057785250841,0.1382388025522232,0.19453181326389313,0.05629301071166992,4.586261749267578,0.45247727632522583,0.9525858759880066,0.509982168674469,0.7017114162445068,0.0,0.0,0.2980175316333771,0.6881862282752991,0.44296029210090637,0.7377249598503113,0.634105384349823,0.9209454655647278,0.0,,0.9009401202201843,,0.0,,,0.0
GP010476_frame_000068,fog,0.9713897705078125,0.9624211192131042,0.009232803839072426,0.07900651544332504,0.10395993292331696,0.024953417479991913,2.963308095932007,0.5807512998580933,0.9718105792999268,0.7681477665901184,0.9386091828346252,0.0,0.537514865398407,0.2212459295988083,0.190476194024086,0.4514579772949219,0.8754754066467285,0.5237416625022888,0.9778977632522583,0.8589930534362793,,0.8151476979255676,,,,,0.0
GP010476_frame_000147,fog,0.9698956608772278,0.9531763195991516,0.017238288385135553,0.08531308174133301,0.13091589510440826,0.045602813363075256,1.9402321577072144,0.39698588848114014,0.9432345628738403,0.0,0.0,0.7873641848564148,0.0,0.5619176626205444,,0.0,0.8439057469367981,0.008768979460000992,0.9573022127151489,0.0,,0.6613371968269348,,,,,
GP010476_frame_000102,fog,0.9332441687583923,0.8980585932731628,0.03770243231738249,0.18234783411026,0.2666874825954437,0.08433964848518372,3.203111410140991,0.5245723724365234,0.9220982789993286,0.7123245596885681,0.352408766746521,,0.0,0.5062379837036133,,0.186749666929245,0.6734753847122192,0.6079428791999817,0.7721261978149414,0.0,,0.664276123046875,0.8972286581993103,,,,
GP010476_frame_000058,fog,0.9301391243934631,0.9513168334960938,-0.02276832392009873,0.19212214648723602,0.1411764919757843,-0.05094565451145172,5.2289557456970215,0.6082984209060669,0.974500298500061,0.24402840435504913,0.7302330732345581,,,0.28812626004219055,0.5855844616889954,0.3215404152870178,0.9094405174255371,0.0,0.9087814688682556,,,0.7544102072715759,0.9746374487876892,,,,
GOPR0476_frame_000761,fog,0.9493730664253235,0.9684971570968628,-0.020143915122964394,0.13669289648532867,0.08956471085548401,-0.047128185629844666,2.8038949966430664,0.46261003613471985,0.9688657522201538,0.25553005933761597,0.8309220671653748,0.0,0.0,0.34633269906044006,0.8147987723350525,0.0,,0.0,0.9929704666137695,,,0.8792902827262878,,,,,
GOPR0476_frame_000962,fog,0.9556931257247925,0.9522263407707214,0.003627508479949324,0.12611418962478638,0.13530799746513367,0.00919380784034729,3.2282228469848633,0.49628064036369324,0.9880924224853516,0.8826131820678711,0.748932957649231,0.0,0.0,0.3859930634498596,0.6097114086151123,0.4545990526676178,0.9381425380706787,0.0,0.981931209564209,0.04722010716795921,,0.9133653044700623,0.0,,,,0.4936079680919647
GOPR0476_frame_000879,fog,0.96161949634552,0.9310294389724731,0.03181097842877528,0.10540542751550674,0.18520469963550568,0.07979927211999893,3.42431378364563,0.5326213836669922,0.989837646484375,0.824425220489502,0.805621862411499,0.7657597661018372,0.0,0.5205338001251221,0.0,0.5592556595802307,0.7172443866729736,0.7320486903190613,0.963057816028595,,,0.5789144039154053,0.0,,,,0.0
GOPR0476_frame_000916,fog,0.9174867272377014,0.9258958101272583,-0.009165345446708368,0.22151297330856323,0.20638127624988556,-0.015131697058677673,3.1386985778808594,0.5709595680236816,0.9143344759941101,0.617070198059082,0.6941084861755371,0.0,5.674402927979827e-05,0.6833020448684692,0.6278166770935059,0.0,0.8790823817253113,0.606225311756134,0.8756285905838013,0.6958162784576416,,0.8290333151817322,,,,,
GOPR0476_frame_001039,fog,0.9480304718017578,0.966517448425293,-0.019500403181551874,0.13464313745498657,0.09166574478149414,-0.04297739267349243,3.659231424331665,0.464530885219574,0.9466245174407959,0.7856833934783936,0.9253800511360168,,0.3074096441268921,0.09739339351654053,0.5395808815956116,0.034285712987184525,0.7933917045593262,0.0,0.9861010909080505,0.3210892975330353,0.0,0.766493022441864,0.0,,,,
GOPR0476_frame_000952,fog,0.9484713077545166,0.9528172612190247,-0.004582061031425809,0.138313427567482,0.1302681714296341,-0.0080452561378479,2.379531145095825,0.5392547249794006,0.9676296710968018,0.7280128002166748,0.1236196830868721,0.0,0.8556742668151855,0.39242491126060486,0.0,0.7067448496818542,0.9457006454467773,0.4335302710533142,0.9629340171813965,,,0.894040584564209,,,,0.0,
GOPR0476_frame_001029,fog,0.9518187046051025,0.9289273023605347,0.0240501703668069,0.1343490332365036,0.19377470016479492,0.05942566692829132,3.7746078968048096,0.4443680942058563,0.9757097959518433,0.8283045291900635,0.7303280830383301,0.041330646723508835,0.13612689077854156,0.22428031265735626,0.0,0.0,0.8459963798522949,0.7232058048248291,0.9780890345573425,,,0.7377815842628479,0.0,,,,0.0
GOPR0476_frame_000775,fog,0.9579071402549744,0.9383344650268555,0.02043274781163192,0.11680338531732559,0.1680312305688858,0.05122784525156021,2.800671100616455,0.5708901286125183,0.911527156829834,0.5728247165679932,0.7852333784103394,0.0,0.8879289031028748,0.7816348075866699,0.010582010261714458,0.05323740839958191,0.9437286257743835,,0.9884210824966431,0.1309669464826584,,0.7845965623855591,,,,,
GOPR0476_frame_000899,fog,0.93819260597229,0.9410116672515869,-0.003004778796276667,0.16579657793045044,0.1597532480955124,-0.006043329834938049,2.8621766567230225,0.5989446640014648,0.984703779220581,0.8602723479270935,0.8856670260429382,0.03201669082045555,,0.0,,0.0,0.9198526740074158,0.4404364228248596,0.9265759587287903,,,0.9399216175079346,,,,,
GOPR0476_frame_001033,fog,0.9623371958732605,0.9487781524658203,0.014089700912203853,0.10433495044708252,0.13954919576644897,0.035214245319366455,3.2815678119659424,0.4615534245967865,0.8452128767967224,0.21311600506305695,0.8333680033683777,,0.0,0.44742506742477417,0.26143792271614075,0.0,0.8600846529006958,0.6322119832038879,0.964506208896637,0.0,,0.9428324103355408,,,,0.0,
GOPR0476_frame_000957,fog,0.9393329620361328,0.9212308526039124,0.019271238177641797,0.15963305532932281,0.20995865762233734,0.050325602293014526,2.2774126529693604,0.36901378631591797,0.9682910442352295,0.5194585919380188,0.3894009292125702,0.0,0.0,0.2590378522872925,0.2224137932062149,0.0,0.8887428045272827,0.4816364049911499,0.9616991281509399,0.0,,0.8445258140563965,0.0,,,,0.0
GOPR0476_frame_000935,fog,0.9562424421310425,0.9302735924720764,0.027157181320587635,0.11911845207214355,0.18818573653697968,0.06906728446483612,2.946335554122925,0.5960317254066467,0.9662578701972961,0.5417628884315491,0.7880772948265076,0.13677775859832764,0.0,0.30889594554901123,0.45117029547691345,0.7273844480514526,0.6606888175010681,0.8156344294548035,0.9720343947410583,,,0.7836955785751343,,,,,
GOPR0476_frame_000834,fog,0.9379242658615112,0.9174978733062744,0.02177829605324435,0.17241933941841125,0.22876565158367157,0.056346312165260315,3.5280044078826904,0.5643027424812317,0.9182006120681763,0.7911827564239502,0.9146897792816162,0.5869264602661133,0.01095617562532425,0.7035126686096191,0.48696330189704895,0.7410751581192017,0.8904048800468445,0.0005447512958198786,0.9748634696006775,,0.0,0.8809182643890381,0.0,,,,
GOPR0476_frame_000889,fog,0.9439284205436707,0.911797821521759,0.0340392321941246,0.15003088116645813,0.23754215240478516,0.08751127123832703,2.90818190574646,0.36976170539855957,0.9524422287940979,0.66265869140625,0.6287091374397278,0.2755787968635559,0.5535491108894348,0.17855899035930634,0.0,0.0,0.6376885771751404,0.08488140255212784,0.9539989829063416,,,0.2485981285572052,0.0,,,,0.0
GOPR0476_frame_001024,fog,0.9537479877471924,0.9209954142570496,0.03434090930466568,0.12652574479579926,0.212185338139534,0.08565959334373474,2.6837780475616455,0.537829577922821,0.9228002429008484,0.6972984075546265,0.853122889995575,0.0,,0.5083742737770081,0.7154363393783569,0.327377051115036,0.8802447319030762,0.12672777473926544,0.9619237780570984,0.0,,0.4606492519378662,,,,,
GOPR0476_frame_000910,fog,0.9401156306266785,0.9400634765625,5.547622220570763e-05,0.15653745830059052,0.16787445545196533,0.011336997151374817,3.195831775665283,0.519493818283081,0.9391688704490662,0.7642419338226318,0.8363116383552551,0.48466381430625916,0.0,0.2259700745344162,0.28208231925964355,0.28304705023765564,0.8836246132850647,0.8373728394508362,0.949638843536377,0.27912843227386475,,0.5076632499694824,0.0,,,,
GOPR0476_frame_000894,fog,0.9607121348381042,0.9388426542282104,0.022763822365937887,0.1103382483124733,0.1679888814687729,0.05765063315629959,3.3211472034454346,0.7045546174049377,0.9937949776649475,0.9005875587463379,0.9048281908035278,0.6225084662437439,0.5563493371009827,0.40689927339553833,,0.47835657000541687,0.9281594157218933,0.4805985689163208,0.9427613019943237,,,0.5352572798728943,,,,,
GOPR0476_frame_001055,fog,0.9618002772331238,0.9427289962768555,0.019828732855894603,0.10692420601844788,0.15668541193008423,0.04976120591163635,3.3367977142333984,0.4513210654258728,0.9264293313026428,0.21933674812316895,0.6129713654518127,0.0,0.0,0.5233790278434753,0.2164948433637619,0.519942581653595,0.8309618234634399,0.0,0.974553644657135,,0.6236379146575928,0.6734597086906433,0.0,,,,0.6486486196517944
GOPR0476_frame_001002,fog,0.9478448033332825,0.9061180949211121,0.04402272167891096,0.14464916288852692,0.2490849792957306,0.10443581640720367,3.14522123336792,0.47585785388946533,0.8950985074043274,0.5299880504608154,0.39903441071510315,0.001249041873961687,0.00026391117717139423,0.5593516230583191,0.7666427493095398,0.7091453075408936,0.8186624050140381,0.7931674718856812,0.9584411978721619,,,0.7068233489990234,0.0,0.0,0.0,,
GOPR0476_frame_000940,fog,0.9559788107872009,0.9461472630500793,0.010284273587803747,0.1215544044971466,0.15418849885463715,0.03263409435749054,3.2910046577453613,0.483430951833725,0.9716818928718567,0.7725433111190796,0.8289521932601929,,0.0,0.3743512034416199,0.5725234150886536,0.0,0.8871416449546814,0.4105478823184967,0.9715716242790222,0.0,,0.33418935537338257,0.6445308923721313,0.0,,,
GOPR0476_frame_000798,fog,0.9592902064323425,0.9491176605224609,0.01060424231961199,0.11505177617073059,0.14010067284107208,0.02504889667034149,3.3440558910369873,0.46568694710731506,0.9484508037567139,0.8674516081809998,0.15056103467941284,0.25223273038864136,0.00879333633929491,0.195835679769516,0.0,0.6586812138557434,0.6572965383529663,,0.9959242939949036,,,0.8667203187942505,0.0,0.9176697134971619,0.0,,
GOPR0476_frame_000854,fog,0.9343823194503784,0.9051558375358582,0.03127893260964368,0.17758817970752716,0.2460363209247589,0.06844814121723175,3.064945936203003,0.5307489037513733,0.9693459272384644,0.37301942706108093,0.7401854395866394,0.4968610107898712,0.0,0.2940336763858795,0.0,0.4580579698085785,0.7122251987457275,0.6398847103118896,0.8900309205055237,,,0.7953422665596008,,,,,
GOPR0476_frame_000921,fog,0.9496920108795166,0.9382983446121216,0.01199722227511532,0.13939908146858215,0.16537341475486755,0.0259743332862854,3.54508638381958,0.511371910572052,0.9264772534370422,0.8483080863952637,0.8268240094184875,0.0,0.0,0.48815393447875977,0.7605395913124084,0.4980659782886505,0.8523470759391785,0.07073955237865448,0.9757429361343384,0.0,,0.91200852394104,,,,,0.0
GOPR0476_frame_000884,fog,0.9662039875984192,0.9286981225013733,0.03881774986469717,0.09444504231214523,0.18922947347164154,0.09478443115949631,3.272146463394165,0.4863939881324768,0.9782841205596924,0.5288880467414856,0.7217661142349243,0.5585054159164429,0.0,0.04883116856217384,,0.3598310351371765,0.598624587059021,0.0,0.9339698553085327,0.6647230386734009,,0.9296987056732178,0.0,,,,
GOPR0476_frame_000840,fog,0.9388328194618225,0.9556730389595032,-0.01793739947007836,0.1678810864686966,0.12659433484077454,-0.04128675162792206,3.549750566482544,0.4386819303035736,0.9571079611778259,0.8738954663276672,0.6744718551635742,0.0,0.18310624361038208,0.010723860934376717,,0.0,0.9022246599197388,0.5267782807350159,0.9875001311302185,0.6857003569602966,0.0,0.778719425201416,0.0,,,,0.0
GOPR0476_frame_000982,fog,0.9518588185310364,0.9417975544929504,0.010570122098476579,0.13476109504699707,0.15547055006027222,0.020709455013275146,3.888394594192505,0.5098756551742554,0.9286952614784241,0.16357481479644775,0.7190820574760437,0.0,0.0,0.6570948362350464,0.8239951729774475,0.4864288866519928,0.842600405216217,0.2774631977081299,0.9793834686279297,0.963126003742218,,0.8066911101341248,0.0,,0.0,,
GOPR0476_frame_000864,fog,0.9551773071289062,0.9488277435302734,0.006647523433364682,0.12572477757930756,0.1476772576570511,0.02195248007774353,2.5466930866241455,0.5437111258506775,0.9827020168304443,0.8865090608596802,0.5831359028816223,0.3193851113319397,0.0,0.361784964799881,0.0,0.47516149282455444,0.9578632712364197,0.7386026382446289,0.9602972865104675,,,0.8028029799461365,,,,,0.0
GOPR0476_frame_000826,fog,0.9478387832641602,0.951507031917572,-0.0038701187158410952,0.14028489589691162,0.12997651100158691,-0.010308384895324707,3.645189046859741,0.4110313951969147,0.8060932159423828,0.6983175277709961,0.9493271112442017,0.0,0.0,0.31139063835144043,0.36047273874282837,0.3722587823867798,0.8087476491928101,0.0,0.9863587021827698,0.0,,0.8725049495697021,0.0,,,,0.0
GOPR0476_frame_001019,fog,0.9641132354736328,0.95550137758255,0.008932413211325688,0.09673235565423965,0.12526771426200867,0.028535358607769012,3.1031394004821777,0.4790579676628113,0.913892924785614,0.5899465084075928,0.8410152792930603,,0.0,0.0,0.2646048069000244,0.0,0.9319478869438171,0.7045837640762329,0.9821329116821289,,,0.9433800578117371,0.0,,,0.05624999850988388,
GOPR0476_frame_000850,fog,0.9478367567062378,0.9366406202316284,0.011812304468327702,0.1369154155254364,0.16544130444526672,0.028525888919830322,3.3787739276885986,0.5778942108154297,0.9765667915344238,0.9221894145011902,0.8125309944152832,0.012091097421944141,0.429537832736969,0.07366602122783661,,0.0,0.822066068649292,0.823383629322052,0.9627640247344971,,0.7356116771697998,0.8890511989593506,0.0,,,,0.6310609579086304
GOPR0476_frame_001015,fog,0.9679309129714966,0.9533639550209045,0.01504958422639526,0.09188609570264816,0.1293598860502243,0.03747379034757614,3.160404682159424,0.4922868609428406,0.9825052618980408,0.7557711601257324,0.901441752910614,,,0.2473701685667038,0.0,0.3863360583782196,0.8443785309791565,0.5385245680809021,0.9779137969017029,,,0.7654879689216614,0.0,,,0.0,0.0
GOPR0476_frame_000926,fog,0.9522169828414917,0.9427192807197571,0.009974304379291442,0.13029326498508453,0.15576250851154327,0.02546924352645874,3.067653179168701,0.4505781829357147,0.9656452536582947,0.6295966506004333,0.7652857303619385,0.5794159770011902,0.0,0.0,0.0,0.3412322402000427,0.8108920454978943,0.00491322111338377,0.982025146484375,0.7702335715293884,,0.9094327688217163,0.0,,,,0.0
GOPR0476_frame_000948,fog,0.9383299350738525,0.9421499371528625,-0.004071064873357901,0.1642419397830963,0.15940161049365997,-0.00484032928943634,3.2993271350860596,0.4807164967060089,0.933750331401825,0.6208440661430359,0.8545451164245605,0.0,0.0636293962597847,0.27310895919799805,,0.2923378646373749,0.8366339802742004,0.09030036628246307,0.9738879203796387,,0.5858526825904846,0.9237232208251953,0.0,,,,0.28141677379608154
GOPR0476_frame_001060,fog,0.9512727856636047,0.9539366960525513,-0.002800364313044607,0.126114621758461,0.1256379634141922,-0.00047665834426879883,3.9353723526000977,0.5750478506088257,0.9534023404121399,0.7929247617721558,0.8568770885467529,0.0,0.0,0.5919942855834961,0.6360201239585876,,0.7858419418334961,,0.965916097164154,0.4020408093929291,,0.9155564904212952,,0.0,,,
GOPR0476_frame_000788,fog,0.9538132548332214,0.9293214082717896,0.02567782129315888,0.13029015064239502,0.1875707358121872,0.057280585169792175,2.9511489868164062,0.48229363560676575,0.710054874420166,0.021676596254110336,0.6090748310089111,0.5370303392410278,0.7881969213485718,0.5117152333259583,0.0,0.5419064164161682,0.9344515800476074,0.7137502431869507,0.981005847454071,0.0,0.0,0.8855416178703308,,,,,0.0
GOPR0476_frame_000874,fog,0.9551219940185547,0.9392204284667969,0.016648727057751774,0.1195221096277237,0.16645140945911407,0.04692929983139038,2.722926378250122,0.5418002009391785,0.9236394166946411,0.725674569606781,0.7928628921508789,0.8101817965507507,0.0,0.2906940281391144,0.0,0.0,0.7344013452529907,0.41428422927856445,0.9658728241920471,,,0.8439916372299194,,,,,
GOPR0476_frame_000859,fog,0.953984797000885,0.9153754115104675,0.04047169850827788,0.12573634088039398,0.22471056878566742,0.09897422790527344,3.0508668422698975,0.5438039302825928,0.9903862476348877,0.7489801049232483,0.7572981715202332,0.7208660840988159,0.1926271915435791,0.5456834435462952,0.0,0.0,0.8257358074188232,0.6827439665794373,0.9393178224563599,0.0,,0.6658124923706055,,,,,
GOPR0476_frame_000904,fog,0.9310941696166992,0.9349584579467773,-0.004150265799823735,0.1821039468050003,0.17688891291618347,-0.0052150338888168335,3.377117872238159,0.5018246173858643,0.9747453927993774,0.8018804788589478,0.8219429850578308,0.7561614513397217,0.0,0.15105679631233215,,0.43890273571014404,0.9205502867698669,0.739825427532196,0.9572091698646545,0.0,,0.8198660612106323,0.14522822201251984,0.0,0.0,,
GOPR0476_frame_000869,fog,0.9556918740272522,0.9496195912361145,0.006353808055321457,0.12065720558166504,0.1375550925731659,0.016897886991500854,3.2635486125946045,0.6355423331260681,0.9788625240325928,0.7916824221611023,0.7313903570175171,0.6663872599601746,0.0016380988527089357,0.33303046226501465,,0.8137902617454529,0.8380013108253479,0.6041015982627869,0.9764677286148071,0.027939142659306526,,0.8632168173789978,,,,,
GOPR0476_frame_000781,fog,0.9724491834640503,0.9385094046592712,0.03490133883897734,0.07881634682416916,0.16514292359352112,0.08632657676935196,3.1552371978759766,0.39609816670417786,0.747130274772644,0.4527747631072998,0.5443107485771179,,0.9567925333976746,0.045353151857852936,0.4566326439380646,0.0,0.6709437370300293,,0.7891808152198792,0.0,0.0,0.8822557926177979,,,,0.0,0.0
GOPR0476_frame_000931,fog,0.9593828320503235,0.96104896068573,-0.0017366671180461856,0.11292873322963715,0.11141101270914078,-0.0015177205204963684,2.758366107940674,0.37166592478752136,0.9918041825294495,0.7394338846206665,0.8976701498031616,,0.0,0.38916847109794617,0.03921568766236305,0.0,0.44232019782066345,,0.9706567525863647,0.0,0.0,0.7330536842346191,0.0,,,,0.0
GOPR0476_frame_000845,fog,0.9570488333702087,0.929901123046875,0.028366065652129287,0.11738865822553635,0.18937979638576508,0.07199113816022873,3.4038002490997314,0.544252336025238,0.9766608476638794,0.7261748313903809,0.8662135004997253,0.7622838616371155,0.0,0.3341672420501709,0.0,0.5454545617103577,0.8371898531913757,0.6710664629936218,0.9657710790634155,0.6088595390319824,0.0,0.8699432611465454,,,,,0.0
GOPR0476_frame_000944,fog,0.9379007816314697,0.9434616565704346,-0.005929065193869549,0.16269451379776,0.15530605614185333,-0.007388457655906677,4.808748245239258,0.4524308145046234,0.95919269323349,0.8353285789489746,0.7500303387641907,0.0,0.0,0.08037270605564117,,0.2792506515979767,0.7176175117492676,0.04608853906393051,0.9671967625617981,0.0,0.0,0.7453681230545044,,0.9535856246948242,,,
GOPR0476_frame_000769,fog,0.9557108283042908,0.9342057108879089,0.022501698792637085,0.1205800399184227,0.17561253905296326,0.05503249913454056,3.6584548950195312,0.5278095602989197,0.8151238560676575,0.4798404574394226,0.5768565535545349,0.07584504783153534,0.9430999159812927,0.16438010334968567,,0.3705807030200958,0.9387986063957214,0.6670040488243103,0.8597517013549805,0.1379091888666153,0.0,0.8323347568511963,,,,,
GOPR0476_frame_001011,fog,0.9645054936408997,0.9401782155036926,0.025222539472687606,0.09665068238973618,0.16633553802967072,0.06968485563993454,2.200881242752075,0.4432150423526764,0.9848864078521729,0.8449451923370361,0.6260534524917603,,0.37795835733413696,0.6432065963745117,0.0,0.44530385732650757,0.9008527994155884,0.10736498981714249,0.9650895595550537,0.10432802140712738,,0.20502091944217682,0.0,,,,0.0
GOPR0476_frame_001007,fog,0.9600143432617188,0.9301367998123169,0.031121975778685727,0.10899810492992401,0.19370515644550323,0.08470705151557922,3.665414571762085,0.3996937572956085,0.9476761221885681,0.7662432193756104,0.1607290506362915,0.0,0.0,0.8089550733566284,0.0,0.0,0.9096277356147766,0.6580532193183899,0.9804092049598694,0.0,0.0,0.8530885577201843,0.3103179335594177,,,,0.0
GP020475_frame_000100,fog,0.9694750905036926,0.9668323993682861,0.0027258989261647656,0.08647973090410233,0.0938267707824707,0.007347039878368378,2.756438970565796,0.4164106249809265,0.9737280607223511,0.9436560869216919,0.9726607203483582,0.0,0.0,0.0,0.0,0.0,0.859255850315094,,0.9830256104469299,0.0,,0.8432120680809021,,,0.0,0.6706214547157288,0.0
GP020475_frame_000061,fog,0.9419405460357666,0.9136478900909424,0.030036562035184216,0.16313405334949493,0.23621797561645508,0.07308392226696014,3.669072389602661,0.415728360414505,0.9103740453720093,0.0,0.5199521780014038,0.0,0.0,0.5643888115882874,0.4811142683029175,0.0,0.8260746002197266,0.7104647755622864,0.9620828628540039,,,0.8457455039024353,,,0.0,0.0,
GP020475_frame_000130,fog,0.960961639881134,0.9455017447471619,0.016087941840222737,0.10881499201059341,0.14914345741271973,0.04032846540212631,3.8510072231292725,0.4775235056877136,0.9639387726783752,0.9337368011474609,0.7852203249931335,0.2832644283771515,0.0,0.0,0.0,0.341317355632782,0.43911686539649963,0.0,0.9741197824478149,0.7337016463279724,,0.7533905506134033,,,,,
GP020475_frame_000088,fog,0.9738036394119263,0.9569532871246338,0.017303644628430277,0.07227857410907745,0.11418119072914124,0.04190261662006378,2.74774432182312,0.46312808990478516,0.8447281122207642,0.37881380319595337,0.8877564668655396,,,0.5711653828620911,0.28780636191368103,0.0,0.0,0.0,0.9911676049232483,,,0.6698427200317383,,,,,
GP020475_frame_000094,fog,0.9694828391075134,0.9692891240119934,0.00019981281329355105,0.08720820397138596,0.08451662957668304,-0.0026915743947029114,3.1126253604888916,0.5559808015823364,0.9742789268493652,0.927047848701477,0.9237627983093262,,0.0,0.0,0.0,0.18161633610725403,0.7326681613922119,,0.9794892072677612,,,0.840944230556488,,,,,
GP020475_frame_000125,fog,0.930084228515625,0.9220492243766785,0.008639006883688361,0.18159253895282745,0.21368704736232758,0.03209450840950012,3.225972890853882,0.4125880300998688,0.9462572932243347,0.9178770184516907,0.729801595211029,0.8622407913208008,0.0,0.1019076332449913,0.0,0.4476376175880432,0.865851640701294,0.0,0.943790078163147,0.0,0.0,0.786044716835022,0.0,,,0.0,
GP020475_frame_000189,fog,0.9464607238769531,0.9628786444664001,-0.01734664735872864,0.14586295187473297,0.10201604664325714,-0.04384690523147583,3.537008047103882,0.4173739552497864,0.9633960127830505,0.9438057541847229,0.9307301640510559,0.0,,0.056593406945466995,0.0,0.5884594321250916,0.2450963407754898,,0.982233464717865,0.09836497902870178,0.0,0.6169949173927307,0.4544578492641449,,,0.0,0.38047707080841064
GP020475_frame_000109,fog,0.953359842300415,0.9273372292518616,0.02729568796689105,0.12290000915527344,0.20086868107318878,0.07796867191791534,3.1686203479766846,0.4998636841773987,0.893175482749939,0.4398069977760315,0.8552795052528381,0.0,0.43621593713760376,0.18460355699062347,0.5112699270248413,0.44693639874458313,0.8307703137397766,0.0,0.9841144680976868,,,0.9160552620887756,,,0.0,,
GP020475_frame_000199,fog,0.9633937478065491,0.9477835893630981,0.01620330038155123,0.101931132376194,0.1399492472410202,0.0380181148648262,3.95058012008667,0.5524908900260925,0.9488523602485657,0.9617624878883362,0.7235136032104492,0.6200851202011108,,0.26263463497161865,0.0,0.8316358923912048,0.8787676692008972,,0.9828025698661804,,,0.6509667038917542,0.0,,0.8738508820533752,0.0,0.0
GP020475_frame_000173,fog,0.9441559910774231,0.9477519989013672,-0.003808700913663112,0.14921993017196655,0.13862015306949615,-0.010599777102470398,3.690793752670288,0.5752130150794983,0.9517531394958496,0.6367447376251221,0.8847371935844421,0.40135738253593445,0.051088374108076096,0.3618665933609009,0.5102788805961609,0.5736842155456543,0.48593834042549133,0.0,0.9911583662033081,0.5319955348968506,,0.7898454666137695,,,0.882534921169281,,
GP020475_frame_000081,fog,0.95918869972229,0.9464329481124878,0.013298479726158751,0.11502081900835037,0.1471194326877594,0.03209861367940903,4.0113420486450195,0.5616597533226013,0.9562123417854309,0.15352953970432281,0.7632919549942017,0.0,0.0,0.3746202886104584,0.7778578400611877,0.6979591846466064,0.8853864073753357,0.8926526308059692,0.9617518186569214,0.0,,0.8383145928382874,,,,,
GP020475_frame_000140,fog,0.9539108276367188,0.946204423904419,0.00807874638618443,0.12541405856609344,0.1436193734407425,0.018205314874649048,4.1063551902771,0.5309969782829285,0.9812527894973755,0.9414345622062683,0.8758607506752014,0.19613581895828247,0.0,0.01717599853873253,0.638225257396698,0.0008271298720501363,0.8643431663513184,0.0,0.9849461317062378,,,0.8717619180679321,,,,,
GP020475_frame_000054,fog,0.960595965385437,0.9377528429031372,0.023780156348389914,0.10636365413665771,0.17682534456253052,0.0704616904258728,2.9797489643096924,0.4000897705554962,0.9679964184761047,,0.33235618472099304,0.0,0.12266194820404053,0.29193994402885437,0.0,0.0,0.8097630143165588,0.5218281745910645,0.8998715281486511,0.0,,0.8546599745750427,,,,,
GP020475_frame_000229,fog,0.95647132396698,0.9377186894416809,0.019606060170692437,0.12426906079053879,0.1731853038072586,0.04891624301671982,3.723883867263794,0.5533685088157654,0.9697086811065674,0.9361138939857483,0.8036072254180908,0.6183668971061707,0.0,0.7505152225494385,,0.9008418321609497,0.9129815101623535,,0.9759647846221924,0.0,0.0,0.8790590763092041,0.0,,,0.0,
GP020475_frame_000119,fog,0.9406263828277588,0.9206882119178772,0.021196695161766033,0.1576761156320572,0.20928801596164703,0.051611900329589844,2.968810558319092,0.6139331459999084,0.8606606721878052,0.6431666016578674,0.7585225105285645,0.037025291472673416,0.0,0.48545604944229126,0.6715790629386902,0.5709892511367798,0.9067547917366028,0.6608279347419739,0.9549670219421387,0.5844605565071106,,0.8467211723327637,,,,,
GP020475_frame_000160,fog,0.9411814212799072,0.9414645433425903,-0.0003008156060814857,0.15834392607212067,0.16124488413333893,0.0029009580612182617,3.86676287651062,0.5170683264732361,0.9697877168655396,0.9296773076057434,0.7904410362243652,0.7174190282821655,0.0,0.15089306235313416,0.4763071835041046,0.009482759051024914,0.8093371391296387,0.31656137108802795,0.9670204520225525,0.0,,0.9375814199447632,,,0.0,,0.6815164685249329
GP020475_frame_000179,fog,0.9535946249961853,0.9546799063682556,-0.0011380950901371777,0.13131383061408997,0.12655679881572723,-0.004757031798362732,2.7884161472320557,0.7050970196723938,0.887556791305542,0.6974171996116638,0.8506925106048584,0.6338842511177063,0.4127182066440582,0.4150927662849426,,0.6903237700462341,0.9657968282699585,,0.8833740949630737,,,0.6141132712364197,,,,,
GP020475_frame_000194,fog,0.9122366309165955,0.9363115429878235,-0.02639108208483939,0.21721632778644562,0.17384015023708344,-0.04337617754936218,3.690068483352661,0.409792959690094,0.9066367149353027,0.7700594067573547,0.8740691542625427,0.8294599056243896,0.0,0.011638255789875984,0.0,0.0,0.923289954662323,0.07911771535873413,0.9763418436050415,0.0,,0.366489052772522,,,0.0,,
GP020475_frame_000135,fog,0.9400333762168884,0.9451423287391663,-0.005434862843370409,0.15571819245815277,0.15390515327453613,-0.0018130391836166382,3.352604866027832,0.5020663738250732,0.9913959503173828,0.9633649587631226,0.8023672103881836,0.42648670077323914,0.0,0.39768561720848083,0.0,0.303486704826355,0.824917197227478,0.0,0.9661540985107422,0.0,,0.8510039448738098,,,,,
GP020475_frame_000184,fog,0.9489142298698425,0.9555525183677673,-0.006995667489229946,0.13787347078323364,0.12502622604370117,-0.01284724473953247,3.820533037185669,0.5321623086929321,0.9807785749435425,0.9556452631950378,0.8648588061332703,0.43267929553985596,0.5048691034317017,0.0,0.0,0.0,0.8493251204490662,,0.9712991714477539,0.0,,0.9227133989334106,,,,,0.43594151735305786
GP020475_frame_000209,fog,0.9439758658409119,0.9470584988594055,-0.003265584531752555,0.1452660858631134,0.14773331582546234,0.002467229962348938,2.9018232822418213,0.4846195876598358,0.978466808795929,0.948112964630127,0.908945620059967,0.8462865352630615,0.0,0.1254700869321823,0.0,0.6159613132476807,0.937027096748352,,0.982454240322113,,0.0,0.2526901662349701,0.0,,,0.67387855052948,0.0
GP020475_frame_000204,fog,0.9182920455932617,0.9321186542510986,-0.015056874960008498,0.19724345207214355,0.19196921586990356,-0.00527423620223999,3.182992458343506,0.5356316566467285,0.9586100578308105,0.8419856429100037,0.7912895679473877,0.5955368280410767,,0.09649122506380081,0.0,,0.8594786524772644,,0.9826211333274841,0.0,,0.765934944152832,,,,,0.0
GOPR0351_frame_000071,night,0.9041544795036316,0.8377970457077026,0.07339169861597244,0.25722917914390564,0.4352991282939911,0.17806994915008545,2.522507905960083,0.13233935832977295,0.658197820186615,0.1145482137799263,0.022062785923480988,0.0,0.10567113012075424,0.422500342130661,0.0,0.0,0.5006654262542725,0.0019289060728624463,0.0,0.0,0.0,0.29185494780540466,,,0.0,,0.0
GOPR0351_frame_000055,night,0.9551226496696472,0.885428249835968,0.07296905704005047,0.1309310793876648,0.3150988221168518,0.184167742729187,1.4207196235656738,0.22756607830524445,0.712413489818573,0.04052194580435753,0.4194236397743225,,0.0,0.7251285314559937,0.0,0.013030302710831165,0.8304259777069092,0.0,0.005670322570949793,0.14499999582767487,0.0,0.29431071877479553,,,,,0.0
GOPR0351_frame_000061,night,0.9558448791503906,0.9074723124504089,0.050607130141144534,0.12441156059503555,0.260261207818985,0.13584964722394943,3.127610445022583,0.1404949277639389,0.48912525177001953,0.037868790328502655,0.445101797580719,0.0,0.0,0.3337736129760742,0.0,0.0,0.74690181016922,0.0,1.4952152923797257e-05,0.02774813212454319,0.0,0.02688971534371376,,,0.0,,
GOPR0351_frame_000774,night,0.9267046451568604,0.8437141180038452,0.08955445156252893,0.19769863784313202,0.4618125557899475,0.2641139179468155,2.165972948074341,0.17964181303977966,0.5580781102180481,0.0,0.16183705627918243,0.0,0.00048753307783044875,0.31554463505744934,0.0,0.7137428522109985,0.332815557718277,0.0016240546246990561,0.0,0.0,,0.6104974746704102,0.0,,,,0.0
GOPR0351_frame_000083,night,0.9372238516807556,0.8728855848312378,0.06864770465205379,0.16499651968479156,0.3480038642883301,0.1830073446035385,2.1913468837738037,0.11573740094900131,0.6774743795394897,0.0,0.10828107595443726,0.0,0.08461359143257141,0.04480471834540367,0.30475693941116333,0.0,0.5395250916481018,0.0,0.012576591223478317,0.0,0.0,0.11855219304561615,0.0,0.0,0.19268853962421417,,0.0
GOPR0351_frame_000761,night,0.9380720257759094,0.8818904757499695,0.05989044325308171,0.17824824154376984,0.3271012604236603,0.14885301887989044,1.359444260597229,0.19970086216926575,0.6654841899871826,0.07201946526765823,0.5003411173820496,0.0,0.0005128204938955605,0.36477357149124146,0.0,0.46434393525123596,0.6190257668495178,0.0010214156936854124,0.019895048812031746,0.10361923277378082,,0.5481904745101929,0.03568773344159126,,0.0,0.0,0.0
GOPR0351_frame_000822,night,0.9250602722167969,0.8924997448921204,0.03519827621033419,0.20831139385700226,0.31901267170906067,0.11070127785205841,1.2548025846481323,0.06763505190610886,0.7029207348823547,0.0,0.12244343012571335,0.0,0.041227906942367554,0.0,0.0,0.0,0.0,,0.0,,,0.012663684785366058,,0.0,0.0,,
GOPR0351_frame_000143,night,0.941243052482605,0.9088981747627258,0.034364001190688095,0.17020703852176666,0.2895813584327698,0.11937431991100311,2.2701222896575928,0.17825739085674286,0.5599155426025391,0.2658557891845703,0.6518035531044006,0.0,0.0,0.08782577514648438,0.0,0.3758407235145569,0.0,,0.0,0.0,0.0,0.0,,,,,0.5543621778488159
GOPR0351_frame_000099,night,0.936901867389679,0.9106306433677673,0.028040528742568432,0.17192469537258148,0.2631850242614746,0.09126032888889313,2.203047513961792,0.1705779731273651,0.6027921438217163,0.02365724742412567,0.1264716237783432,0.00186697777826339,0.0,0.21765486896038055,,0.11697027832269669,0.7775055766105652,0.05972382798790932,0.0010577971115708351,0.2680693566799164,0.0,0.5334779620170593,,0.0,,0.0,0.0
GOPR0351_frame_000814,night,0.9245409369468689,0.8679396510124207,0.061220961733889516,0.19869841635227203,0.3312968313694,0.132598415017128,1.9337488412857056,0.1486564725637436,0.695399284362793,0.07264860719442368,0.2741497755050659,0.0,0.0,0.0,,0.0,0.3987515866756439,,0.01042476762086153,,,0.48116016387939453,0.0,0.0,0.0,,
GOPR0351_frame_000065,night,0.9521000385284424,0.9232951402664185,0.030254066583175292,0.13423354923725128,0.21815373003482819,0.0839201807975769,2.7851507663726807,0.21765609085559845,0.6520907878875732,0.00029973822529427707,0.0,0.24121826887130737,,0.3509765565395355,0.0,0.11959654092788696,0.6432880759239197,0.0,0.00044418429024517536,0.0,,0.6039591431617737,,,,,
GOPR0351_frame_000067,night,0.947844386100769,0.89082270860672,0.06015932333263156,0.14417964220046997,0.28452083468437195,0.14034119248390198,3.3998396396636963,0.19719654321670532,0.6834584474563599,0.07055147737264633,0.11800850927829742,0.0,,0.41099488735198975,0.0,0.22768251597881317,0.6152383685112,0.0,0.0018987661460414529,0.0,,0.23852548003196716,,,,,
GOPR0351_frame_000081,night,0.9454949498176575,0.8870347142219543,0.061830298499927924,0.1539394110441208,0.3216187059879303,0.1676792949438095,2.162806749343872,0.11086666584014893,0.48263585567474365,0.0002381821977905929,0.12032599002122879,0.0,0.0,0.24842506647109985,0.24265208840370178,0.0,0.715099036693573,0.0,0.002030304865911603,0.0,0.0,0.0,,0.0,0.07332679629325867,,0.0
GOPR0351_frame_000748,night,0.9465613961219788,0.8633443713188171,0.08791508323173472,0.1507866233587265,0.3796314299106598,0.2288448065519333,3.115689277648926,0.05035168677568436,0.39420995116233826,0.0,0.10222842544317245,0.003313167719170451,0.0,0.0,,0.0,0.19968953728675842,0.0,0.0,,,0.027307434007525444,0.0,0.0,0.02852679044008255,,0.0
GOPR0351_frame_000651,night,0.9452942609786987,0.8890522718429565,0.05949680524088307,0.15031147003173828,0.3384861946105957,0.18817472457885742,2.5021586418151855,0.16257821023464203,0.643782377243042,0.012961735017597675,0.3806431293487549,0.0,0.5237733721733093,0.24715253710746765,0.018705036491155624,0.22178849577903748,0.052076306194067,0.012633859179913998,0.0,0.0,,0.0,,,,,
GOPR0351_frame_000712,night,0.9252283573150635,0.847503125667572,0.08400653762167244,0.20470277965068817,0.39225128293037415,0.18754850327968597,4.070606708526611,0.19052687287330627,0.857734203338623,0.18999254703521729,0.2695523798465729,0.0,0.0,0.43770602345466614,0.1692078858613968,0.0,0.5180831551551819,0.042534239590168,0.0,,,0.18256598711013794,0.0,0.0,,,
GOPR0351_frame_000770,night,0.9174927473068237,0.7397990822792053,0.1936730983568897,0.2163974940776825,0.7464420199394226,0.5300445258617401,3.6394119262695312,0.15060029923915863,0.4305114150047302,0.05937623232603073,0.0433846041560173,0.0,0.005921152886003256,0.634543776512146,0.0,0.7920404672622681,0.1196361780166626,0.09291048347949982,0.0005177536513656378,,0.0,0.06551879644393921,,0.0,0.014643780887126923,,
GOPR0351_frame_000085,night,0.9299219846725464,0.8618934750556946,0.07315507107755495,0.1928423047065735,0.37880557775497437,0.18596327304840088,2.58447527885437,0.25938940048217773,0.7818177342414856,0.0,0.2355203479528427,0.0,0.48454949259757996,0.43232035636901855,,0.56797856092453,0.7378750443458557,0.0,0.0,0.0,0.0,0.0,,,0.6507792472839355,0.0,
GOPR0351_frame_000079,night,0.9357168674468994,0.870472252368927,0.0697268764201327,0.1757708191871643,0.3590897023677826,0.1833188831806183,1.6581367254257202,0.21644333004951477,0.7697452902793884,0.05040375888347626,0.2548469603061676,0.0,0.018755605444312096,0.7040471434593201,0.0,0.3058892488479614,0.7064318060874939,0.0,0.0,0.0,0.0,0.6529735326766968,,0.0,0.0,,
GOPR0351_frame_000049,night,0.9470848441123962,0.8385352492332458,0.11461443439604214,0.1380251795053482,0.4092138409614563,0.2711886614561081,1.6654908657073975,0.20851516723632812,0.757338285446167,0.014377512969076633,0.4427855908870697,0.0,,0.5532140135765076,0.0,0.0,0.479223370552063,0.0,0.004944121930748224,,,0.25029903650283813,,0.0,,,
GOPR0351_frame_000089,night,0.9513653516769409,0.8837886452674866,0.07103128738084291,0.12951888144016266,0.33932965993881226,0.2098107784986496,1.809481143951416,0.23671454191207886,0.7949134707450867,0.012083769775927067,0.025471443310379982,0.0,0.11226999759674072,0.5767582654953003,,0.0,0.6418176293373108,0.37501561641693115,0.0,0.009046625345945358,,0.5299121141433716,,,,,0.0
GOPR0351_frame_000033,night,0.9465641379356384,0.7248977422714233,0.23418000369826733,0.14865252375602722,0.7105888724327087,0.5619363486766815,1.630342960357666,0.15686407685279846,0.7874174118041992,0.02717500366270542,0.2562193274497986,0.0,0.0,0.5671090483665466,0.0,0.514800488948822,0.26464998722076416,0.029766948893666267,0.0,0.0,0.0,0.0626869946718216,,0.0,,,0.0
GOPR0351_frame_000742,night,0.9505586624145508,0.8852194547653198,0.06873769031348724,0.13162332773208618,0.31175699830055237,0.1801336705684662,1.2491545677185059,0.24898838996887207,0.7096484899520874,0.06325948983430862,0.2821376323699951,0.0,0.08052928000688553,0.6638691425323486,0.0,0.07557052373886108,0.708447277545929,0.0,0.02953805774450302,,,0.6238490343093872,0.0,,,,
GOPR0351_frame_000818,night,0.9309395551681519,0.8039050698280334,0.13645835894532282,0.19473238289356232,0.5080298185348511,0.31329743564128876,1.7890576124191284,0.19832846522331238,0.7000141739845276,0.00025408348301425576,0.5384804606437683,0.0,0.030896760523319244,0.45066726207733154,0.0,0.5889176726341248,0.6829792857170105,0.0,0.0,0.0,0.0,0.18104590475559235,,0.0,,,0.0
GOPR0351_frame_000654,night,0.9290941953659058,0.92977374792099,-0.0007314140494683205,0.18846212327480316,0.19898615777492523,0.01052403450012207,4.088031768798828,0.17051930725574493,0.8143896460533142,0.49308475852012634,0.3356967866420746,,0.0,0.18507851660251617,0.2085428237915039,0.050273723900318146,0.09308905899524689,0.0,0.0,0.2577117085456848,,0.11992236971855164,,0.0,0.0,,0.0
GOPR0351_frame_000095,night,0.9531038999557495,0.9031794667243958,0.05238089227193669,0.13500826060771942,0.28198304772377014,0.14697478711605072,1.3687398433685303,0.2503834664821625,0.722017765045166,0.0,1.0498908523004502e-05,0.0,0.489357590675354,0.6974503993988037,0.0,0.17894737422466278,0.7485077977180481,0.10103830695152283,0.011104424484074116,,0.0,0.5569345355033875,,,,0.0,
GOPR0351_frame_000063,night,0.9283779859542847,0.8469409942626953,0.08771964872764981,0.19576379656791687,0.4233159124851227,0.2275521159172058,1.9970436096191406,0.12655721604824066,0.4848065972328186,0.0,0.2299700379371643,0.03751992806792259,0.0,0.23545531928539276,0.0,0.0,0.6560099720954895,,0.0,0.0,,0.0014818937052041292,,0.0,,,
GOPR0351_frame_000124,night,0.9575519561767578,0.9245795011520386,0.034434115525206636,0.11816749721765518,0.2162468433380127,0.09807934612035751,2.5369229316711426,0.19213451445102692,0.8771836757659912,0.1975921392440796,0.5500003099441528,0.0,0.0,0.00220056576654315,0.0,0.6968828439712524,0.4447100758552551,0.0,0.0,0.21106714010238647,0.0,0.476625919342041,,0.0,0.002158628311008215,0.0,0.0
GOPR0351_frame_000047,night,0.9476165771484375,0.8755338788032532,0.07606736661511505,0.14539644122123718,0.3181936740875244,0.17279723286628723,2.259228467941284,0.22565513849258423,0.7231468558311462,0.0001384201314067468,0.4738478660583496,0.0,,0.3009116053581238,0.0,0.6361613273620605,0.3480004668235779,0.0,0.0,,,0.0,,,,,
GOPR0351_frame_000825,night,0.9166315793991089,0.8851726651191711,0.034320128875942844,0.2184721976518631,0.3387145400047302,0.12024234235286713,1.8459621667861938,0.10958167910575867,0.7279869318008423,0.0018725056434050202,0.15936371684074402,0.0,0.02927600033581257,0.0,,0.0,0.0,,0.0,,,0.5060627460479736,0.0,0.0,0.0,,
GOPR0351_frame_000115,night,0.9429730176925659,0.864746630191803,0.08295718456781438,0.15763625502586365,0.32537373900413513,0.16773748397827148,2.149829149246216,0.2052416354417801,0.9276283979415894,0.19076794385910034,0.40666720271110535,0.0,0.0,0.106450155377388,0.0,0.3005678355693817,0.36681583523750305,0.2770814895629883,0.0,0.5313816666603088,0.0,0.3817475438117981,,,0.0,0.0,0.0
GOPR0351_frame_000809,night,0.9293595552444458,0.8778433203697205,0.05543197358836591,0.18819014728069305,0.33426740765571594,0.1460772603750229,2.0346221923828125,0.22467125952243805,0.5629234910011292,0.004328561946749687,0.5796089768409729,0.0,0.5819225907325745,0.1635802537202835,0.0,0.4605238139629364,0.5861809849739075,0.0,0.0004860054759774357,,,0.4305141568183899,0.0,0.0,0.0,,
GOPR0351_frame_000059,night,0.9552283883094788,0.9179838299751282,0.038990212602833384,0.12370090931653976,0.22023439407348633,0.09653348475694656,1.7081903219223022,0.16371160745620728,0.570415735244751,0.017295636236667633,0.5780725479125977,,0.0,0.05790003389120102,0.0,0.012281958013772964,0.7285732626914978,0.0,0.0,0.0,,0.0,,,,,
GOPR0351_frame_000039,night,0.9572666883468628,0.882017970085144,0.07860789306853395,0.120267353951931,0.31317195296287537,0.19290459901094437,1.547335147857666,0.26152125000953674,0.7636709213256836,0.0016389876836910844,0.4624794125556946,0.0,0.443754643201828,0.09630702435970306,,0.0628887340426445,0.7220505475997925,0.1459183245897293,0.0,,0.0,0.7010676264762878,,0.0,,,
GOPR0351_frame_000718,night,0.9617862701416016,0.8928042650222778,0.0717228001101946,0.11070764064788818,0.30010196566581726,0.18939432501792908,2.062049150466919,0.16731981933116913,0.7237284183502197,0.075492724776268,0.6804611086845398,,0.0,0.003544752486050129,0.3931718170642853,0.09410689771175385,0.25355765223503113,0.0,0.006088403053581715,0.04477282613515854,,0.06755285710096359,0.0,,0.0,,
GOPR0351_frame_000132,night,0.9647818803787231,0.9050964713096619,0.06186414739359576,0.10227065533399582,0.25140324234962463,0.14913258701562881,1.7651569843292236,0.25498253107070923,0.8385297656059265,0.19059033691883087,0.5745280981063843,0.0,,0.08537085354328156,0.0,0.5441737174987793,0.047216180711984634,0.0,0.2611123323440552,0.46984681487083435,0.0,,,,,0.0,0.5583872199058533
GOPR0351_frame_000069,night,0.9320617318153381,0.8225036859512329,0.11754376448358833,0.18174026906490326,0.4337100088596344,0.25196973979473114,2.1561169624328613,0.18518120050430298,0.774289071559906,0.16514967381954193,0.23677217960357666,0.0,0.0,0.27558380365371704,0.25482624769210815,0.04863918200135231,0.4725095331668854,0.047343213111162186,0.012018284760415554,0.0,0.0,0.6757678985595703,,,0.0,,0.0
GOPR0351_frame_000057,night,0.9554199576377869,0.916998565196991,0.0402141401082398,0.12880919873714447,0.23314139246940613,0.10433219373226166,1.1621485948562622,0.2737121880054474,0.6845951080322266,0.024999205023050308,0.5686175227165222,0.0,0.0,0.4234318137168884,0.0,0.30279654264450073,0.804032564163208,0.0,0.14308330416679382,0.0,,0.6067023277282715,,,,,
GOPR0351_frame_000745,night,0.9651364088058472,0.901322066783905,0.06611950474410543,0.0989362969994545,0.299187570810318,0.2002512738108635,2.39345645904541,0.16626396775245667,0.7040876150131226,0.0,0.15992148220539093,0.0,0.0,0.0,,,0.5715386271476746,0.0,0.0,,,0.35160353779792786,0.04182041808962822,0.0,0.4987238645553589,,0.0
GOPR0351_frame_000709,night,0.9452341794967651,0.8890950083732605,0.059391811835956404,0.15443070232868195,0.31419187784194946,0.15976117551326752,2.651942491531372,0.23011241853237152,0.8366557955741882,0.12588903307914734,0.3205391466617584,0.0,0.0,0.33111321926116943,0.2568807303905487,0.19189374148845673,0.5232687592506409,0.0,0.0,,,0.635333240032196,0.0,0.0,,,
GOPR0351_frame_000121,night,0.964036226272583,0.9172804355621338,0.048500034491679556,0.10441067814826965,0.22776450216770172,0.12335382401943207,2.0330145359039307,0.23213033378124237,0.7684333920478821,0.08766773343086243,0.44708451628685,0.15423625707626343,,0.12550906836986542,0.0,0.2398107647895813,0.581343948841095,0.3429308235645294,0.0,0.0,,0.3131919503211975,,0.0,0.0,0.0,0.6538770198822021
GOPR0351_frame_000087,night,0.9393170475959778,0.8478187918663025,0.09740934116947637,0.15966381132602692,0.400065153837204,0.24040134251117706,1.4526383876800537,0.17175796627998352,0.776030421257019,0.001886687707155943,0.5605799555778503,0.0,0.30530235171318054,0.40970757603645325,,0.0,0.4095032513141632,0.11335933208465576,0.0,0.0,0.0,0.0,,0.0,,0.0,
GOPR0351_frame_000091,night,0.9044750928878784,0.9116992950439453,-0.007987176355657441,0.22648054361343384,0.24583806097507477,0.01935751736164093,4.214542388916016,0.17126290500164032,0.4648052453994751,0.050534676760435104,0.22486792504787445,0.12070196121931076,0.0,0.3384166955947876,,0.0,0.23784121870994568,0.5465330481529236,0.0,0.0,0.0,0.41398003697395325,,,,,0.0
GOPR0351_frame_000724,night,0.9266864061355591,0.8573449850082397,0.07482727697302927,0.19330565631389618,0.40110233426094055,0.20779667794704437,2.897237539291382,0.24361395835876465,0.9341057538986206,0.04971962794661522,0.19674982130527496,0.0,0.0,0.520719051361084,0.4507467448711395,0.4398326873779297,0.4864114224910736,0.0043391394428908825,0.0,0.0,,0.571584939956665,0.0,,,,0.0
GOPR0351_frame_000141,night,0.9416905641555786,0.8799330592155457,0.0655815260712484,0.1665044128894806,0.3491474390029907,0.18264302611351013,1.2472165822982788,0.20006583631038666,0.6596786379814148,0.385049968957901,0.6912469863891602,0.0,0.0,0.07260807603597641,0.0,0.49334242939949036,0.0,0.0,0.06188333407044411,0.12647584080696106,0.0,0.0,,,,,0.5107024908065796
GOPR0351_frame_000093,night,0.9580481052398682,0.8675079345703125,0.09450482624965757,0.12159495800733566,0.3857170045375824,0.26412204653024673,1.889101266860962,0.19653500616550446,0.5142918229103088,0.04212044179439545,0.5279063582420349,0.0,0.28936177492141724,0.20829352736473083,,0.0,0.5930295586585999,0.0027486910112202168,0.0,0.29526659846305847,,0.08193622529506683,,,,,0.0
GOPR0351_frame_000113,night,0.9476034641265869,0.8786395192146301,0.0727772183143602,0.14546413719654083,0.30901145935058594,0.1635473221540451,2.6987297534942627,0.23230162262916565,0.8069114685058594,0.1892528533935547,0.24818351864814758,0.0,0.12875637412071228,0.22339850664138794,0.0,0.5191202163696289,0.2582916021347046,0.17507243156433105,0.021363845095038414,0.2808668911457062,,0.6333067417144775,,,0.0,,0.0
GOPR0351_frame_000706,night,0.9269108176231384,0.9013316035270691,0.027596197318852857,0.2012244015932083,0.27135029435157776,0.07012589275836945,3.867710590362549,0.20380643010139465,0.7364217638969421,0.1556350737810135,0.3334323763847351,0.0,0.08606848865747452,0.27675458788871765,0.32679927349090576,0.1330108791589737,0.34181785583496094,0.0,0.0,0.21976011991500854,,0.24358923733234406,,0.0,,,
GOPR0351_frame_000111,night,0.944416344165802,0.9089257121086121,0.03757943400772494,0.15331442654132843,0.22793513536453247,0.07462070882320404,3.618037700653076,0.14432287216186523,0.7009506225585938,0.033128656446933746,0.385603666305542,0.0,,0.03400299325585365,0.0,0.0,0.23504972457885742,0.0,0.0,0.0,,0.6317843198776245,,,0.0,,0.0
GOPR0351_frame_000101,night,0.9591541290283203,0.8602533936500549,0.10311245226805532,0.11558590829372406,0.37235939502716064,0.2567734867334366,1.3831361532211304,0.1866409331560135,0.7160539031028748,0.07359056174755096,0.5275813937187195,0.0,,0.109475277364254,0.0,0.5560209155082703,0.6573471426963806,0.0028880867175757885,0.0,0.042563602328300476,0.0,0.3007340133190155,,0.0,,0.0,0.0
GOPR0351_frame_000053,night,0.9600192308425903,0.8362834453582764,0.1288888599521333,0.11056540906429291,0.41740697622299194,0.30684156715869904,1.5487321615219116,0.21891984343528748,0.6398947834968567,0.02155863307416439,0.48871082067489624,0.0,,0.3937032222747803,0.0,0.3376464545726776,0.33499762415885925,,0.00020699852029792964,0.0,,0.19139966368675232,,,,,
GOPR0351_frame_000727,night,0.9118284583091736,0.8066309690475464,0.1153698232922005,0.22769196331501007,0.46827593445777893,0.24058397114276886,1.7750084400177002,0.3672066628932953,0.9200146198272705,0.4238506257534027,0.4759668707847595,0.2709707021713257,,0.3728383779525757,0.22818870842456818,0.5968480110168457,0.5412300825119019,0.03961341083049774,0.0,0.0,,0.5369585752487183,,,,,
GOPR0351_frame_000754,night,0.963215172290802,0.8336514234542847,0.13451173862145482,0.10654637962579727,0.4893147051334381,0.38276832550764084,1.7465358972549438,0.06027020514011383,0.5970281362533569,0.07735319435596466,0.29695484042167664,0.0,0.0,0.0,0.0,0.0,0.030274279415607452,0.0,0.01942724548280239,0.0,,0.06382602453231812,0.0,0.0,0.0,0.0,0.0
GOPR0351_frame_000128,night,0.9636122584342957,0.9444801807403564,0.019854539341871962,0.10524441301822662,0.15922994911670685,0.053985536098480225,2.340327024459839,0.1934240609407425,0.9550673961639404,0.40194857120513916,0.6921663880348206,0.0,,0.13461820781230927,0.0,0.01260997075587511,0.0,,0.005400119815021753,0.16082115471363068,0.0,0.16296160221099854,0.0,,0.0,0.0,0.5691914558410645
GOPR0351_frame_000105,night,0.9470022916793823,0.8781158328056335,0.07274159603581515,0.15132875740528107,0.3435382843017578,0.19220952689647675,2.4379429817199707,0.12436116486787796,0.7276415824890137,0.0,0.5109787583351135,0.0,,0.02866370603442192,0.0,0.035989221185445786,0.36181971430778503,0.0,0.005145332310348749,0.0,0.0,0.4381336569786072,0.0,0.0,,0.0,0.0057677761651575565
GOPR0351_frame_000043,night,0.9469054341316223,0.8274906873703003,0.12611052930510247,0.14699231088161469,0.44740697741508484,0.30041466653347015,2.4518299102783203,0.18011052906513214,0.7067212462425232,0.014197341166436672,0.19124633073806763,0.0,0.5862014889717102,0.25765225291252136,0.0,0.09614653885364532,0.2695288062095642,0.03863459452986717,0.0,,,0.0009977052686735988,,,,,
GOPR0356_frame_000418,night,0.959162175655365,0.9234784245491028,0.037203042029727885,0.11356516927480698,0.2226478010416031,0.10908263176679611,3.0460636615753174,0.1609591692686081,0.7768785357475281,0.03449846804141998,0.5776703357696533,0.0,0.0,0.0,0.0,0.0,0.7278047204017639,0.0,0.0,0.01859229803085327,0.0,0.43990224599838257,,,,0.0,0.0
GOPR0356_frame_000336,night,0.946269154548645,0.8888190388679504,0.060712234777403264,0.14857320487499237,0.3139987289905548,0.16542552411556244,4.040255069732666,0.20313119888305664,0.6336610317230225,0.03362705558538437,0.5108112096786499,0.0,0.6844783425331116,0.2677159011363983,0.0,0.03740968182682991,0.3242136836051941,0.2003035694360733,4.989685112377629e-05,0.012731902301311493,0.0,0.5450965166091919,0.0,,,0.0,
GOPR0356_frame_000375,night,0.947210967540741,0.7796891331672668,0.1768579950460601,0.14152458310127258,0.6061704158782959,0.4646458327770233,2.513437509536743,0.11303210258483887,0.6031652688980103,0.13859277963638306,0.3690776228904724,0.012126777321100235,0.13418760895729065,0.23392708599567413,0.0,0.0,0.049243148416280746,0.0,0.0005116700194776058,0.0,0.0,0.3807138204574585,0.0,0.0,,,0.0
GOPR0356_frame_000351,night,0.9661291837692261,0.833785891532898,0.13698301747824032,0.09680993109941483,0.45192137360572815,0.3551114425063133,3.55916690826416,0.14410312473773956,0.6626522541046143,0.0271893423050642,0.06709188967943192,0.0,,0.3286801278591156,0.0,0.3087588846683502,0.20473012328147888,0.6220449209213257,0.00023024507390800864,0.0,0.0,0.08427226543426514,0.0,0.0,,,0.0
GOPR0356_frame_000452,night,0.9596128463745117,0.8623201847076416,0.10138740953768478,0.11594031006097794,0.3592292368412018,0.24328892678022385,3.4708409309387207,0.13161970674991608,0.5998196005821228,0.2704639434814453,0.5647392272949219,0.0,0.3250216543674469,0.0,,0.0,0.03542539104819298,,0.0,0.0,0.0,0.0,,,0.0,,0.04720616713166237
GOPR0356_frame_000345,night,0.9276127219200134,0.8138801455497742,0.1226078216227483,0.19057917594909668,0.4803380072116852,0.2897588312625885,3.932135820388794,0.1380847543478012,0.5563616752624512,0.0,0.07737181335687637,0.0,0.6750699281692505,0.07933776825666428,0.0,0.5722701549530029,0.004946904722601175,0.18994370102882385,0.0,0.0,0.0,0.054054055362939835,,0.0,,,0.0
GOPR0356_frame_000330,night,0.9552902579307556,0.84772127866745,0.11260344931212343,0.12177801132202148,0.35194599628448486,0.23016798496246338,1.4184645414352417,0.23834910988807678,0.7743092775344849,0.0005047707818448544,0.004160501528531313,,,0.1321447342634201,,0.0,0.7375692129135132,0.47700297832489014,,0.0,0.0,0.2577996850013733,,,,,
GOPR0356_frame_000391,night,0.9315316081047058,0.7835254669189453,0.15888472093614361,0.1972154825925827,0.5967124104499817,0.399496927857399,3.1530919075012207,0.2427210807800293,0.859662652015686,0.0,0.05268095061182976,0.22536252439022064,0.3851490616798401,0.6746537685394287,,0.4204753339290619,0.5373898148536682,0.0,0.0,0.0,,0.0,,0.0,,,
GOPR0356_frame_000401,night,0.9613987803459167,0.888271689414978,0.0760632233629368,0.10603593289852142,0.2926408648490906,0.18660493195056915,2.64235258102417,0.1105436384677887,0.71728515625,0.19102437794208527,0.502668023109436,0.0,0.0,0.0,0.0,0.0,0.025891799479722977,,0.00019800128939095885,,,0.0,0.0,,,,0.0
GOPR0356_frame_000464,night,0.9545917510986328,0.8602743148803711,0.09880394956448446,0.1260616034269333,0.37893593311309814,0.25287432968616486,2.8013758659362793,0.16165967285633087,0.784821629524231,0.06638584285974503,0.5595353245735168,0.0,0.0,0.016381235793232918,0.0,0.0,0.6242020130157471,0.14124402403831482,0.0,0.0,,0.5556445717811584,,0.0,0.0,0.0,0.0
GOPR0356_frame_000386,night,0.9439913630485535,0.8538944721221924,0.09544249396623142,0.14887912571430206,0.37569624185562134,0.22681711614131927,2.9763195514678955,0.2388642430305481,0.9073604345321655,0.14231230318546295,0.20271417498588562,0.3668742775917053,0.0,0.46433353424072266,0.18939083814620972,0.0012751036556437612,0.2852824330329895,0.33644911646842957,0.005507497116923332,0.0,0.0,0.6814640164375305,,,,,0.0
GOPR0356_frame_000342,night,0.9520508646965027,0.811916172504425,0.1471924409887761,0.1210746243596077,0.5232256054878235,0.4021509811282158,2.869591474533081,0.1424098163843155,0.4192224442958832,0.04196537658572197,0.1915629357099533,0.0,0.864601194858551,0.15104307234287262,0.0,0.5198455452919006,5.747732211602852e-05,0.0,0.06702779233455658,0.0,0.0,0.02323131263256073,,0.0,,,0.0
GOPR0356_frame_000424,night,0.98388671875,0.888693630695343,0.09675208057293046,0.04577909782528877,0.3119847774505615,0.26620567962527275,2.008942127227783,0.1456718146800995,0.6497699022293091,0.05207256227731705,0.6713916063308716,0.0,0.0,0.0,0.0,0.0,0.0017750563565641642,0.5035218000411987,0.0,0.0,0.0,0.3065461218357086,,,,0.0,
GOPR0356_frame_000339,night,0.9440054297447205,0.9115229845046997,0.034409171676812275,0.1542719155550003,0.26249080896377563,0.10821889340877533,5.826511859893799,0.16834893822669983,0.5888046622276306,0.023733487352728844,0.6556759476661682,0.0,0.7764147520065308,0.1908816248178482,0.0,0.1488792896270752,0.0,,0.002861431334167719,0.137982577085495,0.0,0.0,,,,0.0,0.0
GOPR0356_frame_000414,night,0.9412053227424622,0.8807146549224854,0.0642693636719211,0.15389485657215118,0.30205583572387695,0.14816097915172577,3.136429786682129,0.18605650961399078,0.8650426864624023,0.01941986195743084,0.5305457711219788,,,0.06542769819498062,0.0,0.4756476581096649,0.11537035554647446,0.04305317997932434,0.0,,0.0,0.3042275905609131,,,,0.0,0.0
GOPR0356_frame_000476,night,0.9601755142211914,0.8009427189826965,0.16583717374763357,0.11320839822292328,0.520849347114563,0.4076409488916397,2.4210879802703857,0.1606871485710144,0.78630530834198,0.006373364944010973,0.16409733891487122,0.01136694848537445,0.0,0.3253124952316284,0.0,0.3995515704154968,0.3395991921424866,0.0036285086534917355,0.0,0.0,,0.052698105573654175,,,,,
GOPR0356_frame_000382,night,0.9316496253013611,0.8617801666259766,0.07499542320196778,0.186799094080925,0.3984689712524414,0.21166987717151642,4.328422546386719,0.166046142578125,0.5063915848731995,0.06735709309577942,0.21534733474254608,0.21019379794597626,0.025347627699375153,0.3717370331287384,0.2887856364250183,0.0,0.427268922328949,0.04495259374380112,6.219568604137748e-05,0.0,0.19360390305519104,0.6377828121185303,0.0,0.0,,0.0,0.0
GOPR0356_frame_000467,night,0.9769325256347656,0.8873081207275391,0.09174062858802502,0.06516536325216293,0.29739898443222046,0.23223362118005753,2.1131927967071533,0.21494680643081665,0.7124138474464417,0.3813060224056244,0.7273231148719788,,,0.16262482106685638,,0.2566498816013336,0.18849307298660278,0.0,0.001179707353003323,0.0,,0.3643178343772888,,,0.0,0.0,0.0
GOPR0356_frame_000458,night,0.9682587385177612,0.8710830807685852,0.10036124940563186,0.09006720036268234,0.3437449634075165,0.25367776304483414,2.3654873371124268,0.1459432989358902,0.8051742315292358,0.0803687572479248,0.6425824165344238,,0.0,0.0,,0.0,0.3646286129951477,0.0,0.0,0.0,,0.0,,,,0.0,0.004508831072598696
GOPR0356_frame_000404,night,0.9723013043403625,0.9399528503417969,0.03326998896480131,0.0752953290939331,0.17187689244747162,0.09658156335353851,2.9498496055603027,0.1446017473936081,0.6496757864952087,0.16545742750167847,0.6462551951408386,,0.2798396050930023,0.03179190680384636,0.0,0.0,0.0,0.0,0.0,0.0,,0.10680283606052399,,,,,0.0
GOPR0356_frame_000348,night,0.945550799369812,0.8277043700218201,0.12463257202067637,0.1564365178346634,0.47784414887428284,0.32140763103961945,4.096244812011719,0.12613484263420105,0.4054913818836212,0.19205515086650848,0.20583131909370422,0.0,0.6866658926010132,0.005683655850589275,0.0,0.0,0.08386652171611786,0.00850225891917944,0.014211312867701054,0.0,,0.037445466965436935,,,,,
GOPR0356_frame_000366,night,0.9629448652267456,0.8580933213233948,0.10888634084963723,0.10269631445407867,0.37230512499809265,0.269608810544014,3.3788881301879883,0.12869925796985626,0.7867149710655212,0.10199794173240662,0.29313281178474426,0.0,0.0,0.216770738363266,0.0,0.10755442082881927,0.4080736041069031,0.0,0.0,0.0,,0.14494363963603973,0.0,0.0,,,0.0
GOPR0356_frame_000479,night,0.9446907043457031,0.768178403377533,0.18684665604067394,0.16347408294677734,0.5706198811531067,0.40714579820632935,2.3469040393829346,0.12703166902065277,0.6060651540756226,3.086086508119479e-05,0.00361788016743958,0.0,0.183206707239151,0.42131513357162476,,0.05334096401929855,0.5108668208122253,0.0,0.0,0.0,,0.0,,0.0,,,0.0
GOPR0356_frame_000427,night,0.9826940894126892,0.9289116263389587,0.05472960823299311,0.048419952392578125,0.21827854216098785,0.16985858976840973,2.551785707473755,0.18665052950382233,0.5885210633277893,0.07320649921894073,0.6853363513946533,,,0.015075377188622952,,0.0,0.0,0.03544843941926956,0.0033515060786157846,0.0,,0.6522167325019836,,,,0.0,
GOPR0356_frame_000488,night,0.9517094492912292,0.889633297920227,0.06522594765132673,0.1416449248790741,0.31975528597831726,0.17811036109924316,2.1545889377593994,0.18708422780036926,0.8719853162765503,0.21125304698944092,0.4927211105823517,0.20884771645069122,0.0,0.12389900535345078,0.0,0.0,0.6444778442382812,0.06599514931440353,0.0,0.0,,0.0,,,0.0,,
GOPR0356_frame_000448,night,0.9532042741775513,0.9401874542236328,0.013655855486580925,0.13289934396743774,0.1660335659980774,0.03313422203063965,3.0321242809295654,0.13362263143062592,0.6831813454627991,0.08316989988088608,0.5981521010398865,,0.01674397476017475,0.000261014822172001,,0.0,0.3555857539176941,0.0,0.0,0.0,0.0,0.0,,,,,0.0
GOPR0356_frame_000421,night,0.9747270941734314,0.9477985501289368,0.027626752071627302,0.06755111366510391,0.1528058648109436,0.08525475114583969,2.027987241744995,0.14531493186950684,0.6692503094673157,0.19830521941184998,0.7179424166679382,,0.0,0.0,,0.0,0.07972028106451035,0.0,0.0,0.005348737817257643,0.0,0.3638421893119812,,,,0.0,0.0
GOPR0356_frame_000473,night,0.9427891969680786,0.8050363063812256,0.1461120784675223,0.16227035224437714,0.4909202754497528,0.32864992320537567,2.0750038623809814,0.1325833648443222,0.6629047393798828,0.07375185191631317,0.3874763548374176,,0.0027126972563564777,0.0054712756536901,0.0,0.15515351295471191,0.2819894850254059,0.020018290728330612,0.0015221815556287766,0.0,,0.0,,,,,
GOPR0356_frame_000485,night,0.9182177782058716,0.8990391492843628,0.020886797411083034,0.22933609783649445,0.2980227470397949,0.06868664920330048,5.429083824157715,0.13767722249031067,0.4042500853538513,0.5380832552909851,0.3362852931022644,0.0,0.0024479804560542107,0.09511641412973404,,0.49985507130622864,0.05144304782152176,0.0,0.0,0.0,,0.0,,,,0.0,0.0
GOPR0356_frame_000369,night,0.9319530129432678,0.8580424189567566,0.07930720987747737,0.176848366856575,0.37188616394996643,0.19503779709339142,3.2244210243225098,0.23075911402702332,0.932701587677002,0.47489601373672485,0.24896645545959473,0.0,0.037388332188129425,0.2157953679561615,0.0,0.0,0.5342445373535156,0.39820653200149536,0.0,0.0,0.0,0.6191877722740173,,,,,0.0
GOPR0356_frame_000461,night,0.962464451789856,0.9253707528114319,0.038540331047073086,0.10488559305667877,0.2071652114391327,0.10227961838245392,2.895136594772339,0.31220194697380066,0.9456638097763062,0.7115078568458557,0.7004896998405457,,,0.30484989285469055,,0.24254882335662842,0.5287732481956482,0.0,0.0,0.0,,0.00038782236515544355,,,,,0.0
GOPR0356_frame_000430,night,0.9642276763916016,0.8643125891685486,0.1036218816708759,0.09951028972864151,0.34099695086479187,0.24148666113615036,2.3636372089385986,0.15453104674816132,0.7068384885787964,0.05505651608109474,0.5628878474235535,,0.0,0.08093394339084625,,0.009174861945211887,0.4394810199737549,0.0,0.0,0.0,,0.0,,,,,0.0
GOPR0356_frame_000395,night,0.8734487891197205,0.6966317296028137,0.20243551733668486,0.30432483553886414,0.8484475016593933,0.5441226661205292,2.878667116165161,0.0987132340669632,0.48295891284942627,0.0,0.0,0.31896117329597473,0.4202400743961334,0.0,,,0.061065953224897385,0.0,4.5913060603197664e-05,,,0.0,0.0,0.0,0.0,,
GOPR0356_frame_000363,night,0.9435923099517822,0.9333614706993103,0.010842435908120491,0.15201739966869354,0.2106899619102478,0.05867256224155426,4.15439510345459,0.24797022342681885,0.8436048626899719,0.004673046991229057,0.31514665484428406,0.0,0.7053784132003784,0.004454607609659433,0.0,0.06747119873762131,0.78318852186203,0.6471273303031921,0.0,0.0,,0.1005382165312767,,0.0,,,
GOPR0356_frame_000455,night,0.9581512808799744,0.906292736530304,0.054123544833971964,0.12277407199144363,0.24452325701713562,0.12174918502569199,2.9680652618408203,0.28584080934524536,0.8287229537963867,0.1785871982574463,0.6581788063049316,,,0.0,,0.0,0.5542517900466919,,0.0,,,0.0,,,,0.0,0.6386674642562866
GOPR0356_frame_000360,night,0.9609289169311523,0.8323745727539062,0.1337813240650384,0.10876724869012833,0.4470365345478058,0.33826928585767746,3.3575167655944824,0.15306158363819122,0.720266580581665,0.003912101965397596,0.4441722333431244,0.0,0.0,0.32231858372688293,0.0,0.0,0.20223474502563477,0.021154331043362617,6.841684353275923e-06,0.0,,0.7349198460578918,0.0,0.0,,0.0,
GOPR0356_frame_000333,night,0.9620863795280457,0.8953223824501038,0.06939501255255588,0.11381198465824127,0.32188650965690613,0.20807452499866486,3.1676015853881836,0.17096056044101715,0.7907082438468933,0.0,0.415559858083725,,0.0,0.07162821292877197,0.0,0.14021381735801697,0.47701016068458557,0.049634531140327454,0.0,,,0.10677191615104675,,0.0,,,
GOPR0356_frame_000372,night,0.9619191288948059,0.9126926064491272,0.051175322805446385,0.10910911113023758,0.2450581192970276,0.13594900816679,3.185119867324829,0.19534935057163239,0.8579329252243042,0.2952597439289093,0.3079208731651306,0.0,0.0,0.18246445059776306,0.0,0.0,0.35940277576446533,0.33726030588150024,0.003918288741260767,0.0,0.0,0.5860806107521057,,,,,0.0
GOPR0356_frame_000433,night,0.958032488822937,0.8835914731025696,0.07770197337963748,0.11865536123514175,0.2970779240131378,0.17842256277799606,2.893306016921997,0.19729797542095184,0.8083474040031433,0.3752250075340271,0.57680344581604,,0.008669625036418438,0.1682243049144745,,0.08321655541658401,0.12267406284809113,0.0,0.0,0.0,,0.0,,,,,0.22441500425338745
GOPR0356_frame_000398,night,0.9084017872810364,0.7833219170570374,0.13769223112325316,0.23981158435344696,0.6128361821174622,0.3730245977640152,2.961887836456299,0.14157721400260925,0.6086827516555786,0.0,0.026824181899428368,0.04867328703403473,0.5018283128738403,0.08323913812637329,,0.0,0.5712561011314392,0.0,0.0,,,0.0,,0.0,0.0,,
GOPR0356_frame_000437,night,0.944024920463562,0.8696754574775696,0.07875794440034888,0.15622012317180634,0.3353090286254883,0.17908890545368195,2.7620911598205566,0.09982270002365112,0.4518183469772339,0.26914146542549133,0.652269184589386,0.0,0.04573170840740204,0.0,0.0,0.0,0.055364228785037994,0.03629741445183754,0.0,0.08654080331325531,0.0,0.0,,,,0.0,0.0
GOPR0356_frame_000378,night,0.9304788708686829,0.798682451248169,0.14164364428934756,0.18773575127124786,0.5773696899414062,0.3896339386701584,3.4367916584014893,0.06435079127550125,0.5149762034416199,0.0500711090862751,0.027512090280652046,0.025358783081173897,0.046963881701231,0.043228667229413986,0.03739837557077408,0.0,0.06682957708835602,0.0,0.0,0.0,0.0,0.2816248834133148,0.0,0.0,,,0.0
GOPR0356_frame_000408,night,0.9509275555610657,0.9031246304512024,0.05026978588180755,0.12318918853998184,0.2844178378582001,0.16122864931821823,2.6149041652679443,0.22665803134441376,0.6796991229057312,0.03209072723984718,0.5807023644447327,0.0,0.33505794405937195,0.09103797376155853,0.0,0.06941381841897964,0.6454236507415771,0.07658088952302933,0.0005282341153360903,0.17623917758464813,,0.4864383339881897,,,,,0.0
GOPR0356_frame_000470,night,0.9742105603218079,0.9002801179885864,0.0758875386753402,0.07114725559949875,0.29769131541252136,0.2265440598130226,2.938858985900879,0.17451123893260956,0.7867263555526733,0.22083964943885803,0.6643372774124146,0.0,0.0,0.1097046434879303,0.0,0.0,0.5259489417076111,0.0,0.0,0.0,,0.3101118803024292,,,,0.0,0.0
GOPR0356_frame_000324,night,0.9488002061843872,0.9132328033447266,0.03748671451899055,0.14073807001113892,0.25778359174728394,0.11704552173614502,1.6411293745040894,0.3045676052570343,0.8340907096862793,0.0,0.0794629380106926,,0.0,0.48639118671417236,0.0,0.13810741901397705,0.837619960308075,0.4049583077430725,0.0,,,0.5696129202842712,,,,,
GOPR0356_frame_000321,night,0.9688305258750916,0.9062955975532532,0.06454681805147068,0.08767465502023697,0.24781449139118195,0.16013983637094498,1.3492391109466553,0.18037430942058563,0.7389534711837769,0.028005696833133698,0.0,0.0,0.0,0.11565420776605606,,0.0033333334140479565,0.9478966593742371,0.5110227465629578,0.0,,0.0,0.0,,,,,0.0
GOPR0356_frame_000327,night,0.9515488147735596,0.9012148380279541,0.052896893396493304,0.12974813580513,0.28374168276786804,0.15399354696273804,2.0912208557128906,0.24275387823581696,0.6645267605781555,0.1001828983426094,0.0,,0.0,0.454924076795578,0.0,0.21580465137958527,0.877102792263031,0.5133692026138306,0.003374729072675109,,0.0,0.3265151381492615,,,,,0.0
GOPR0356_frame_000482,night,0.9155059456825256,0.8935519456863403,0.023980182608225865,0.24505992233753204,0.31589430570602417,0.07083438336849213,3.6208927631378174,0.099029541015625,0.6117596626281738,0.0024960474111139774,0.00965852104127407,0.0,0.09314838796854019,0.013337241485714912,,0.019000640138983727,0.4176084101200104,0.0,0.0213457103818655,,,0.0,,,,,0.0
GOPR0356_frame_000357,night,0.9557267427444458,0.8613163232803345,0.09878390365552105,0.1254822462797165,0.38208577036857605,0.25660352408885956,4.122542381286621,0.10690110176801682,0.36995330452919006,0.0006959201418794692,0.4908275306224823,,,0.016875742003321648,0.0,0.0,0.17475232481956482,0.0,0.012641961686313152,0.0,0.0,0.43086859583854675,0.0,,,,0.0
GOPR0356_frame_000354,night,0.9554919004440308,0.8513830304145813,0.10895840026638066,0.12263158708810806,0.40071383118629456,0.2780822440981865,3.80055832862854,0.16141366958618164,0.7641052603721619,0.15315407514572144,0.1990804821252823,,,0.02650965191423893,0.0,0.0,0.28586095571517944,0.49884799122810364,0.0,0.12090163677930832,,0.049917615950107574,,,0.0,,0.0
GP030402_frame_000022,rain,0.9681175947189331,0.9405391812324524,0.02848663566497932,0.0870329961180687,0.1720239818096161,0.0849909856915474,0.6429435014724731,0.32398858666419983,0.7450212240219116,0.15689703822135925,0.8274855613708496,0.0,0.0,0.0764944776892662,,0.1824532002210617,0.7635754942893982,,0.987428605556488,0.18545812368392944,,0.6037184000015259,0.0,0.00730816088616848,,,0.0
GP030402_frame_000001,rain,0.9387890696525574,0.9308772683143616,0.008427666565022179,0.17274565994739532,0.20110028982162476,0.02835462987422943,1.5549094676971436,0.45846056938171387,0.9432883262634277,0.29415759444236755,0.7026676535606384,0.0,0.0,0.3319082260131836,0.08963464945554733,0.6983243823051453,0.95063716173172,0.0,0.9863797426223755,0.5299704074859619,,0.8914807438850403,,,,,0.0
GP030402_frame_000266,rain,0.961887776851654,0.8535441160202026,0.11263648661770624,0.10080795735120773,0.37611421942710876,0.27530626207590103,1.6575016975402832,0.22676070034503937,0.6854506134986877,0.09147044271230698,0.0,0.0,0.0,0.45346927642822266,0.0,0.44182726740837097,0.9284169673919678,0.6902012825012207,0.4270392656326294,0.0,0.0,0.13705678284168243,,0.0,,0.0,0.0
GP030402_frame_000094,rain,0.9304407835006714,0.9357773661613464,-0.0057355424417676265,0.1952866166830063,0.18663451075553894,-0.008652105927467346,1.530930995941162,0.42281007766723633,0.9563974142074585,0.5856366157531738,0.21856728196144104,,0.44093313813209534,0.21411408483982086,,0.0,0.945127010345459,0.854178249835968,0.8978569507598877,0.0,0.0,0.7610719203948975,0.4682690501213074,,,0.0,0.0
GP030402_frame_000428,rain,0.9461907148361206,0.90852952003479,0.039802963411899275,0.15409360826015472,0.2554056644439697,0.101312056183815,1.0332071781158447,0.4192865788936615,0.7923386096954346,0.07023060321807861,0.015778442844748497,0.0,0.0,0.1980380117893219,,0.5086866021156311,0.8986522555351257,0.38887813687324524,0.8526116013526917,0.7168141603469849,,0.5894104242324829,,,,,
GOPR0402_frame_000457,rain,0.9523561596870422,0.9160714745521545,0.03809991082098135,0.12870046496391296,0.23159244656562805,0.10289198160171509,1.01485013961792,0.5851004123687744,0.7992526292800903,0.47484007477760315,0.8393584489822388,0.8864575624465942,0.0,0.32068708539009094,0.5552788376808167,0.5485093593597412,0.9005922675132751,0.40468713641166687,0.9728238582611084,0.0,,0.9038176536560059,,,,,
GOPR0402_frame_000194,rain,0.9127271771430969,0.8393319249153137,0.08041313249089876,0.23806782066822052,0.42485079169273376,0.18678297102451324,1.3280508518218994,0.36933624744415283,0.7999324798583984,0.04117949306964874,0.38945597410202026,0.024970626458525658,0.0,0.3575540781021118,0.0,0.6496359705924988,0.8203397393226624,0.16125458478927612,0.6979609727859497,0.0,,0.8590872883796692,,,,,
GOPR0402_frame_000408,rain,0.954705536365509,0.9032648205757141,0.053881236979952396,0.13319537043571472,0.2791863679885864,0.1459909975528717,0.6232703924179077,0.35214129090309143,0.6925028562545776,0.0,0.7251380681991577,0.14825505018234253,0.0,0.28462693095207214,0.1615547388792038,0.16423599421977997,0.7997382283210754,0.0,0.9548512697219849,0.0,,0.6145235896110535,0.0,0.7366926074028015,,,
GOPR0402_frame_000234,rain,0.9438525438308716,0.9376171827316284,0.006606287257406176,0.1551041305065155,0.1745932698249817,0.019489139318466187,2.2697739601135254,0.4424407482147217,0.8575647473335266,0.44539666175842285,0.8291878700256348,0.0,0.8401118516921997,0.04200143739581108,0.0,0.00749063678085804,0.8583808541297913,0.7633903622627258,0.9900673627853394,0.0,,0.5605786442756653,0.0,,,,
GOPR0402_frame_000761,rain,0.9554827213287354,0.9448944926261902,0.011081548996516892,0.12438273429870605,0.15805332362651825,0.033670589327812195,0.892751932144165,0.3976176381111145,0.9342851638793945,0.0032212187070399523,0.723682701587677,0.0,0.6051560640335083,0.4215177595615387,0.0,0.0,0.9491726756095886,0.0,0.9791581034660339,,0.0,0.9504534602165222,,,,,0.0
GOPR0402_frame_000134,rain,0.9106295108795166,0.9022156596183777,0.009239598616364354,0.2396400272846222,0.2503158152103424,0.010675787925720215,1.9227460622787476,0.44177407026290894,0.8645271062850952,0.023765219375491142,0.6641616225242615,0.09088467061519623,0.0,0.3512639105319977,0.0,0.19019217789173126,0.8784801363945007,0.915837824344635,0.971149742603302,,,0.7928004860877991,,,0.0,,
GOPR0402_frame_000424,rain,0.9243703484535217,0.9493005871772766,-0.026969967714524458,0.20044292509555817,0.15026463568210602,-0.05017828941345215,1.321108102798462,0.36922603845596313,0.6480866074562073,0.0018790856702253222,0.5434485673904419,0.0,0.05836041644215584,0.52847820520401,0.0,0.4018445312976837,0.8477113246917725,0.02021024003624916,0.9759520292282104,0.0,,0.7739678025245667,,,,,
GOPR0402_frame_000429,rain,0.9325532913208008,0.9004194736480713,0.034457888495185725,0.18345850706100464,0.28277766704559326,0.09931915998458862,1.706953525543213,0.4772960841655731,0.7028418779373169,0.0,0.7427605986595154,0.07251007109880447,0.47784650325775146,0.6987239718437195,0.0,0.5598393678665161,0.8757414817810059,0.4861518144607544,0.9509432911872864,,,0.6374906897544861,,0.0,,,
GOPR0402_frame_000214,rain,0.9349634647369385,0.9210700988769531,0.014859795313281507,0.17955859005451202,0.21487613022327423,0.03531754016876221,3.832350015640259,0.4130319058895111,0.5573357939720154,0.011195345781743526,0.9150839447975159,0.0,0.3604322671890259,0.11692070215940475,,0.5961975455284119,0.9154722094535828,0.0,0.9678298234939575,0.0,,0.9289470314979553,,,,,0.0
GOPR0402_frame_000336,rain,0.944127082824707,0.9070942997932434,0.03922436217847143,0.1573183834552765,0.2762969136238098,0.11897853016853333,0.553008496761322,0.3739892840385437,0.635915994644165,0.03425575792789459,0.8984240293502808,0.0,0.0,0.40586885809898376,0.28732746839523315,0.10466139018535614,0.7672842741012573,0.0,0.9840031862258911,,,0.770170271396637,0.3479381501674652,,,,0.0
GOPR0402_frame_000320,rain,0.9096953272819519,0.89115971326828,0.02037562825050177,0.23793697357177734,0.30060747265815735,0.06267049908638,1.2341904640197754,0.32450488209724426,0.4204905033111572,0.40113741159439087,0.6713365912437439,0.004832359030842781,0.04553929343819618,0.3136536478996277,0.0,0.0,0.7307423949241638,0.3701310157775879,0.9151583313941956,0.0,,0.6289964914321899,,,,0.36555516719818115,0.0
GOPR0402_frame_000304,rain,0.94629967212677,0.8477489948272705,0.10414320025767193,0.15267708897590637,0.41650116443634033,0.26382407546043396,1.2764527797698975,0.1616877168416977,0.33708444237709045,0.008566761389374733,0.47182103991508484,0.0,0.0,0.002442558528855443,0.0,0.0,0.8740835189819336,0.0,0.8048820495605469,0.0,0.0,0.2490990310907364,0.0,,,0.0007116904598660767,0.0
GOPR0402_frame_000748,rain,0.9349558353424072,0.909145176410675,0.027606286500385036,0.17178818583488464,0.2572104036808014,0.08542221784591675,0.9098612666130066,0.3268081247806549,0.6941861510276794,0.016936754807829857,0.505264401435852,0.0,0.3022487759590149,0.14594773948192596,0.0,0.21363003551959991,0.9200277328491211,0.0,0.9442362189292908,0.0,0.0,0.6888224482536316,0.7976295351982117,,,,0.0
GOPR0402_frame_000154,rain,0.951680600643158,0.9165905714035034,0.03687164459086778,0.13484600186347961,0.23530499637126923,0.10045899450778961,1.0720205307006836,0.4368980824947357,0.8079220056533813,0.23344428837299347,0.5423351526260376,0.28248968720436096,0.0,0.23303475975990295,,0.43929776549339294,0.8370177745819092,0.0,0.9860328435897827,0.4337349534034729,0.0,0.8843656182289124,,,,,
GOPR0402_frame_000755,rain,0.9620887041091919,0.9157354831695557,0.0481797782884868,0.10444755107164383,0.2419046312570572,0.13745708018541336,0.9419652223587036,0.2651773691177368,0.7520732879638672,0.0,0.9390166997909546,0.09761472791433334,0.0,0.3332521319389343,0.25426170229911804,0.0,0.7458727955818176,,0.9735866189002991,0.0,0.0,0.6775147318840027,0.0,0.0,0.0,0.0,0.0
GOPR0402_frame_000315,rain,0.9170875549316406,0.915462076663971,0.001772435184846106,0.22123411297798157,0.2332949936389923,0.012060880661010742,0.48709848523139954,0.3731277585029602,0.759033739566803,0.14138545095920563,0.8129396438598633,0.0,0.0,0.4035792648792267,0.0,0.0,0.865029513835907,0.06720827519893646,0.9817109107971191,,,0.8197739720344543,0.0,,,,
GOPR0402_frame_000186,rain,0.9166510701179504,0.8007104396820068,0.12648283840021754,0.22065798938274384,0.4771999716758728,0.25654198229312897,2.316911458969116,0.42539292573928833,0.7806617021560669,0.19837655127048492,0.24975143373012543,0.10640441626310349,0.4627489149570465,0.3783522844314575,,0.29018256068229675,0.823243260383606,0.11554593592882156,0.4713813364505768,0.7645701169967651,,0.8888888955116272,,,,,0.0
GOPR0402_frame_000741,rain,0.9478262066841125,0.9182541966438293,0.03119982283644601,0.14759138226509094,0.22629424929618835,0.07870286703109741,1.440496563911438,0.2589181661605835,0.541793942451477,0.0877680778503418,0.6075452566146851,0.13484333455562592,0.024734165519475937,0.5342279672622681,0.0,0.0934223085641861,0.893777072429657,0.0,0.985525369644165,0.26719221472740173,0.0,0.4786016643047333,0.011095204390585423,,0.0,0.0,0.0
GOPR0402_frame_000441,rain,0.9262091517448425,0.8796363472938538,0.05028324742896347,0.20372796058654785,0.33577802777290344,0.1320500671863556,0.7450196146965027,0.4070779085159302,0.7527908086776733,0.05533953011035919,0.6803562045097351,0.0,0.11466343700885773,0.43929988145828247,0.4080761969089508,0.6653994917869568,0.8852325677871704,0.20378902554512024,0.9354716539382935,0.0,,0.151593878865242,,,,,
GOPR0402_frame_000331,rain,0.9206967949867249,0.8929420113563538,0.030145411040903174,0.21606509387493134,0.30299144983291626,0.08692635595798492,0.8175619840621948,0.32915642857551575,0.6108301877975464,0.12545952200889587,0.8005881905555725,0.0,0.10126582533121109,0.32039952278137207,0.0,0.008422235026955605,0.7541787624359131,0.0,0.9684635996818542,,,0.5894255638122559,0.0,,,,
GOPR0402_frame_000254,rain,0.9237271547317505,0.9090402722358704,0.015899589247378238,0.20880752801895142,0.24945558607578278,0.04064805805683136,3.1957905292510986,0.3493298590183258,0.8476777076721191,0.4573605954647064,0.5810802578926086,0.018259860575199127,0.0,0.24836713075637817,0.21622587740421295,0.45132699608802795,0.8871428370475769,0.0,0.9493288993835449,0.0,0.0,0.9325075745582581,0.0,,,,0.0
GOPR0402_frame_000120,rain,0.9523688554763794,0.8856737017631531,0.07003080017726648,0.12986092269420624,0.31918102502822876,0.18932010233402252,2.2743678092956543,0.390365332365036,0.6821101307868958,0.0007172197801992297,0.454183429479599,0.0,,0.32883021235466003,0.0,0.31005585193634033,0.7884652614593506,0.299144446849823,0.9688608646392822,0.0,,0.726926863193512,0.0,0.905820369720459,,,
GOPR0402_frame_000435,rain,0.9408340454101562,0.9151381254196167,0.027311851481967693,0.1662406623363495,0.24237103760242462,0.07613037526607513,1.237485647201538,0.4385406970977783,0.629328191280365,0.5235081911087036,0.4544995129108429,0.0,0.5202509164810181,0.7281944751739502,0.355183482170105,0.8307182192802429,0.935428261756897,0.5864346623420715,0.9618626832962036,0.0,,0.9284210801124573,0.0,0.0013616557698696852,0.0,,0.0
GOPR0402_frame_000351,rain,0.9266363978385925,0.8835405707359314,0.046507806878842,0.21028555929660797,0.33894485235214233,0.12865929305553436,1.423430323600769,0.38537266850471497,0.695178210735321,0.3933814764022827,0.7944924235343933,0.0,0.33958664536476135,0.5649445056915283,0.6866496205329895,0.44255682826042175,0.8208202719688416,0.0,0.9763131141662598,0.0,,0.06666667014360428,0.0,,0.0,,
GOPR0402_frame_000369,rain,0.9432021379470825,0.9531673789024353,-0.010565328945701122,0.1548149138689041,0.137971431016922,-0.016843482851982117,0.6461091637611389,0.3694114685058594,0.8037399053573608,0.20982596278190613,0.9159016609191895,0.0,0.0,0.020665250718593597,0.0,0.0,0.9187812209129333,0.38768160343170166,0.9818832278251648,0.0,,0.9332818388938904,,,,0.0,
GOPR0402_frame_000384,rain,0.9455897212028503,0.9135727286338806,0.033859285388222304,0.1500372439622879,0.24842312932014465,0.09838588535785675,1.01824152469635,0.3538738787174225,0.7599299550056458,0.31121283769607544,0.6259354948997498,0.03046664036810398,0.0,0.5282629728317261,0.28684210777282715,0.12574850022792816,0.8746974468231201,0.18810062110424042,0.964408278465271,0.0,,0.25862932205200195,,0.0,,,
GOPR0402_frame_000294,rain,0.9581089019775391,0.9128300547599792,0.047258559701844505,0.11575685441493988,0.23664140701293945,0.12088455259799957,1.2564985752105713,0.28433796763420105,0.4292362332344055,0.0,0.7625617384910583,0.0,0.0,0.11004342883825302,0.0,0.040947213768959045,0.9352630376815796,0.0,0.9635034203529358,0.0,,0.7391763925552368,0.0,,,,
GOPR0402_frame_000402,rain,0.9574305415153503,0.9253302812576294,0.03352750777266824,0.11804996430873871,0.2087567001581192,0.0907067358493805,1.5512754917144775,0.34319937229156494,0.6793533563613892,0.004546097945421934,0.8726568818092346,0.0,0.0,0.24518030881881714,0.3455909192562103,0.38705116510391235,0.8206475973129272,0.09172279387712479,0.977211594581604,0.0,,0.7194481492042542,0.0,0.004581901710480452,,,
GOPR0402_frame_000365,rain,0.9481800198554993,0.9191506505012512,0.030615883524431602,0.14551734924316406,0.22446738183498383,0.07895003259181976,1.3324066400527954,0.427299439907074,0.8597911596298218,0.09920326620340347,0.71878981590271,0.007236842066049576,0.10591012984514236,0.49835723638534546,0.5751820802688599,0.06454971432685852,0.8903807401657104,0.4783053994178772,0.9799952507019043,0.0,,0.7044902443885803,0.0,,,,
GP020402_frame_000914,rain,0.95853191614151,0.9311732053756714,0.02854230518535655,0.11506819725036621,0.18717898428440094,0.07211078703403473,0.6968730092048645,0.3875707685947418,0.7193264365196228,0.7122654318809509,0.7709159851074219,0.0,0.0,0.0,0.0,0.0,0.9307515025138855,0.4536672532558441,0.9540380835533142,0.0,,0.8850261569023132,,,,,0.0
GP020402_frame_001000,rain,0.9123630523681641,0.8572633266448975,0.06039232406038849,0.23193855583667755,0.3970715403556824,0.16513298451900482,3.086402177810669,0.2324790358543396,0.3970714509487152,0.26378563046455383,0.6295372843742371,0.0,5.258591045276262e-05,0.01309569925069809,0.0,0.16053059697151184,0.8262346386909485,0.0,0.8804368376731873,0.0,,0.7813990712165833,0.0,0.0,,0.0,0.0
GP020402_frame_000830,rain,0.9522231221199036,0.9290928244590759,0.024290837809551425,0.1304195374250412,0.19877439737319946,0.06835485994815826,1.044963002204895,0.38172709941864014,0.9703558683395386,0.47822606563568115,0.3828808665275574,0.1938367635011673,0.0,0.5994157195091248,0.0,0.7830926179885864,0.9211046099662781,0.635776162147522,0.96268230676651,,,0.18026316165924072,0.0,0.0,,0.0,0.0
GP020402_frame_000939,rain,0.9262381792068481,0.8632195591926575,0.0680371644664689,0.20342959463596344,0.359636515378952,0.1562069207429886,1.3138599395751953,0.3942323625087738,0.6859189867973328,0.17912991344928741,0.5826708078384399,0.0,0.1951126605272293,0.5971469879150391,0.6396610140800476,0.17342740297317505,0.8592669367790222,0.5336770415306091,0.9620664119720459,0.0,,0.48474377393722534,0.8091277480125427,0.0,,0.0,0.0
GP020402_frame_000883,rain,0.9486420750617981,0.9148626327514648,0.03560820549947742,0.1448400914669037,0.2362569123506546,0.09141682088375092,2.387774705886841,0.4368678033351898,0.8070244193077087,0.7248650789260864,0.5423357486724854,0.0,0.0,0.42971599102020264,0.6346336007118225,0.43977540731430054,0.7751367092132568,0.6757090091705322,0.9842573404312134,0.0,,0.8536555767059326,0.0,0.5596436858177185,0.0,,0.0
GP020402_frame_000919,rain,0.9431726932525635,0.9466521143913269,-0.0036890604729807428,0.15031476318836212,0.15695908665657043,0.006644323468208313,2.272132158279419,0.38047292828559875,0.6943681240081787,0.15962032973766327,0.8464279174804688,,0.0,0.14344261586666107,0.0,0.0,0.9076810479164124,0.35315150022506714,0.9865270256996155,,,0.8549292087554932,,,,0.0,0.0
GP020402_frame_001020,rain,0.9386255741119385,0.8822952508926392,0.060013624359701534,0.17382894456386566,0.3313024044036865,0.15747345983982086,1.8905788660049438,0.3640115559101105,0.689693033695221,0.2220262885093689,0.384478896856308,0.0,0.0,0.2968464493751526,0.6790949702262878,0.7158575057983398,0.8998492956161499,0.0,0.9511194825172424,0.27262797951698303,,0.7125910520553589,0.0,0.0,,,0.0
GP020402_frame_000795,rain,0.9499996900558472,0.9290182590484619,0.022085723823019973,0.13624130189418793,0.20382483303546906,0.06758353114128113,0.5034514665603638,0.3055117130279541,0.9413313269615173,0.05015278607606888,0.8602093458175659,0.4006393253803253,0.3984757959842682,0.002170646097511053,0.0,0.0,0.9335030317306519,0.0,0.9806002974510193,0.0,,0.6266166567802429,0.0,0.0,,0.0,0.0
GP020402_frame_000615,rain,0.9063799977302551,0.8966242671012878,0.010763400059316685,0.2362312525510788,0.2785186171531677,0.04228736460208893,1.4229962825775146,0.4366346597671509,0.7165116667747498,0.043040383607149124,0.6661185622215271,0.0,0.7189314365386963,0.2933628261089325,0.6735401749610901,0.0,0.6708877682685852,,0.891435444355011,0.3697008788585663,,0.7738956212997437,,,0.7320956587791443,0.0,0.0
GP020402_frame_000599,rain,0.8771632313728333,0.9396145343780518,-0.07119689934507177,0.31924429535865784,0.1687241792678833,-0.15052011609077454,3.95859694480896,0.4260364770889282,0.8393731713294983,0.0,0.8427382111549377,0.0,0.032132428139448166,0.5536301136016846,0.7196969985961914,0.0,0.7048510313034058,,0.9320835471153259,0.0,,0.913968563079834,,,0.0,,
GP020402_frame_000738,rain,0.9404614567756653,0.8754141926765442,0.06916526237075193,0.17420710623264313,0.3294087052345276,0.15520159900188446,3.0304646492004395,0.27592748403549194,0.7363511323928833,0.0,0.5391160249710083,0.0,5.81046988372691e-05,0.07855361700057983,0.0,0.1375579535961151,0.8568986058235168,,0.7281010746955872,0.0,,0.5104205012321472,,,,,0.0
GP020402_frame_000966,rain,0.9519532322883606,0.9469403028488159,0.005265940822360462,0.13060644268989563,0.14816038310527802,0.017553940415382385,1.2059160470962524,0.3920416235923767,0.9151203632354736,0.496245414018631,0.9296311736106873,0.033134765923023224,0.0,0.375488817691803,0.45941421389579773,0.0,0.8640531897544861,0.0,0.988451361656189,0.0,,0.8190851807594299,,0.0,,0.0,
GP020402_frame_000835,rain,0.945395290851593,0.9185564517974854,0.028389012543146533,0.14996051788330078,0.22950635850429535,0.07954584062099457,1.9024118185043335,0.29754772782325745,0.575072705745697,0.1455617994070053,0.778389573097229,0.0,0.0,0.6976236701011658,0.0882352963089943,0.005870841443538666,0.9100306034088135,0.41952747106552124,0.9736336469650269,0.0,,0.3902696967124939,0.052734375,0.021361583843827248,0.0,,0.0
GP020402_frame_000951,rain,0.9605548977851868,0.9063987731933594,0.05638004048794946,0.10887470841407776,0.2625494599342346,0.15367475152015686,1.083389401435852,0.29593929648399353,0.5952533483505249,0.07678253948688507,0.8077021837234497,0.0,0.16878026723861694,0.06468257308006287,0.0,0.037129953503608704,0.7176353931427002,0.4748944044113159,0.9414309859275818,0.0,,0.850737452507019,0.0,0.0,,,0.0
GP020402_frame_000971,rain,0.9600654244422913,0.9270373582839966,0.03440189071850182,0.11391407996416092,0.21048672497272491,0.096572645008564,1.0294119119644165,0.38133957982063293,0.8396045565605164,0.2687530219554901,0.8695105314254761,0.0,0.0,0.5849846601486206,0.6653422713279724,0.0,0.8073169589042664,0.0,0.9764660000801086,,,0.7081155776977539,0.0,0.0,,,0.0
GP020402_frame_000904,rain,0.9585755467414856,0.921009361743927,0.0391895920288834,0.11726421862840652,0.23023292422294617,0.11296870559453964,1.3619171380996704,0.4029461741447449,0.7694196105003357,0.031160032376646996,0.5964985489845276,0.01433203648775816,0.0,0.6026275157928467,,0.0,0.9457107782363892,0.4319155216217041,0.970687747001648,,,0.8759484887123108,0.0,,,,0.0
GP020402_frame_000753,rain,0.9447750449180603,0.9086220860481262,0.03826620811137906,0.1494293510913849,0.25017932057380676,0.10074996948242188,1.5140479803085327,0.32900863885879517,0.6921977400779724,0.014285826124250889,0.814028799533844,0.0,0.0,0.26851752400398254,,0.21736453473567963,0.9151803255081177,0.2065625935792923,0.9504197239875793,0.0,,0.5275641083717346,0.0,0.0,,,
GP020402_frame_000802,rain,0.9644272923469543,0.9562700390815735,0.008458131831740982,0.10048601776361465,0.1266695261001587,0.026183508336544037,0.9375197291374207,0.3950515389442444,0.9344063401222229,0.3833315074443817,0.9668628573417664,0.0,0.0,0.5164048075675964,0.0,0.746543288230896,0.6868078112602234,0.0,0.9845540523529053,0.15366430580615997,,0.9350938200950623,0.0,0.013156033121049404,0.0,,
GP020402_frame_000723,rain,0.9377386569976807,0.8955302834510803,0.04501080634942479,0.16866141557693481,0.2778472602367401,0.1091858446598053,0.9780898690223694,0.36674419045448303,0.6449541449546814,0.011734532192349434,0.6576219797134399,0.03211832791566849,0.006772567983716726,0.33286887407302856,,0.0,0.8626301288604736,0.2857535183429718,0.8221365213394165,0.0,,0.7443399429321289,,,,,
GP020402_frame_000863,rain,0.9522835612297058,0.9189122319221497,0.03504347897597664,0.13733525574207306,0.23020167648792267,0.09286642074584961,3.3641357421875,0.37478065490722656,0.8654210567474365,0.0402795672416687,0.1428435891866684,0.0,,0.39120545983314514,0.6528038382530212,0.31040462851524353,0.7951344847679138,0.0,0.9884589314460754,,,0.8397303819656372,0.0,0.22064757347106934,0.0,,
GP020402_frame_000898,rain,0.92631596326828,0.9318954944610596,-0.006023356342537769,0.1961711198091507,0.18048235774040222,-0.015688762068748474,0.8076213002204895,0.6852866411209106,0.7251078486442566,0.3206128776073456,0.5910670757293701,0.2653287351131439,,0.4716702401638031,,0.8132960200309753,0.8950358629226685,0.889137864112854,0.9577592611312866,,,0.9238502979278564,,,,,
GP020402_frame_000784,rain,0.9300755262374878,0.875826358795166,0.058327700631478234,0.19564880430698395,0.332967609167099,0.13731880486011505,1.8024444580078125,0.36285170912742615,0.5959140658378601,0.3955003619194031,0.6116281747817993,0.024332497268915176,0.3626289367675781,0.26974397897720337,0.5825987458229065,0.06616643816232681,0.9245046973228455,0.2624645233154297,0.8712687492370605,0.09401709586381912,,0.3820073902606964,,0.0,,,0.0
GP020402_frame_000981,rain,0.951206624507904,0.9388819932937622,0.012956838994839279,0.13684402406215668,0.17784170806407928,0.04099768400192261,1.4049077033996582,0.3424455225467682,0.695684015750885,0.17619910836219788,0.9380980134010315,0.0,0.0,0.10881837457418442,0.3508305549621582,0.0,0.8835915327072144,0.04449491575360298,0.9731643795967102,0.0,,0.9658018946647644,,0.0,,,0.0
GP020402_frame_000644,rain,0.9342930912971497,0.9313189387321472,0.0031833185548231072,0.1857176125049591,0.19218939542770386,0.006471782922744751,1.4515149593353271,0.36110636591911316,0.6309474110603333,0.1199028491973877,0.779125988483429,0.24076060950756073,0.05421042814850807,0.6573392152786255,0.0,0.5694677829742432,0.7666055560112,0.0,0.9908783435821533,0.7118023037910461,0.0,0.6177673935890198,0.0,,0.0,,0.0
GP020402_frame_000774,rain,0.9424049854278564,0.9218844175338745,0.021774680730194448,0.16223867237567902,0.21897286176681519,0.05673418939113617,1.0436745882034302,0.5219096541404724,0.9267265796661377,0.5569900870323181,0.8743568062782288,0.268498033285141,0.0,0.5321781039237976,0.0,0.19866815209388733,0.9241976737976074,0.6558852791786194,0.9642148017883301,0.0,,0.8831103444099426,,,,,
GP020402_frame_000624,rain,0.9308207035064697,0.9010603427886963,0.03197217282119129,0.19440722465515137,0.2884272634983063,0.09402003884315491,1.8633215427398682,0.2794262766838074,0.7428827285766602,0.0015068561770021915,0.31251993775367737,0.0,0.45857614278793335,0.12880879640579224,0.0,0.17975164949893951,0.8939363360404968,,0.8516266345977783,0.07129843533039093,0.0,0.8299126029014587,0.0,,0.0,,0.0
GP020402_frame_000843,rain,0.9529109597206116,0.9132537841796875,0.04161687377001373,0.13619740307331085,0.25895020365715027,0.12275280058383942,2.194331645965576,0.3953070342540741,0.7964656352996826,0.0,0.7271071672439575,0.0,,0.29240185022354126,0.5259934067726135,0.0,0.8486582040786743,0.0,0.9730736613273621,,,0.5657574534416199,0.0016909029800444841,0.8031505346298218,,,0.0
GP020402_frame_000909,rain,0.9452099204063416,0.9112877249717712,0.03588853051933903,0.15146537125110626,0.25331607460975647,0.10185070335865021,0.6925274133682251,0.30518925189971924,0.767719566822052,0.03088941052556038,0.6497294902801514,0.0,0.0,0.7109419107437134,0.0,0.0,0.8254547119140625,0.1758236289024353,0.9654697179794312,0.0,,0.7569993138313293,0.0,,,0.0,0.0
GP020402_frame_000946,rain,0.9284125566482544,0.9111940860748291,0.01854614122209401,0.1970686912536621,0.23488971590995789,0.037821024656295776,1.3217356204986572,0.37658095359802246,0.84649658203125,0.4256594479084015,0.5170378088951111,0.0,0.06488014757633209,0.24621182680130005,0.0,0.13242009282112122,0.8472974300384521,0.2869020998477936,0.9740837812423706,,,0.9311441779136658,0.0,0.0,,,
GP020402_frame_000976,rain,0.9560173749923706,0.9193460941314697,0.03835838284592861,0.124515600502491,0.2243204116821289,0.09980481117963791,0.8685641884803772,0.41722801327705383,0.5968287587165833,0.21174557507038116,0.9273591637611389,0.0,0.16148711740970612,0.2572692930698395,0.0,0.6141568422317505,0.836479902267456,0.09335615485906601,0.9864130020141602,,,0.7388683557510376,0.0,,,,
GP020402_frame_000809,rain,0.9226828813552856,0.9339998960494995,-0.012265334927356064,0.20601694285869598,0.18679064512252808,-0.019226297736167908,0.8430313467979431,0.4965657591819763,0.9450118541717529,0.20953471958637238,0.8453545570373535,0.0,0.15811331570148468,0.47464892268180847,0.2554780840873718,0.6944444179534912,0.8571892976760864,0.6764327883720398,0.9423902630805969,0.0,,0.8933230042457581,,0.0,,,
GP020402_frame_000994,rain,0.9340186715126038,0.8916260600090027,0.04538732719451396,0.18466094136238098,0.30733174085617065,0.12267079949378967,4.390608310699463,0.33259275555610657,0.6061170697212219,0.12162286788225174,0.554580569267273,0.0,0.0,0.3506971299648285,0.0,0.0,0.8908513784408569,0.1799216866493225,0.9647672772407532,,,0.3225547969341278,,,,,
GP020402_frame_000748,rain,0.9505188465118408,0.9235308170318604,0.028392944858579218,0.1371813267469406,0.21065565943717957,0.07347433269023895,1.5783318281173706,0.37577739357948303,0.8769870400428772,0.004000301007181406,0.8737568855285645,0.05990630015730858,0.0007030006963759661,0.17864380776882172,,0.0,0.8374020457267761,0.5261182188987732,0.9714378118515015,0.0,,0.18037380278110504,,,,,
GOPR0400_frame_000107,rain,0.917434811592102,0.8672869205474854,0.05466098502517141,0.22170859575271606,0.37646639347076416,0.1547577977180481,1.4410475492477417,0.315317839384079,0.5899689793586731,0.055473875254392624,0.7414066195487976,0.0,0.0,0.20859931409358978,0.0,0.4431494474411011,0.8498933911323547,0.4614047706127167,0.9113363027572632,,,0.15321701765060425,0.0,,,,0.0
GOPR0400_frame_000094,rain,0.9557375311851501,0.8991110920906067,0.05924894299362204,0.12344535440206528,0.28223058581352234,0.15878523141145706,0.8464686870574951,0.4645291864871979,0.6600170731544495,0.31016212701797485,0.6431145071983337,0.1018020361661911,0.0,0.44001510739326477,,0.6288148760795593,0.8601120114326477,0.07307439297437668,0.981760561466217,0.0,,0.8754777908325195,,,,,
GOPR0400_frame_000058,rain,0.9272480010986328,0.8931257724761963,0.03679946272627474,0.19871999323368073,0.2969430983066559,0.09822310507297516,1.956930160522461,0.4286167025566101,0.8041597008705139,0.0,0.8815159201622009,0.0,0.0,0.2458415925502777,0.0,0.0,0.864420473575592,0.8366685509681702,0.9725688099861145,,,0.9668420553207397,0.0,,,,
GOPR0400_frame_000087,rain,0.9051773548126221,0.9040358662605286,0.0012610661694239357,0.24613960087299347,0.2773273289203644,0.03118772804737091,1.2580819129943848,0.4389232099056244,0.7854422926902771,0.1933099627494812,0.8472744822502136,0.5487231016159058,0.0,0.4416801631450653,0.0021459227427840233,0.5253389477729797,0.8212229609489441,0.8764576315879822,0.975260317325592,,,0.1280691921710968,0.0,,0.0,,
GOPR0400_frame_000114,rain,0.9137240648269653,0.9156290888786316,-0.0020849007968045713,0.22473740577697754,0.24322785437107086,0.018490448594093323,1.8173298835754395,0.3016706705093384,0.8352110981941223,0.13541525602340698,0.8577044606208801,0.056041985750198364,0.2749764919281006,0.40755322575569153,0.08796434104442596,0.45968225598335266,0.5977175831794739,,0.9871585369110107,0.15537488460540771,0.0,0.27360066771507263,0.0,0.0,0.0,,0.0
GOPR0400_frame_000150,rain,0.9541019797325134,0.907141387462616,0.04921967753474978,0.1276986300945282,0.2584743797779083,0.13077574968338013,0.8050516843795776,0.3913431167602539,0.6724236011505127,0.21431508660316467,0.5485886335372925,0.0004981320234946907,0.0,0.12177778035402298,0.0,0.1355685144662857,0.9409273266792297,0.7961888909339905,0.9710702896118164,,,0.6861019730567932,,,,,0.0
GOPR0400_frame_000125,rain,0.9426116943359375,0.9573574066162109,-0.01564346401858194,0.16499507427215576,0.12400417774915695,-0.04099089652299881,1.335653305053711,0.4319157302379608,0.9652215242385864,0.0064575644209980965,0.932441771030426,0.2087298333644867,0.0,0.08926530927419662,0.0,0.13859274983406067,0.8962947130203247,0.2068965584039688,0.9888155460357666,,,0.7502733469009399,,,,,
GP030400_frame_000121,rain,0.9533304572105408,0.9481410980224609,0.005443400128880782,0.12733648717403412,0.14400754868984222,0.016671061515808105,1.0132617950439453,0.4471272826194763,0.8430750370025635,0.15092886984348297,0.8457515835762024,0.0,0.6391990780830383,0.2831665873527527,0.0,0.531781017780304,0.7931298017501831,0.0,0.9861693382263184,,,0.7394530773162842,,,,,0.0
GP030400_frame_000135,rain,0.9597587585449219,0.9304127097129822,0.030576484210121747,0.11170967668294907,0.19315190613269806,0.08144222944974899,1.6227220296859741,0.41017988324165344,0.91167813539505,0.27046677470207214,0.07252519577741623,0.005592416971921921,0.6255984306335449,0.24093277752399445,0.0,0.2014925330877304,0.9358933568000793,0.3653653562068939,0.9744502305984497,,,0.7885745763778687,,0.7601282000541687,0.0,,0.0
GP030400_frame_000129,rain,0.9547386169433594,0.9563782811164856,-0.0017173958682028846,0.12642617523670197,0.12302345782518387,-0.003402717411518097,1.2187142372131348,0.4136410057544708,0.9371079802513123,0.021706702187657356,0.7833302021026611,0.012961072847247124,0.20408079028129578,0.315987765789032,0.0,0.6936913132667542,0.9029757380485535,0.0,0.983462929725647,,,0.5220288038253784,,0.0,,,
GP030400_frame_000184,rain,0.9241434931755066,0.918572723865509,0.006028034921909307,0.20196552574634552,0.22890925407409668,0.02694372832775116,0.9173357486724854,0.4561610519886017,0.7653728723526001,0.06897898018360138,0.9252046346664429,0.0,0.02252967841923237,0.054297205060720444,,0.5073637962341309,0.9015906453132629,0.7752438187599182,0.9759053587913513,,,0.4774456024169922,0.0,,,,
GP030400_frame_000154,rain,0.9588747024536133,0.8826969861984253,0.07944491106691186,0.11428108811378479,0.2871979773044586,0.17291688919067383,1.812936544418335,0.29312026500701904,0.8259092569351196,0.8609297275543213,0.04221180081367493,0.0,0.02328268438577652,0.16849899291992188,0.0,0.0,0.728075385093689,0.0,0.9873775243759155,,,0.7042107582092285,0.0,0.3494280278682709,0.0,,0.0
GOPR0572_frame_000756,rain,0.9572842121124268,0.8737059235572815,0.08730770509380602,0.120298370718956,0.3581329882144928,0.2378346174955368,3.888566017150879,0.23579563200473785,0.33767610788345337,0.2771804928779602,0.8815935850143433,0.0,0.0,0.22426949441432953,0.0,0.33050599694252014,0.8427287936210632,0.0,0.9867349863052368,,,0.12783631682395935,0.0,0.0,0.0,0.0,0.0
GOPR0572_frame_000820,rain,0.9806452989578247,0.9605668187141418,0.02047476295483548,0.05749501287937164,0.11301936209201813,0.055524349212646484,3.5231590270996094,0.27109575271606445,0.6712191700935364,0.0989646464586258,0.973918616771698,0.0,0.0,0.07112068682909012,0.0,0.0,0.7842087745666504,0.0,0.9805393815040588,0.0,,0.7575610280036926,,,0.0,0.0,0.0
GOPR0572_frame_000736,rain,0.9618818759918213,0.9008181095123291,0.06348364322977947,0.11449113488197327,0.2931048572063446,0.17861372232437134,3.663503408432007,0.2293144017457962,0.6102749109268188,0.009394880384206772,0.4117351174354553,0.0,0.09921026974916458,0.2356705367565155,0.05779078230261803,0.0,0.8729007244110107,0.8414038419723511,0.9309449791908264,0.0,0.0,0.05833333358168602,0.0,0.0,,0.0,0.0
GOPR0572_frame_000830,rain,0.9390490055084229,0.8723383545875549,0.0710406483784547,0.16334035992622375,0.37518370151519775,0.211843341588974,4.002584457397461,0.35663115978240967,0.6087213158607483,0.38003304600715637,0.9263569712638855,0.0,0.0,0.43801170587539673,0.0,0.7358143329620361,0.5963978171348572,0.0,0.9760916233062744,0.0,,0.20394662022590637,,,,0.0,0.4840933680534363
GOPR0572_frame_000752,rain,0.9611609578132629,0.8967034220695496,0.06706216534194132,0.10541678965091705,0.2895371913909912,0.18412040174007416,3.532377004623413,0.3439391851425171,0.6605743169784546,0.2765007019042969,0.62795090675354,0.0,0.0,0.4655199348926544,0.09386706352233887,0.778419554233551,0.9238855242729187,0.6746711730957031,0.9796529412269592,0.0,,0.021985342726111412,0.0,,0.0,,0.0
GOPR0572_frame_000825,rain,0.9692182540893555,0.942000687122345,0.028081979029339895,0.09197019785642624,0.15190376341342926,0.05993356555700302,4.155479431152344,0.4146488606929779,0.712766170501709,0.1874876767396927,0.8541837930679321,0.0,0.0,0.3160969913005829,,0.5,0.8902135491371155,0.0,0.9841153621673584,0.0,,0.5502083897590637,,,0.8100125193595886,0.0,
GOPR0572_frame_000860,rain,0.9546430706977844,0.9032304883003235,0.05385529255591687,0.1266225427389145,0.30250588059425354,0.17588333785533905,4.226227760314941,0.28987395763397217,0.6390157341957092,0.010203732177615166,0.9171758890151978,0.0,0.0,0.1405116468667984,,0.12233519554138184,0.8745354413986206,0.0,0.9785590171813965,,,0.6657728552818298,0.0,,0.0,0.0,0.0
GOPR0572_frame_000740,rain,0.9487494230270386,0.8559086918830872,0.0978559015816619,0.1473580002784729,0.39436808228492737,0.24701008200645447,3.942612886428833,0.322363942861557,0.6301398277282715,0.41900601983070374,0.7091600894927979,0.0,0.640820324420929,0.3529265820980072,0.0,0.0,0.41214171051979065,,0.9600998163223267,0.278723806142807,,0.43244093656539917,0.0,0.0,0.0,,
GOPR0572_frame_000760,rain,0.947159469127655,0.8860368728637695,0.06453252869324617,0.14455056190490723,0.31780481338500977,0.17325425148010254,3.2923288345336914,0.3130609393119812,0.6714193224906921,0.10714426636695862,0.5665979385375977,0.14568983018398285,0.0,0.17389675974845886,0.0,0.18063314259052277,0.87693852186203,,0.9385677576065063,0.0,,0.40890470147132874,0.0,,,,
GOPR0572_frame_000748,rain,0.933563232421875,0.9179866909980774,0.016685041479770048,0.18525198101997375,0.2313714325428009,0.04611945152282715,3.5856006145477295,0.43933841586112976,0.8613178730010986,0.20849843323230743,0.7459762096405029,0.24198919534683228,0.5778478384017944,0.3884240388870239,0.0,0.0,0.7985032796859741,0.41012492775917053,0.9847851395606995,,,0.5544649362564087,0.0,,0.8181448578834534,,0.0
GOPR0572_frame_000773,rain,0.9329453706741333,0.8332229256629944,0.10688990703730251,0.18366220593452454,0.460296094417572,0.2766338884830475,3.7541916370391846,0.2145899534225464,0.264366090297699,0.05719713866710663,0.5449236631393433,0.0,0.08530018478631973,0.046942662447690964,0.0,0.0,0.7790042161941528,0.26272711157798767,0.9232471585273743,,,0.040551140904426575,,,0.0,,0.0
GOPR0572_frame_000836,rain,0.9423183798789978,0.9331444501876831,0.009735488333717771,0.15892304480075836,0.18840324878692627,0.029480203986167908,5.158268928527832,0.3450196385383606,0.7599375247955322,0.07229890674352646,0.8554559946060181,0.0,0.0,0.02124057337641716,,0.2403949350118637,0.73932945728302,0.0,0.98158860206604,0.012996219098567963,,0.802013099193573,,,0.0,,
GOPR0572_frame_000778,rain,0.9514997601509094,0.902816116809845,0.051165165634609815,0.13348133862018585,0.26909786462783813,0.13561652600765228,3.3497154712677,0.48266664147377014,0.778876781463623,0.5827769637107849,0.6382971405982971,0.9115977883338928,0.0360407680273056,0.30653116106987,0.3251231610774994,0.12269272655248642,0.7266705632209778,0.0,0.9417358636856079,,,0.9043235182762146,0.0,,,,
GP010400_frame_000380,rain,0.9322534203529358,0.9070595502853394,0.02702470084562569,0.19501452147960663,0.26628509163856506,0.07127057015895844,0.9653302431106567,0.41316384077072144,0.7859373688697815,0.0032992591150105,0.9234315156936646,0.0,0.0,0.0,0.33690881729125977,0.8480365872383118,0.8218644857406616,0.0,0.9631339907646179,0.0,,0.6885177493095398,,,,,
GP010400_frame_000234,rain,0.9211906790733337,0.9245892763137817,-0.003689352574619264,0.21564611792564392,0.21879766881465912,0.0031515508890151978,0.7819594144821167,0.40398675203323364,0.6318914890289307,0.00618393812328577,0.8640041947364807,0.0,0.0,0.3791130483150482,0.7106785774230957,0.5461120009422302,0.838313102722168,0.07074829936027527,0.9768795967102051,0.0,,0.8012964129447937,0.0,0.0,0.6385673880577087,,
GP010400_frame_000214,rain,0.9229477047920227,0.8944678902626038,0.030857451698481742,0.2081555277109146,0.2970339357852936,0.08887840807437897,0.7799234390258789,0.40306514501571655,0.6567787528038025,0.0968591719865799,0.8809186816215515,0.0029086677823215723,0.7060289978981018,0.3996732831001282,0.6180499792098999,0.6278984546661377,0.8345838785171509,0.0,0.9770725965499878,0.0,,0.6193304657936096,0.0,0.028938906267285347,0.0,,
GP010400_frame_000360,rain,0.9341365098953247,0.8940380811691284,0.04292566222621244,0.18534205853939056,0.30191564559936523,0.11657358705997467,2.156283140182495,0.35750728845596313,0.7278933525085449,0.7565687894821167,0.7780402898788452,0.0,0.0,0.23886309564113617,0.3177240788936615,0.4891888499259949,0.8902370929718018,0.5468374490737915,0.9824602007865906,0.0,0.0,0.3498104512691498,0.0,,,0.0,0.0
GP010400_frame_000290,rain,0.92060786485672,0.9203885197639465,0.00023826115196719946,0.2188446968793869,0.2256932258605957,0.006848528981208801,2.2815072536468506,0.46320071816444397,0.7936406135559082,0.016194894909858704,0.7632978558540344,0.08801684528589249,0.16526372730731964,0.6174085736274719,0.8100778460502625,0.4601171314716339,0.8432099223136902,0.0,0.9740198850631714,0.3427236080169678,,0.6108393669128418,0.0,,,,
GP010400_frame_000350,rain,0.9402061104774475,0.9290562868118286,0.011858914149545088,0.15931250154972076,0.1904592365026474,0.031146734952926636,1.1040234565734863,0.45614752173423767,0.7180259227752686,0.6734323501586914,0.798235297203064,0.1464637815952301,0.0,0.09250929206609726,0.4396675229072571,0.2355046570301056,0.9331377744674683,0.13602015376091003,0.9825443029403687,0.23686131834983826,,0.5375149846076965,,,,,
GOPR0571_frame_000275,rain,0.9442681074142456,0.9251790642738342,0.020215702286638902,0.15468883514404297,0.21175310015678406,0.05706426501274109,2.421584129333496,0.36629927158355713,0.7372771501541138,0.09013651311397552,0.8901918530464172,0.12057927995920181,0.42372962832450867,0.17642298340797424,,0.10931647568941116,0.9162363409996033,0.0,0.976245641708374,0.7124357223510742,0.0,0.0,0.708217203617096,,,0.0,0.0
GOPR0571_frame_000232,rain,0.9322745203971863,0.913736879825592,0.019884315153065976,0.18783871829509735,0.2396550178527832,0.05181629955768585,3.699021339416504,0.45501014590263367,0.8479397892951965,0.13913993537425995,0.745283305644989,0.0,0.0,0.4098341763019562,0.0,0.299480140209198,0.8706900477409363,0.6129778623580933,0.981104850769043,0.6788287162780762,0.0,0.5550413131713867,0.31531330943107605,,,,0.8245285153388977
GOPR0604_frame_000413,snow,0.946423351764679,0.909745991230011,0.038753650867493605,0.15097959339618683,0.25605690479278564,0.10507731139659882,3.7978498935699463,0.395472913980484,0.8619943261146545,0.45104464888572693,0.7489790916442871,0.7324080467224121,0.0,0.558923065662384,0.7522523403167725,0.5622705817222595,0.7534326314926147,0.0,0.9635657072067261,0.0,0.0,0.7336418628692627,0.0,0.0,0.0,0.0,
GOPR0604_frame_000439,snow,0.9501091837882996,0.8978413343429565,0.05501246571137715,0.13474655151367188,0.2867950201034546,0.15204846858978271,3.3154449462890625,0.3727758824825287,0.9352023005485535,0.33869656920433044,0.5592464804649353,0.0,0.0,0.6081236600875854,,,0.8776869177818298,0.0033362971153110266,0.9303111433982849,0.0,0.0,0.15131625533103943,0.8149429559707642,,,,0.0
GOPR0604_frame_000300,snow,0.9605951309204102,0.9334871768951416,0.02821995747271282,0.11001215875148773,0.19592666625976562,0.0859145075082779,3.633207082748413,0.30118468403816223,0.6199674010276794,0.026569165289402008,0.883149266242981,0.0,0.0,0.40616747736930847,0.35078534483909607,0.0,0.645898699760437,0.0,0.9767595529556274,,,0.28234341740608215,0.024945396929979324,,0.0,,
GOPR0604_frame_000284,snow,0.9506920576095581,0.8564992547035217,0.0990781411933697,0.13620886206626892,0.39755508303642273,0.2613462209701538,3.586930274963379,0.22937333583831787,0.45508885383605957,0.26261940598487854,0.5664708614349365,0.0,0.0,0.07568901777267456,0.0,0.0,0.9156175255775452,0.01946275867521763,0.8423051834106445,0.0,0.0,0.762093186378479,0.0,,,0.0,0.0
GOPR0604_frame_000455,snow,0.9668310880661011,0.913584291934967,0.05507352446320837,0.0947641134262085,0.2505507469177246,0.1557866334915161,3.649553060531616,0.4758627712726593,0.8471323847770691,0.3900810778141022,0.59371018409729,0.0,0.8278116583824158,0.5683855414390564,0.2723343074321747,0.38991478085517883,0.8676108717918396,0.00047873068251647055,0.8306223750114441,0.0,,0.5981338024139404,,,,,
GOPR0604_frame_000433,snow,0.9569777250289917,0.9310299754142761,0.02711426678482701,0.12655368447303772,0.19804072380065918,0.07148703932762146,3.468130350112915,0.47770342230796814,0.6876698136329651,0.4885220229625702,0.6290462613105774,0.40920498967170715,0.0,0.3075726330280304,0.6921799182891846,0.001400233362801373,0.9340951442718506,0.0,0.952890932559967,0.8945702910423279,,0.7525604963302612,0.4158385396003723,0.0,,,
GOPR0604_frame_000278,snow,0.9530932307243347,0.882885217666626,0.07366332070968401,0.13315652310848236,0.3136524260044098,0.18049590289592743,3.03229022026062,0.3490017056465149,0.8298692107200623,0.35632675886154175,0.8469504714012146,0.0,0.0,0.39875349402427673,0.0,0.0,0.673107385635376,0.25322750210762024,0.8919287323951721,0.00913241971284151,,0.6267281174659729,,,,,0.0
GOPR0604_frame_000290,snow,0.9385004043579102,0.9208728075027466,0.018782726768665065,0.16660992801189423,0.22781629860401154,0.06120637059211731,3.6618826389312744,0.379337877035141,0.6599674820899963,0.04671976715326309,0.9229990839958191,0.025290597230196,0.0,0.2825283706188202,0.6729898452758789,0.0,0.8261721134185791,0.0,0.9498434662818909,0.0,,0.9242199659347534,,,,,0.0
GOPR0604_frame_000310,snow,0.958531379699707,0.9297935962677002,0.0299810561665695,0.11720408499240875,0.19511328637599945,0.0779092013835907,3.1414289474487305,0.392709881067276,0.7764059901237488,0.4411620795726776,0.8223687410354614,0.08427353203296661,0.37235140800476074,0.3084924519062042,0.0,0.0,0.8360227346420288,,0.9913727045059204,0.0,,0.4727783501148224,0.0,,,,
GOPR0604_frame_000393,snow,0.946423351764679,0.9006798267364502,0.04833304721360264,0.15097959339618683,0.2769354283809662,0.12595583498477936,3.8360910415649414,0.5148870348930359,0.8182838559150696,0.3456268906593323,0.7427979707717896,0.8053520917892456,0.0,0.5162816643714905,0.7423565983772278,0.5954694151878357,0.7207158207893372,0.0,0.9615870714187622,,,0.8050625324249268,0.6697713732719421,0.0,0.0,,
GOPR0604_frame_000460,snow,0.9501560926437378,0.9246451258659363,0.026849237411430783,0.1425359547138214,0.21853448450565338,0.07599852979183197,2.9219605922698975,0.3315534293651581,0.7977367043495178,0.09288786351680756,0.5211751461029053,0.007093396503478289,0.08562091737985611,0.36379122734069824,0.2026064544916153,0.4859878122806549,0.8696152567863464,0.026668453589081764,0.9808233976364136,0.0,,0.20774148404598236,,,,,0.0
GOPR0604_frame_000488,snow,0.9480447769165039,0.9232696890830994,0.026132824287748053,0.14467835426330566,0.22051718831062317,0.0758388340473175,3.4195785522460938,0.38271066546440125,0.6024438142776489,0.07195732742547989,0.7496317028999329,0.14231638610363007,0.31064799427986145,0.4648799002170563,0.12659303843975067,0.43636834621429443,0.8159055113792419,0.0,0.9831299781799316,0.2933754026889801,,0.6415084600448608,0.48461323976516724,,0.0,,0.0
GOPR0604_frame_000337,snow,0.9602696299552917,0.9308395385742188,0.030647737006913187,0.10753453522920609,0.19734999537467957,0.08981546014547348,3.4348134994506836,0.38290125131607056,0.8938153982162476,0.37780889868736267,0.8836922645568848,0.12694908678531647,0.0,0.26424187421798706,0.5850573182106018,0.6400887966156006,0.7630524635314941,0.0,0.9850256443023682,0.0,,0.6066881418228149,0.0,,0.0,,0.0
GOPR0604_frame_000445,snow,0.9646328687667847,0.9316424131393433,0.034200011583284805,0.09783075004816055,0.1975945085287094,0.09976375848054886,3.5597026348114014,0.4544878304004669,0.9489737749099731,0.632082462310791,0.2293776422739029,,0.0,0.2840118408203125,0.0,0.1666666716337204,0.9331119060516357,0.01574583351612091,0.9540542960166931,,,0.8353418707847595,,,,,
GOPR0604_frame_000465,snow,0.959112823009491,0.9429755806922913,0.01682517610213231,0.11556657403707504,0.15950968861579895,0.04394311457872391,3.3793699741363525,0.3492295742034912,0.6591336131095886,0.007150402292609215,0.8948310613632202,0.3838779926300049,0.0,0.08110752701759338,0.0,0.4386596381664276,0.6391372084617615,0.0,0.9655027985572815,0.0,,0.8198135495185852,0.0,,,,
GOPR0604_frame_000332,snow,0.953648030757904,0.9205668568611145,0.034689080754046905,0.1293240338563919,0.21897494792938232,0.08965091407299042,3.0555946826934814,0.41254544258117676,0.8901766538619995,0.5141996145248413,0.5142893195152283,0.0,0.12312108278274536,0.20793579518795013,0.245998814702034,0.0,0.8761059045791626,0.0,0.9545226097106934,0.5845942497253418,,0.8646917939186096,,,,,0.0
GOPR0604_frame_000470,snow,0.956261932849884,0.9422904253005981,0.014610544374115245,0.12168468534946442,0.15921415388584137,0.03752946853637695,3.4656198024749756,0.3571569621562958,0.7604881525039673,0.22814571857452393,0.9175559282302856,0.0012727061985060573,0.0,0.2877788245677948,0.0,0.2550436854362488,0.779967188835144,0.0,0.9774851202964783,0.0,,0.8648993372917175,0.6418750882148743,,0.0,0.0,
GOPR0604_frame_000316,snow,0.9207749962806702,0.9318267107009888,-0.01200262207915516,0.21641702950000763,0.1868097484111786,-0.02960728108882904,3.938624858856201,0.3936067521572113,0.9231739640235901,0.6993860602378845,0.8991153240203857,0.0,0.08415841311216354,0.6078670620918274,0.3604843020439148,0.0,0.8122664093971252,0.004496983252465725,0.9566312432289124,0.16291533410549164,,0.0,0.0,,,,
GOPR0604_frame_000327,snow,0.9528204798698425,0.9028390049934387,0.05245633926620469,0.13143134117126465,0.2694784104824066,0.13804706931114197,3.2277657985687256,0.33094772696495056,0.7798529267311096,0.35804247856140137,0.8218960762023926,0.0,0.1392110139131546,0.20453238487243652,0.0,0.24938875436782837,0.7221437692642212,0.0,0.9840037822723389,,,0.374197393655777,0.0,,0.0,,
GOPR0604_frame_000322,snow,0.9562610983848572,0.9383116960525513,0.018770398769665308,0.1251521110534668,0.16965317726135254,0.04450106620788574,3.255106210708618,0.3477461636066437,0.86964350938797,0.5354363918304443,0.9096919894218445,0.1135258823633194,0.0,0.029870130121707916,0.0,0.38911619782447815,0.7302864789962769,0.0,0.9817817211151123,0.6568398475646973,,0.0,,,,0.0,0.0
GOPR0604_frame_000373,snow,0.9497425556182861,0.9139461517333984,0.03769063868542535,0.14075076580047607,0.24067074060440063,0.09991997480392456,4.289802551269531,0.4140572249889374,0.8237879872322083,0.25370192527770996,0.6671754121780396,0.1318778097629547,0.0,0.49675729870796204,0.7218635678291321,0.3934080898761749,0.8146147727966309,0.0,0.9597565531730652,,,0.9244025349617004,0.02351212315261364,0.0,0.0,,
GOPR0604_frame_000478,snow,0.9566308259963989,0.8867953419685364,0.07300149796564306,0.12585900723934174,0.2794419527053833,0.15358294546604156,2.817145586013794,0.37161359190940857,0.8205269575119019,0.5744331479072571,0.46588262915611267,0.7827541828155518,0.0,0.12176977097988129,0.23156724870204926,0.1827889382839203,0.8725776672363281,0.0,0.7634530067443848,0.0,,0.009683098644018173,0.8542538285255432,,0.0,0.6377405524253845,0.0
GOPR0604_frame_000305,snow,0.9567345380783081,0.9266651272773743,0.03142920976495632,0.1185743436217308,0.20185405015945435,0.08327970653772354,3.5466153621673584,0.35468748211860657,0.8283159732818604,0.03530632331967354,0.5839222073554993,0.06165255233645439,0.0,0.41304174065589905,0.2946597933769226,0.2759643793106079,0.6985225081443787,0.0,0.9677461385726929,0.0,,0.8064931631088257,0.0,,,,
GP020607_frame_000162,snow,0.9353277683258057,0.844463050365448,0.09714746003053752,0.1832849532365799,0.40302133560180664,0.21973638236522675,0.8528187870979309,0.2877945899963379,0.8847324848175049,0.0816945880651474,0.15592505037784576,0.0,0.4299525320529938,0.24203264713287354,0.0,0.010192525573074818,0.8049799799919128,0.04176214337348938,0.6861186623573303,0.0,,0.403938889503479,,,,,
GP020607_frame_000149,snow,0.9466230869293213,0.7640417814254761,0.192876453253789,0.15272696316242218,0.6100285053253174,0.4573015421628952,1.0421812534332275,0.26500681042671204,0.6683424711227417,0.32187145948410034,0.42772045731544495,0.0,0.018439440056681633,0.3188491761684418,0.0,0.14656488597393036,0.4447006583213806,0.0,0.7508799433708191,0.0,,0.8777336478233337,0.0,,,,0.0
GP020607_frame_000226,snow,0.8694554567337036,0.8267887234687805,0.04907293690982225,0.36076995730400085,0.4208846986293793,0.06011474132537842,2.4677608013153076,0.3032391369342804,0.6010265350341797,0.13317814469337463,0.2679418921470642,0.0,0.04834442958235741,0.13168995082378387,,0.72745680809021,0.6942138075828552,0.0,0.3867819607257843,0.0,,0.648236095905304,,,,,
GP020607_frame_000001,snow,0.9467150568962097,0.9300618767738342,0.017590488104274788,0.15362273156642914,0.20402532815933228,0.05040259659290314,0.802903413772583,0.46287429332733154,0.8851615190505981,0.024557562544941902,0.8600544333457947,0.629853367805481,0.0,0.1870047003030777,0.8050795197486877,0.7155309319496155,0.8467428088188171,,0.9689424633979797,0.0,,0.09443911910057068,0.0,,,,
GP020607_frame_000201,snow,0.9028765559196472,0.7708649635314941,0.1462122258690914,0.27019524574279785,0.5922601222991943,0.3220648765563965,2.044983148574829,0.07751447707414627,0.24218414723873138,0.0038073724135756493,0.025745373219251633,0.0,0.006822641473263502,0.012635711580514908,0.0,0.0,0.7074142098426819,0.0,0.006504743825644255,,,0.002574002603068948,0.0,,,,
GOPR0122_frame_000376,snow,0.9383590817451477,0.9356206059455872,0.0029183665652640143,0.16562701761722565,0.17590327560901642,0.010276257991790771,1.8152501583099365,0.37233904004096985,0.6663994789123535,0.2054854929447174,0.8220490217208862,0.8866434097290039,0.0,0.013850415125489235,0.0,0.0,0.7672500014305115,0.005962334107607603,0.9379088878631592,,,0.9071980118751526,,,,0.0,0.0
GOPR0122_frame_000425,snow,0.9506115317344666,0.943762481212616,0.007204888875380102,0.1386084258556366,0.15187592804431915,0.013267502188682556,2.274921178817749,0.3560045063495636,0.7201332449913025,0.5459593534469604,0.6917158365249634,0.0553482323884964,0.0,0.5058255791664124,0.22310127317905426,0.0,0.7091788649559021,0.0,0.9536135196685791,,,0.06267298758029938,0.0,,0.516514003276825,,
GOPR0122_frame_000312,snow,0.9265823364257812,0.9333860874176025,-0.007342845477324519,0.19284290075302124,0.17962762713432312,-0.01321527361869812,1.8525853157043457,0.3880709707736969,0.7001977562904358,0.021687788888812065,0.8046038746833801,0.7221165299415588,0.0,0.0,,0.0,0.6137036681175232,0.0,0.9530467987060547,,,0.8414957523345947,,,0.0,,
GOPR0122_frame_000085,snow,0.956763505935669,0.9227566123008728,0.03554367727069842,0.1187729611992836,0.21852506697177887,0.09975210577249527,3.041640520095825,0.4597930610179901,0.7521392703056335,0.08904968947172165,0.749515175819397,0.2392619252204895,0.7950809597969055,0.6559428572654724,,0.3350553512573242,0.843003511428833,0.0,0.9658907651901245,0.0,,0.5523701906204224,,,0.0,,
GOPR0122_frame_000419,snow,0.961902916431427,0.9521477818489075,0.010141495897834722,0.1082383245229721,0.13375547528266907,0.02551715075969696,2.1584348678588867,0.32957106828689575,0.5372651219367981,0.09000995755195618,0.9028281569480896,0.8377716541290283,0.0,0.0,0.0,0.0,0.9193236231803894,,0.9808207750320435,0.0,,0.6738982200622559,0.0,,0.0016488046385347843,0.0,
GOPR0122_frame_000070,snow,0.9179543256759644,0.9212680459022522,-0.0036098965901693574,0.21986985206604004,0.22264422476291656,0.002774372696876526,2.3397276401519775,0.37220272421836853,0.8147723078727722,0.032908905297517776,0.37844207882881165,0.41953083872795105,0.22643804550170898,0.1811642050743103,,0.0,0.8823328018188477,0.0,0.8492597937583923,0.0,,0.6815834641456604,,,,,
GOPR0122_frame_000332,snow,0.9357712864875793,0.9446761012077332,-0.009516016096644618,0.1845976561307907,0.15484179556369781,-0.029755860567092896,1.607537865638733,0.43338310718536377,0.6949288845062256,0.15784643590450287,0.8039106726646423,0.7616010308265686,0.27934762835502625,0.04582381248474121,,0.6240123510360718,0.5373625755310059,,0.9876796007156372,0.0,,0.30808448791503906,,,0.0,,
GOPR0122_frame_000064,snow,0.9466728568077087,0.9203386306762695,0.027817662314798656,0.14969846606254578,0.22359773516654968,0.0738992691040039,2.9365904331207275,0.35969218611717224,0.8702810406684875,0.21525509655475616,0.113918237388134,0.0388529971241951,0.25035467743873596,0.42599475383758545,0.0,0.29197269678115845,0.8589341044425964,0.0,0.9438790082931519,0.17414529621601105,,0.8521026372909546,,0.0,,,
GOPR0122_frame_000370,snow,0.9437190294265747,0.9284053444862366,0.016226953468739043,0.15743620693683624,0.18652574717998505,0.029089540243148804,2.580317258834839,0.39386066794395447,0.6520957946777344,0.11935506761074066,0.7695727348327637,0.5218176245689392,0.0,0.00025794090470299125,,0.3075801730155945,0.544547975063324,0.0,0.9073712229728699,0.0,,0.9037293791770935,,,,,
GOPR0122_frame_000049,snow,0.9430927634239197,0.9167725443840027,0.02790840920597964,0.15897594392299652,0.22055180370807648,0.061575859785079956,3.3183469772338867,0.35806718468666077,0.3887549042701721,0.10027449578046799,0.7854665517807007,0.1168544590473175,0.0,0.09895959496498108,,0.09195402264595032,0.8673124313354492,0.0,0.9064642190933228,0.48886579275131226,,0.4518994092941284,,,,,
GOPR0122_frame_000121,snow,0.9595260620117188,0.9547940492630005,0.004931614561339891,0.11585626751184464,0.12652261555194855,0.010666348040103912,4.8875908851623535,0.3339509963989258,0.6924280524253845,0.0,0.6814546585083008,0.0165315642952919,0.0,0.1414736807346344,0.0,0.5015221834182739,0.7278343439102173,0.0,0.9484823346138,0.4632939398288727,,0.8362444043159485,0.0,0.0,,,
GOPR0122_frame_000327,snow,0.9420596361160278,0.957195520401001,-0.01606680038506707,0.14964519441127777,0.11952463537454605,-0.03012055903673172,1.4902111291885376,0.46497875452041626,0.47887441515922546,0.1785564422607422,0.9256373643875122,0.7557714581489563,0.001301553682424128,0.16352464258670807,0.0,0.2840353846549988,0.88722825050354,,0.9748579263687134,,,,,,,,
GOPR0122_frame_000099,snow,0.9489491581916809,0.9331750869750977,0.016622672473218292,0.13760872185230255,0.17138811945915222,0.03377939760684967,3.7801759243011475,0.338954359292984,0.7545183300971985,0.07371041178703308,0.7085999250411987,0.4549296498298645,0.0,0.006074924021959305,0.0,0.4065237045288086,0.6983426213264465,0.0,0.9371658563613892,0.1054273247718811,,0.43523192405700684,,,0.0,,0.5037904977798462
GOPR0122_frame_000337,snow,0.961236298084259,0.9679291844367981,-0.006962789790866269,0.10811390727758408,0.09210807085037231,-0.01600583642721176,0.9758362174034119,0.5247512459754944,0.5805259943008423,0.03377605602145195,0.9485087990760803,0.034280117601156235,0.3643169105052948,0.36658161878585815,0.0,0.5113762617111206,0.7984470129013062,,0.9620285034179688,0.8407676815986633,,0.8564061522483826,,,,,
GOPR0122_frame_000364,snow,0.9305499196052551,0.9368412494659424,-0.006760872963964519,0.1863228976726532,0.18482451140880585,-0.001498386263847351,1.979249358177185,0.36066776514053345,0.6286121606826782,0.06782566756010056,0.7936851382255554,0.7660088539123535,0.0,0.0,0.0,0.0,0.6812317967414856,0.0,0.8872489929199219,,,0.8640684485435486,0.0,,,,
GOPR0122_frame_000040,snow,0.9578880667686462,0.9505189061164856,0.00769313329070749,0.127715066075325,0.13980643451213837,0.012091368436813354,2.464853525161743,0.3271956443786621,0.6583568453788757,0.06531326472759247,0.8916382193565369,0.0,0.0,0.6153350472450256,,0.008854166604578495,0.9526103734970093,0.0,0.9632891416549683,0.016499193385243416,0.0,0.7360386252403259,,0.0,,,0.0
GOPR0122_frame_000358,snow,0.9156656265258789,0.9242037534713745,-0.009324502968015768,0.2235894799232483,0.2101486474275589,-0.013440832495689392,1.3248648643493652,0.33819493651390076,0.727017879486084,0.06822216510772705,0.8521974682807922,0.0,0.0,0.02744334191083908,0.0,0.4918559193611145,0.7854195833206177,0.0,0.8741843104362488,0.0,,0.9083884954452515,,,0.0,,
GOPR0122_frame_000406,snow,0.9455316662788391,0.9422253370285034,0.0034967937439682882,0.1487690955400467,0.1518215388059616,0.003052443265914917,2.5275816917419434,0.4233812987804413,0.3924097418785095,0.03201492130756378,0.8114913105964661,0.8338037133216858,0.3647071123123169,0.003810082096606493,0.05624296888709068,0.16748768091201782,0.6307820677757263,,0.9416938424110413,0.6120018362998962,,0.6353168487548828,,,0.0,,0.44557613134384155
GOPR0122_frame_000306,snow,0.9136108756065369,0.8882467746734619,0.027762476709366248,0.2299216091632843,0.30035680532455444,0.07043519616127014,1.543049693107605,0.397227019071579,0.8287113308906555,0.0,0.6294494867324829,0.2708059549331665,0.10267125070095062,0.4589711129665375,,0.3853195011615753,0.6506264805793762,,0.953784167766571,,,0.8836119174957275,0.0,,0.0,,0.0
GOPR0122_frame_000352,snow,0.9518867135047913,0.9587752223014832,-0.007236689646567196,0.12215316295623779,0.11934104561805725,-0.002812117338180542,1.6209485530853271,0.3859390914440155,0.5235980749130249,0.06137468293309212,0.9197332262992859,0.0,0.0,0.2667098045349121,0.6786353588104248,0.5250899791717529,0.7264081239700317,0.0,0.9772641658782959,0.0,,0.911314070224762,,,,0.19895833730697632,0.0
GOPR0122_frame_000001,snow,0.9455544352531433,0.9079961776733398,0.039720883094942656,0.14679455757141113,0.24953243136405945,0.10273787379264832,5.009147644042969,0.3252768814563751,0.4898185729980469,0.04683743417263031,0.4938655197620392,0.46653759479522705,0.48884668946266174,0.19886080920696259,,0.1875,0.8368614912033081,0.0,0.8868039846420288,0.3863798677921295,0.0,0.0,0.0,,,0.7221187949180603,0.0
GOPR0122_frame_000018,snow,0.9484218955039978,0.9320500493049622,0.017262197450337816,0.14460797607898712,0.1796313375234604,0.03502336144447327,3.450742483139038,0.3939407467842102,0.698595404624939,0.05315341800451279,0.7933647036552429,0.6009232997894287,0.6393038034439087,0.4887341558933258,0.0,0.11425402015447617,0.8800052404403687,0.0,0.930765688419342,0.0,,0.7100108861923218,,,,0.0,0.0
GOPR0122_frame_000344,snow,0.9158348441123962,0.9302252531051636,-0.015712886366084144,0.21435236930847168,0.18107450008392334,-0.03327786922454834,2.2271533012390137,0.3504173159599304,0.6682589054107666,0.0747341439127922,0.818985641002655,0.37601879239082336,0.05516532063484192,0.13142025470733643,0.0,0.6191231608390808,0.6716710925102234,0.0,0.9598028063774109,0.0,,0.8810800909996033,0.0,,0.0,,
GOPR0122_frame_000092,snow,0.9579554796218872,0.9354369044303894,0.023506911788131267,0.12018413096666336,0.17710810899734497,0.05692397803068161,2.9406635761260986,0.3909781873226166,0.8059626221656799,0.4344949722290039,0.5677510499954224,0.007131767924875021,0.0,0.7286362051963806,0.0,0.5365349054336548,0.9351477026939392,0.0,0.9337159395217896,0.23611608147621155,,0.28820374608039856,,,0.0,,
GOPR0122_frame_000077,snow,0.9498154520988464,0.9417226910591125,0.008520350913061553,0.14165446162223816,0.1670423448085785,0.025387883186340332,2.2483394145965576,0.40320688486099243,0.7403879761695862,0.0037933625280857086,0.7807246446609497,0.26046910881996155,0.199276864528656,0.13112697005271912,0.0,0.21019235253334045,0.9226242899894714,0.0,0.9466004371643066,0.2975699305534363,,0.7489235997200012,,,,,
GOPR0122_frame_000431,snow,0.966013491153717,0.9437556862831116,0.023040883842744234,0.096401147544384,0.15894854068756104,0.06254739314317703,2.0305497646331787,0.4366483688354492,0.9382408261299133,0.8589844703674316,0.8604346513748169,0.5812549591064453,0.0,0.14938056468963623,0.25438201427459717,0.4157027304172516,0.5522681474685669,,0.968546450138092,0.0,,0.7610573768615723,0.6461217403411865,,0.0,0.0,0.0
GOPR0122_frame_000057,snow,0.9555560350418091,0.9212197065353394,0.03593334863468671,0.1328965723514557,0.19529525935649872,0.06239868700504303,2.253650426864624,0.34500420093536377,0.7014043927192688,0.005356954410672188,0.013535664416849613,0.4584915339946747,0.034271709620952606,0.21260377764701843,0.0,0.3787778615951538,0.8662217259407043,0.0,0.9524848461151123,0.01046025101095438,,0.8514459133148193,,,,,
GOPR0122_frame_000028,snow,0.9530601501464844,0.9330885410308838,0.020955244958021296,0.1286461055278778,0.1895318180322647,0.0608857125043869,3.571714162826538,0.35593417286872864,0.7591612935066223,0.1644602119922638,0.8300458788871765,0.0,0.0,0.5947577953338623,,0.46250301599502563,0.8257438540458679,0.0,0.9570886492729187,0.043459028005599976,,0.7017927169799805,0.0,,,0.0,0.0
GOPR0122_frame_000322,snow,0.9320352673530579,0.9452759623527527,-0.014206216568645187,0.17801566421985626,0.15055720508098602,-0.02745845913887024,1.3830556869506836,0.37924352288246155,0.7245972752571106,0.0406431220471859,0.8644967675209045,0.8414381742477417,0.18230751156806946,0.0177153330296278,0.0,0.0384163074195385,0.7275177836418152,0.0,0.9795011281967163,,,0.8927751183509827,0.0,,,0.0,
GOPR0122_frame_000413,snow,0.9610073566436768,0.9652326703071594,-0.004396754707760042,0.11004391312599182,0.09548972547054291,-0.014554187655448914,1.4814246892929077,0.40187788009643555,0.7268741130828857,0.049840107560157776,0.9034594297409058,0.7822837829589844,0.0,0.0,,,0.5995364785194397,,0.982236921787262,,0.0,0.7783036828041077,,,,0.0,0.0
GOPR0122_frame_000106,snow,0.940433919429779,0.9209974408149719,0.020667564202614643,0.1595587283372879,0.21525335311889648,0.05569462478160858,3.702806234359741,0.3393622040748596,0.7902225255966187,0.3074795603752136,0.7813385725021362,0.3571767807006836,0.0,0.03422084450721741,,0.33354952931404114,0.786144495010376,0.0,0.9572728276252747,0.23617373406887054,0.0,0.5068544745445251,,,0.0,,0.0
GOPR0122_frame_000113,snow,0.9490057826042175,0.945175290107727,0.004036321512831886,0.14007163047790527,0.15463832020759583,0.014566689729690552,3.8091118335723877,0.27415362000465393,0.8075330853462219,0.1062287837266922,0.769548773765564,0.0,0.04948360472917557,0.12965139746665955,0.0,0.21451103687286377,0.43155914545059204,0.0,0.9827569723129272,0.35923299193382263,,0.5016050934791565,0.0,,0.0,,0.03434749320149422
GOPR0122_frame_000317,snow,0.9462353587150574,0.9591342210769653,-0.013631769418452408,0.15278376638889313,0.10813507437705994,-0.04464869201183319,2.165656805038452,0.2689879238605499,0.6670970916748047,0.09513024240732193,0.8858544826507568,0.2569309175014496,0.0,0.0,,0.0,0.4839688539505005,0.0,0.9618213176727295,0.0,0.0,0.6840157508850098,,,0.0,0.0,
GP010607_frame_000921,snow,0.923233687877655,0.9244295954704285,-0.0012953465579978393,0.20930105447769165,0.22322294116020203,0.013921886682510376,0.6332683563232422,0.27417463064193726,0.6557689309120178,0.010110318660736084,0.8267160654067993,0.0,0.0,0.194085031747818,0.38461539149284363,0.0,0.7814893126487732,0.0,0.9610263705253601,0.0,0.0,0.6847896575927734,0.0,,,0.16236764192581177,0.0
GP010607_frame_000931,snow,0.916774570941925,0.8117373585700989,0.11457256184383668,0.23393771052360535,0.5017973780632019,0.26785966753959656,1.7561169862747192,0.30434510111808777,0.7438076734542847,0.168085515499115,0.3547871708869934,0.0,0.5269126892089844,0.29264697432518005,0.0,0.0,0.5842739343643188,0.2575443685054779,0.7628396153450012,,,0.5699334740638733,0.0,,,0.0,
GP010607_frame_000958,snow,0.9517860412597656,0.92229163646698,0.030988481869163156,0.13905705511569977,0.2239345759153366,0.08487752079963684,0.7270810604095459,0.42289185523986816,0.7606852650642395,0.025669846683740616,0.8897387385368347,0.0,0.6742584109306335,0.1430591195821762,0.01075268816202879,0.8075496554374695,0.7750392556190491,0.0,0.9774506688117981,,,0.8517372608184814,0.004545454401522875,,,,0.0
GP010607_frame_000954,snow,0.9563961029052734,0.9211934208869934,0.036807638114864115,0.12694163620471954,0.2130105346441269,0.08606889843940735,0.7520578503608704,0.45105060935020447,0.8915045261383057,0.483419269323349,0.8068379759788513,0.0,,0.4010665714740753,0.0,0.0,0.6822882294654846,,0.9478493332862854,0.3800564408302307,,0.8195853233337402,0.0,,,,
GP010607_frame_000995,snow,0.8932020664215088,0.8762247562408447,0.019007244417390205,0.28290191292762756,0.3253828287124634,0.042480915784835815,0.992188572883606,0.28462904691696167,0.7607887387275696,0.335451602935791,0.3786660432815552,0.0,0.0,0.5679664015769958,0.0,0.0,0.8911582827568054,0.0005495434743352234,0.858534574508667,0.0,,0.19169136881828308,0.0,,,,
GP010607_frame_000968,snow,0.9346945285797119,0.9067637324333191,0.029882271687212653,0.18048712611198425,0.25635847449302673,0.07587134838104248,0.7469141483306885,0.3238477408885956,0.8190237283706665,0.23391439020633698,0.8653542995452881,0.0,,0.315841406583786,0.0,0.0,0.8357452750205994,0.0,0.9176007509231567,0.0,,0.8692228198051453,0.0010130571899935603,,,0.0,0.0
GP010607_frame_000926,snow,0.8603649139404297,0.8415729403495789,0.021841863920700647,0.37657520174980164,0.42602282762527466,0.04944762587547302,1.3013228178024292,0.32346826791763306,0.6628882884979248,0.14299187064170837,0.5041531920433044,0.0,0.15673738718032837,0.4745925962924957,0.8654225468635559,0.031877510249614716,0.7296566963195801,0.0011137316469103098,0.907007098197937,0.5899280309677124,,0.43259143829345703,0.0,,0.0,0.0,0.0
GP010607_frame_000936,snow,0.9053230285644531,0.8582581281661987,0.051986858163782027,0.2576044797897339,0.38671404123306274,0.12910956144332886,1.047833800315857,0.3529447317123413,0.5358559489250183,0.0588262565433979,0.8561813831329346,0.0,0.0,0.6607739925384521,0.14115308225154877,0.33391305804252625,0.7491057515144348,0.05991160497069359,0.9840049147605896,0.0,,0.24385565519332886,0.67058926820755,,,,0.0
GP010607_frame_000950,snow,0.9376012086868286,0.9250531792640686,0.013383119787679393,0.1609891802072525,0.20395056903362274,0.04296138882637024,1.0339347124099731,0.4647887945175171,0.9135990142822266,0.6123982071876526,0.8127580285072327,0.0,0.0,0.5814736485481262,0.48974695801734924,0.0,0.7467799782752991,,0.9772040843963623,0.0,,0.9082944989204407,0.0,,,,
GOPR0605_frame_000299,snow,0.9594599604606628,0.8840907216072083,0.07855381274246154,0.11536875367164612,0.32376793026924133,0.20839917659759521,3.4904017448425293,0.3679739534854889,0.7412964105606079,0.37215185165405273,0.3366026282310486,0.016461804509162903,0.0,0.12086253613233566,0.0,0.34462204575538635,0.9215220808982849,,0.9585638046264648,0.0,,0.6036043167114258,,,,,
GOPR0605_frame_000181,snow,0.919281005859375,0.8566340804100037,0.06814774195114523,0.2124619036912918,0.37605929374694824,0.16359739005565643,3.9437828063964844,0.28590765595436096,0.46753454208374023,0.0031817310955375433,0.632865846157074,0.032950785011053085,0.010194315575063229,0.3487499952316284,0.0,0.2902471721172333,0.8269174098968506,0.2480102777481079,0.8572887778282166,0.000305366818793118,0.0,0.8202970027923584,0.03597966209053993,,0.0,,
GOPR0605_frame_000161,snow,0.9223459362983704,0.8447548747062683,0.08412360015620653,0.20319880545139313,0.4332648515701294,0.23006604611873627,3.060170888900757,0.2869739532470703,0.4864940345287323,0.02889297716319561,0.3991893529891968,0.12913012504577637,0.0,0.5170190334320068,,0.0,0.8087644577026367,0.0005837632343173027,0.8624659180641174,,,0.4347837269306183,0.0,,0.6372860670089722,0.0,0.0
GOPR0606_frame_000220,snow,0.9002850651741028,0.9186151623725891,-0.02036032552793518,0.26621702313423157,0.22876548767089844,-0.03745153546333313,3.701852560043335,0.48423659801483154,0.8339051008224487,0.25779062509536743,0.5118082165718079,0.7249100208282471,0.0,0.10088387876749039,,0.5140491127967834,0.705266535282135,0.0,0.9319378137588501,0.0,,0.9100882411003113,0.8044359683990479,,,,
GOPR0606_frame_000182,snow,0.9312369227409363,0.8357549905776978,0.10253237259630997,0.1884811520576477,0.41613706946372986,0.22765591740608215,1.749642252922058,0.37044021487236023,0.8894007802009583,0.0653129294514656,0.5878767371177673,0.12899988889694214,0.0,0.2964707911014557,0.0,0.4842761754989624,0.6030561327934265,0.0,0.8312676548957825,0.0,,0.9290615916252136,,,,,
GOPR0606_frame_000238,snow,0.9029842019081116,0.8445419669151306,0.06472121463728103,0.2643798887729645,0.40400591492652893,0.13962602615356445,2.83119535446167,0.2525542080402374,0.8506152629852295,0.24633285403251648,0.3368852436542511,0.0006328953895717859,0.0,0.12520243227481842,0.37510356307029724,0.25901541113853455,0.719947099685669,0.0,0.15082603693008423,0.09646952897310257,,0.8798370361328125,0.0,,,0.0,0.0
GOPR0606_frame_000352,snow,0.9285614490509033,0.8972581028938293,0.03371165780353365,0.19959211349487305,0.2897956669330597,0.09020355343818665,1.359466314315796,0.2938339412212372,0.8625927567481995,0.1723204255104065,0.4905139207839966,0.025701183825731277,0.0,0.23554174602031708,0.052173912525177,0.0,0.8877521753311157,0.004925339948385954,0.8611751198768616,,,0.8148122429847717,0.0,0.0,0.0,,
GOPR0606_frame_000377,snow,0.9419777989387512,0.8438260555267334,0.10419751132205259,0.15616337954998016,0.4208337366580963,0.26467035710811615,2.520930528640747,0.26263976097106934,0.3030436933040619,0.0013892396818846464,0.005745794624090195,0.0,,0.2521677613258362,0.5804906487464905,0.49605095386505127,0.47554290294647217,0.0,0.8715071082115173,,,0.6891410946846008,0.0,0.0018776615615934134,0.0,,
GOPR0606_frame_000202,snow,0.9372031092643738,0.8685600161552429,0.07324249322069047,0.16899634897708893,0.3747459948062897,0.20574964582920074,0.855796754360199,0.3109392821788788,0.7091485261917114,0.1916254758834839,0.7805308103561401,0.02694750763475895,0.24381479620933533,0.24862313270568848,0.0,0.0,0.8374171853065491,0.0,0.9492653012275696,0.6767158508300781,,0.0,,,,0.0,0.0
GOPR0606_frame_000213,snow,0.946868896484375,0.8469695448875427,0.1055049446789293,0.1451249122619629,0.4048881232738495,0.2597632110118866,3.1647567749023438,0.35301727056503296,0.9344937801361084,0.5540731549263,0.4344722032546997,0.0037064957432448864,0.0,0.46293699741363525,,0.8423999547958374,0.6891259551048279,0.0,0.7448427081108093,0.0,0.0,0.9162909388542175,0.0,,,0.0,0.06593406945466995
GOPR0606_frame_000258,snow,0.8956425189971924,0.8289577960968018,0.0744546186021942,0.2917863130569458,0.4429275691509247,0.15114125609397888,2.4170522689819336,0.28169670701026917,0.777306854724884,0.2811601758003235,0.4710613489151001,0.010476074181497097,0.0,0.17835597693920135,0.4448523223400116,0.40809813141822815,0.7742924094200134,0.0,0.6229995489120483,0.0,,0.5385442972183228,0.0,,,0.0,0.0
GOPR0606_frame_000357,snow,0.9593207240104675,0.9219839572906494,0.03892000391123696,0.11694703251123428,0.22084246575832367,0.10389543324708939,0.6595996022224426,0.3321180045604706,0.942393958568573,0.6368263959884644,0.798974335193634,0.0,0.0,0.12112166732549667,0.33859822154045105,0.0,0.746807873249054,0.0,0.9678757190704346,,,0.7612897753715515,0.0,0.0,,0.0,0.0
GOPR0606_frame_000397,snow,0.9417709708213806,0.8771082162857056,0.06866080592043555,0.1564091593027115,0.35853472352027893,0.20212556421756744,1.58269202709198,0.30709654092788696,0.6684123873710632,0.0,0.7786988615989685,0.0,0.0,0.20714688301086426,0.562397837638855,0.5,0.6448686122894287,0.0,0.9582332372665405,,,0.7545463442802429,0.0,0.14633716642856598,0.0,0.0,0.0
GOPR0606_frame_000229,snow,0.91581791639328,0.8637850880622864,0.05681569101394634,0.23294216394424438,0.34999513626098633,0.11705297231674194,3.275970935821533,0.41943591833114624,0.8867672085762024,0.228394016623497,0.7223290205001831,0.0,0.6178789734840393,0.3161143660545349,0.0,0.8952412009239197,0.7943910956382751,0.10441567003726959,0.8488966226577759,0.12103746086359024,,0.7560731172561646,,,0.0,,0.0
GOPR0606_frame_000110,snow,0.9004327058792114,0.8059459328651428,0.10493485115299113,0.2941839396953583,0.46918514370918274,0.17500120401382446,1.9532639980316162,0.3206319212913513,0.9629400968551636,0.35905721783638,0.3413533866405487,0.0,0.0,0.24795641005039215,0.0,0.16519463062286377,0.6330616474151611,0.2094295769929886,0.7078047394752502,0.1530696302652359,0.0,0.7089793086051941,,,,,
GOPR0606_frame_000196,snow,0.9047642946243286,0.8363144397735596,0.07565490205671899,0.2544593811035156,0.4359145760536194,0.18145519495010376,1.395538091659546,0.32223400473594666,0.953833281993866,0.2562388777732849,0.6359201073646545,0.0,0.024214182049036026,0.04029029980301857,0.0,0.4815567433834076,0.46127739548683167,0.4343014657497406,0.7579905390739441,0.0,,0.40876540541648865,0.0,,,,0.3791212737560272
GOPR0606_frame_000162,snow,0.9262426495552063,0.815445601940155,0.11961989277006248,0.2058294117450714,0.47457802295684814,0.26874861121177673,1.0786339044570923,0.2874385118484497,0.6833385825157166,0.0,0.6297693848609924,0.0004645817680284381,0.3561895489692688,0.08602440357208252,0.0,0.4684222340583801,0.6500899195671082,0.0,0.9154463410377502,0.0,0.0,0.5218325853347778,,,,,0.0
GOPR0607_frame_000474,snow,0.9492126107215881,0.9044530987739563,0.047154358223351275,0.13752929866313934,0.26250290870666504,0.1249736100435257,0.9400504231452942,0.2424125075340271,0.5183852314949036,0.18036510050296783,0.8521945476531982,0.0,0.0,0.0,0.0,0.0,0.6014140248298645,0.0,0.9633839130401611,,,0.520444929599762,,,0.0,0.0,0.0
GOPR0607_frame_000360,snow,0.9319990873336792,0.9335483908653259,-0.0016623444551384996,0.19789673388004303,0.1964171677827835,-0.0014795660972595215,0.9902557730674744,0.28815388679504395,0.679574728012085,0.0,0.8053882122039795,0.0024781585671007633,0.0,0.0,0.0,0.042335767298936844,0.8634134531021118,,0.9718037843704224,,,0.38100647926330566,0.0,,0.0,,
GOPR0607_frame_000410,snow,0.9221523404121399,0.8682798743247986,0.05842035327813668,0.2160724401473999,0.3514956533908844,0.1354232132434845,1.096556305885315,0.3377232253551483,0.7810919880867004,0.16694754362106323,0.7356834411621094,0.0006297105574049056,0.0,0.4672374427318573,0.0,0.5707537531852722,0.6864745616912842,0.33782732486724854,0.8727487921714783,,,0.4453502297401428,0.0011037808144465089,,0.0,,0.0
GP030176_frame_000736,snow,0.9045218229293823,0.9123436808586121,-0.008647505946758505,0.25278806686401367,0.2575036585330963,0.004715591669082642,2.4761791229248047,0.3209846019744873,0.8247317671775818,0.7335554361343384,0.6686449646949768,0.007515359204262495,0.0,0.0,0.0,0.20472441613674164,0.8108145594596863,0.0,0.9739120602607727,0.6029980182647705,,0.6258924603462219,0.0,0.0,0.0039495849050581455,,0.0
GP030176_frame_000569,snow,0.9500592350959778,0.8975458145141602,0.05527383776630958,0.13906095921993256,0.28754547238349915,0.1484845131635666,4.215760231018066,0.4609660506248474,0.4923674166202545,0.024863997474312782,0.7629423141479492,0.2546520531177521,0.8534002900123596,0.6513786911964417,,0.29611650109291077,0.8797052502632141,0.0,0.9567153453826904,0.0,,0.8204167485237122,,,0.0,,
GP030176_frame_000549,snow,0.956569254398346,0.9166015982627869,0.041782291803717495,0.12340489029884338,0.24459654092788696,0.12119165062904358,3.7276604175567627,0.4072068929672241,0.8417940139770508,0.0,0.2522945702075958,0.0,0.7598220705986023,0.5458498597145081,0.0,0.17714792490005493,0.9153271913528442,0.0,0.8940551280975342,0.0,,0.9073986411094666,,,,,
GP030176_frame_000609,snow,0.931766927242279,0.9038425087928772,0.029969316717814505,0.1997196227312088,0.26928573846817017,0.06956611573696136,4.754767894744873,0.44812455773353577,0.5556163191795349,0.009605607017874718,0.8018288016319275,0.4119529128074646,0.7909910678863525,0.4112734794616699,0.0,0.014061574824154377,0.7826350927352905,0.0,0.9568603038787842,0.29913434386253357,,0.7916598916053772,,,,,
GP030176_frame_000529,snow,0.9635509848594666,0.8843993544578552,0.08214576169178835,0.10240409523248672,0.3443523645401001,0.24194826930761337,3.87095308303833,0.2971494495868683,0.84276282787323,0.0,0.0,0.0,0.008592911064624786,0.4496263265609741,0.0,0.4363921880722046,0.8031520843505859,,0.8997437357902527,0.0,,0.7198224067687988,0.0,0.0,,,
GP030176_frame_000629,snow,0.9451608657836914,0.8894066214561462,0.058989158095774825,0.15371567010879517,0.30901145935058594,0.15529578924179077,4.390517711639404,0.44264769554138184,0.6579986810684204,0.3985298275947571,0.2004513144493103,0.11437912285327911,0.5826588273048401,0.7834680676460266,0.0,0.08112206310033798,0.8886593580245972,0.0,0.9344297647476196,,,0.6657279133796692,0.0,,0.889643132686615,,
GP030176_frame_000589,snow,0.9240582585334778,0.9132518768310547,0.011694480824865417,0.1963217854499817,0.2363564670085907,0.04003468155860901,5.32643461227417,0.5972900390625,0.7665599584579468,0.005211165640503168,0.7660490274429321,0.26256081461906433,0.7735458612442017,0.7202033400535583,,0.43066394329071045,0.9316076636314392,0.0,0.9505947232246399,,,0.6393706202507019,,,0.9211134910583496,,
GP030176_frame_000721,snow,0.9405942559242249,0.88783198595047,0.0560946115506146,0.15641430020332336,0.292256623506546,0.13584232330322266,2.8468148708343506,0.2605433166027069,0.6199623346328735,0.04305322840809822,0.651274561882019,0.17054574191570282,,0.0,0.0,0.0,0.6577450633049011,0.0,0.9368579387664795,0.0038395142182707787,,0.12216690182685852,0.0,0.0,0.702704668045044,,
GP030176_frame_000649,snow,0.9571760296821594,0.915995717048645,0.04302271570356981,0.1208767369389534,0.2300775796175003,0.1092008426785469,3.7600793838500977,0.37753525376319885,0.7184461951255798,0.12331761419773102,0.34036898612976074,0.0,0.0,0.2149168998003006,,0.4792059659957886,0.8872841596603394,0.0,0.9436594247817993,0.0235048308968544,,0.7997192144393921,,,,,
GP030176_frame_000706,snow,0.9275737404823303,0.9346524477005005,-0.007631422530541964,0.19690589606761932,0.17582114040851593,-0.021084755659103394,3.3347370624542236,0.4413480758666992,0.8526817560195923,0.3130369484424591,0.7348591685295105,0.23063774406909943,0.0,0.003186235437169671,0.0,0.2018880844116211,0.7181766629219055,,0.9637945294380188,0.6084924936294556,,0.6124299168586731,,,0.939689040184021,,0.0
