image_path,occlusion_score_var_a,occlusion_score_var_b
Snowflakes/test/cadc__2018_03_06_0008__ca05e22c6f7024b1.jpg,0.11462779343128204,0.19249513745307922
Snowflakes/test/cadc__2018_03_06_0008__2b0d0421fac2dc90.jpg,0.115689218044281,0.2380334436893463
Snowflakes/test/cadc__2018_03_06_0008__45a772363e7dc038.jpg,0.10113799571990967,0.23358121514320374
Snowflakes/test/cadc__2018_03_06_0008__ebf56c7160c78897.jpg,0.07595666497945786,0.15305358171463013
Snowflakes/test/cadc__2018_03_06_0008__ccdd46136d88ac64.jpg,0.08980780839920044,0.17388904094696045
Snowflakes/test/cadc__2018_03_06_0008__bd34344dfeb77e73.jpg,0.11693514138460159,0.2540911138057709
Snowflakes/test/cadc__2018_03_06_0008__478ce5b313a75e4b.jpg,0.11082050204277039,0.18866664171218872
Snowflakes/test/cadc__2018_03_06_0008__4d231936c6c7d061.jpg,0.11722846329212189,0.21948058903217316
Snowflakes/test/cadc__2018_03_06_0008__1aad8284e5f1059c.jpg,0.10670417547225952,0.34069061279296875
Snowflakes/test/cadc__2018_03_06_0008__7c57129fbe393da9.jpg,0.0943164974451065,0.24229371547698975
Snowflakes/test/cadc__2018_03_06_0008__a8f70ce76b56b0c8.jpg,0.08869493752717972,0.18831467628479004
Snowflakes/test/cadc__2018_03_06_0008__00138915058d4e4a.jpg,0.06434725224971771,0.16433392465114594
Snowflakes/test/cadc__2018_03_06_0008__c3969e98058e5214.jpg,0.09183774888515472,0.16815215349197388
Snowflakes/test/cadc__2018_03_06_0008__23c552a3bb539b54.jpg,0.1063472181558609,0.2311609983444214
Snowflakes/test/cadc__2018_03_06_0008__6a5dff996ff90f2e.jpg,0.057686783373355865,0.18626493215560913
Snowflakes/test/cadc__2018_03_06_0008__0f8d81afd158ad22.jpg,0.08317290246486664,0.1864544004201889
Snowflakes/test/cadc__2018_03_06_0008__93afa82727ce4f23.jpg,0.1124899834394455,0.2081589698791504
Snowflakes/test/cadc__2018_03_06_0008__134cd289d1cc0186.jpg,0.11663902550935745,0.2710486948490143
Snowflakes/test/cadc__2018_03_06_0008__09c4a6e96cd9a2ec.jpg,0.12433110177516937,0.2737972140312195
Snowflakes/test/cadc__2018_03_06_0008__0394f9b0b14891fc.jpg,0.13394203782081604,0.3337936997413635
Snowflakes/test/cadc__2018_03_06_0008__e0446e45296dd20d.jpg,0.08735455572605133,0.18131348490715027
Snowflakes/test/cadc__2018_03_06_0008__29402bebbd190530.jpg,0.09620141983032227,0.19042573869228363
Snowflakes/test/cadc__2018_03_06_0008__36fdcb81268cedc9.jpg,0.15240080654621124,0.3146410584449768
Snowflakes/test/cadc__2018_03_06_0008__15a7e55da0ea4fce.jpg,0.09743791818618774,0.33143937587738037
Snowflakes/test/cadc__2018_03_06_0008__4069b232daf7ece9.jpg,0.13592995703220367,0.29356688261032104
Snowflakes/test/cadc__2018_03_06_0008__e5857999c30978c4.jpg,0.1387709081172943,0.3500891625881195
Snowflakes/test/cadc__2018_03_06_0008__7e3d08fd9092b34e.jpg,0.12852463126182556,0.3423824608325958
Snowflakes/test/cadc__2018_03_06_0008__797ff3c37e3f65c2.jpg,0.09376213699579239,0.18532013893127441
Snowflakes/test/cadc__2018_03_06_0008__837cc9884b8348ca.jpg,0.06833330541849136,0.20653846859931946
Snowflakes/test/cadc__2018_03_06_0008__63199d0a21f9d4a0.jpg,0.12695178389549255,0.23967571556568146
Snowflakes/test/cadc__2018_03_06_0008__46e2896ff7193195.jpg,0.1114082783460617,0.2634390592575073
Snowflakes/test/cadc__2018_03_06_0008__3cd818e0f96529b5.jpg,0.12396059930324554,0.24385391175746918
Snowflakes/test/cadc__2018_03_06_0008__c4f07152c24d31dd.jpg,0.0998230129480362,0.16550809144973755
Snowflakes/test/cadc__2018_03_06_0008__e89a832af2c099f9.jpg,0.13375967741012573,0.30066800117492676
Snowflakes/test/cadc__2018_03_06_0008__3ed79cf859e2910b.jpg,0.13658088445663452,0.35287749767303467
Snowflakes/test/cadc__2018_03_06_0008__80a783f75b559ad4.jpg,0.10654182732105255,0.25534069538116455
Snowflakes/test/cadc__2018_03_06_0008__6c99419c780e0e53.jpg,0.08131717145442963,0.17967861890792847
Snowflakes/test/cadc__2018_03_06_0008__83fd35112003db36.jpg,0.09830207377672195,0.2807164490222931
Snowflakes/test/cadc__2018_03_06_0008__3ecc639771a68ee5.jpg,0.058300912380218506,0.1469300240278244
Snowflakes/test/cadc__2018_03_06_0008__8cabe79f75330f76.jpg,0.10982018709182739,0.22290454804897308
Snowflakes/test/cadc__2018_03_06_0008__5d8ff2b3d6cee4fb.jpg,0.1063990369439125,0.2415010929107666
Snowflakes/test/cadc__2018_03_06_0008__dcf59cf32e49ed04.jpg,0.11424863338470459,0.22684025764465332
Snowflakes/test/cadc__2018_03_06_0008__a2f5bd0b2d7629df.jpg,0.09033647924661636,0.19591820240020752
Snowflakes/test/cadc__2018_03_06_0008__f1d261eacbd69b1b.jpg,0.11209499835968018,0.2122938632965088
Snowflakes/test/cadc__2018_03_06_0008__d4f5e44363ef2a7f.jpg,0.09544447064399719,0.18463701009750366
Snowflakes/test/cadc__2018_03_06_0008__e3e68fca201d22c3.jpg,0.08440525829792023,0.14579585194587708
Snowflakes/test/cadc__2018_03_06_0008__1f93010422094f44.jpg,0.07340454310178757,0.15490591526031494
Snowflakes/test/cadc__2018_03_06_0008__87fb5799c056027c.jpg,0.09435142576694489,0.19933712482452393
Snowflakes/test/cadc__2018_03_06_0008__772461c9af1370b7.jpg,0.06476219743490219,0.14597243070602417
Snowflakes/test/cadc__2018_03_06_0008__720714009e7487dc.jpg,0.11908400058746338,0.4113699197769165
Snowflakes/test/cadc__2018_03_06_0008__3053e81f2636b0d6.jpg,0.03794680908322334,0.18299785256385803
Snowflakes/test/cadc__2018_03_06_0008__70053cedd4e5d7c6.jpg,0.12843264639377594,0.22219185531139374
Snowflakes/test/cadc__2018_03_06_0008__411cab9ab7f143fd.jpg,0.15952520072460175,0.30421751737594604
Snowflakes/test/cadc__2018_03_06_0008__65d22b83d05500e3.jpg,0.11501628160476685,0.304252028465271
Snowflakes/test/cadc__2018_03_06_0008__d4e91558a0072fc1.jpg,0.03156973794102669,0.32597416639328003
Snowflakes/test/cadc__2018_03_06_0008__aa46127c8cb95008.jpg,0.09191601723432541,0.16772350668907166
Snowflakes/test/cadc__2018_03_06_0008__086ee6731a0a7ab0.jpg,0.1074637919664383,0.2440134733915329
Snowflakes/test/cadc__2018_03_06_0008__16dd5db2b1a110ed.jpg,0.1087268516421318,0.22654208540916443
Snowflakes/test/cadc__2018_03_06_0008__24e8ed9de5a3e333.jpg,0.10592686384916306,0.17737485468387604
Snowflakes/test/cadc__2018_03_06_0008__369058ece44b32f5.jpg,0.14077657461166382,0.2511059641838074
Snowflakes/test/cadc__2018_03_06_0008__33330c4189a9b4cb.jpg,0.13530316948890686,0.2598899006843567
Snowflakes/test/cadc__2018_03_06_0008__d6e3d30538d9a491.jpg,0.07861079275608063,0.16825789213180542
Snowflakes/test/cadc__2018_03_06_0008__1384914bd7d2093e.jpg,0.08684375882148743,0.24750679731369019
Snowflakes/test/cadc__2018_03_06_0008__48fc7aac47a57665.jpg,0.12252016365528107,0.24872758984565735
Snowflakes/test/cadc__2018_03_06_0008__14a35b28cc6ef3a1.jpg,0.06993354856967926,0.24604679644107819
Snowflakes/test/cadc__2018_03_06_0008__ba98a0cf21bf7610.jpg,0.09614022076129913,0.21769897639751434
Snowflakes/test/cadc__2018_03_06_0008__4bceef4ac34bf3d9.jpg,0.10681658983230591,0.2157057821750641
Snowflakes/test/cadc__2018_03_06_0008__640515ee4998b375.jpg,0.10419625043869019,0.2994837760925293
Snowflakes/test/cadc__2018_03_06_0008__be49a79814544b53.jpg,0.10416653752326965,0.247938871383667
Snowflakes/test/cadc__2018_03_06_0008__b3b530c7ad0ca97a.jpg,0.13165771961212158,0.4390300512313843
Snowflakes/test/cadc__2018_03_06_0008__543e65a17d043a49.jpg,0.11005150526762009,0.2729001045227051
Snowflakes/test/cadc__2018_03_06_0008__ac7ae43e5b5a22c8.jpg,0.08939163386821747,0.21971739828586578
Snowflakes/test/cadc__2018_03_06_0008__94406ff2227d5612.jpg,0.09562575072050095,0.2737503945827484
Snowflakes/test/cadc__2018_03_06_0008__6376eb81c7ff46a3.jpg,0.13729199767112732,0.2656717896461487
Snowflakes/test/cadc__2018_03_06_0008__dc298050f14fa7c3.jpg,0.13464802503585815,0.2758917510509491
Snowflakes/test/cadc__2018_03_06_0008__06be69f6d9c8a129.jpg,0.08265849947929382,0.1883535236120224
Snowflakes/test/cadc__2018_03_06_0008__707fff0534edeb71.jpg,0.17796631157398224,0.34070098400115967
Snowflakes/test/cadc__2018_03_06_0008__1fb2c6b99ecd3418.jpg,0.12144891917705536,0.24130845069885254
Snowflakes/test/cadc__2018_03_06_0008__f414527b382f7d97.jpg,0.1526317596435547,0.31579500436782837
Snowflakes/test/cadc__2018_03_06_0008__dac9bc23ab5432e9.jpg,0.13676220178604126,0.27581045031547546
Snowflakes/test/cadc__2018_03_06_0008__50c2f6173f2e247c.jpg,0.10473808646202087,0.22818756103515625
Snowflakes/test/cadc__2018_03_06_0008__e65aae3057024168.jpg,0.10932234674692154,0.2805783748626709
Snowflakes/test/cadc__2018_03_06_0008__11a572ae19cdfecd.jpg,0.1184307262301445,0.23483841121196747
Snowflakes/test/cadc__2018_03_06_0008__86c5274f1c366157.jpg,0.14887426793575287,0.2402496337890625
Snowflakes/test/cadc__2018_03_06_0008__7af92f2c62f3705f.jpg,0.12745927274227142,0.2821694612503052
Snowflakes/test/cadc__2018_03_06_0008__8184f0a549bf7ce3.jpg,0.15584878623485565,0.30688321590423584
Snowflakes/test/cadc__2018_03_06_0008__76ebbc0ffbd9c095.jpg,0.13746672868728638,0.2331879734992981
Snowflakes/test/cadc__2018_03_06_0008__7bc3dfe2a842f067.jpg,0.1333428919315338,0.2678067684173584
Snowflakes/test/cadc__2018_03_06_0008__12cfbc9c24a961f4.jpg,0.07422801852226257,0.3831787109375
Snowflakes/test/cadc__2018_03_06_0008__b9ee7e0f309f138f.jpg,0.12504363059997559,0.23465701937675476
Snowflakes/train/cadc__2018_03_06_0009__5084679b7c0fe7af.jpg,0.1401830017566681,0.23036165535449982
Snowflakes/train/cadc__2018_03_07_0002__7572187e0842581f.jpg,0.14523452520370483,0.7150306701660156
Snowflakes/train/cadc__2018_03_06_0006__237fb42fd2c3d8a7.jpg,0.14730653166770935,0.5155503749847412
Snowflakes/train/cadc__2018_03_06_0006__ab5b83ac98f34c19.jpg,0.13468411564826965,0.4914330840110779
Snowflakes/train/cadc__2018_03_06_0006__ccdac77266043bb8.jpg,0.08912911266088486,0.3360636830329895
Snowflakes/train/cadc__2018_03_07_0002__f1d869f42c127119.jpg,-0.04654155671596527,0.3247723877429962
Snowflakes/train/cadc__2018_03_06_0006__064c65c739ad4ea3.jpg,0.09469318389892578,0.5488325357437134
Snowflakes/train/cadc__2018_03_07_0007__9bcadbde76a53827.jpg,0.21901464462280273,0.36247581243515015
Snowflakes/train/cadc__2018_03_07_0007__7032c85de9a49aa6.jpg,0.16622120141983032,0.2910956144332886
Snowflakes/train/cadc__2018_03_06_0009__700ac0996766c7a4.jpg,0.09716274589300156,0.3250962197780609
Snowflakes/train/cadc__2018_03_06_0006__e268d7bb0c7c17d9.jpg,0.12453989684581757,0.5823909044265747
Snowflakes/train/cadc__2018_03_07_0007__07f7fa295a5c7ff9.jpg,0.09486270695924759,0.2116031050682068
Snowflakes/train/cadc__2018_03_07_0002__c9dea1dc6ac7512c.jpg,0.08787964284420013,0.6463406085968018
Snowflakes/train/cadc__2018_03_07_0002__101d1123cea0f93c.jpg,-0.02830446884036064,0.43661773204803467
Snowflakes/train/cadc__2018_03_06_0006__5fd69658413cd3fb.jpg,0.13112232089042664,0.42292624711990356
Snowflakes/train/cadc__2018_03_06_0006__d6c8018917473ce3.jpg,0.10448898375034332,0.5248264670372009
Snowflakes/train/cadc__2018_03_07_0002__fff4f82b39bedd33.jpg,0.03369521722197533,0.6860336065292358
Snowflakes/train/cadc__2018_03_06_0009__aa7470fba9d5f484.jpg,0.1645350158214569,0.2792963981628418
Snowflakes/train/cadc__2018_03_07_0002__fe39124aec5dc09f.jpg,-0.03244832903146744,0.3811022639274597
Snowflakes/train/cadc__2018_03_07_0002__cda2dc0e5687e605.jpg,0.01750963367521763,0.5907696485519409
Snowflakes/train/cadc__2018_03_06_0009__4b1a5de23b03ed58.jpg,0.14488688111305237,0.2195023000240326
Snowflakes/train/cadc__2018_03_06_0006__97e3ce3e36962c12.jpg,0.16965436935424805,0.48321759700775146
Snowflakes/train/cadc__2018_03_06_0006__76186b077405a198.jpg,0.07847227156162262,0.5661608576774597
Snowflakes/train/cadc__2018_03_06_0006__57f13885e1e53e96.jpg,0.1358010172843933,0.5727407932281494
Snowflakes/train/cadc__2018_03_06_0006__6ee0c730163bc67b.jpg,0.12412504851818085,0.32786667346954346
Snowflakes/train/cadc__2018_03_07_0007__2c77c5b4393afc1f.jpg,0.15394002199172974,0.36315250396728516
Snowflakes/train/cadc__2018_03_06_0006__24a98c809c2254ba.jpg,0.06223677843809128,0.46792668104171753
Snowflakes/train/cadc__2018_03_07_0007__144c08de65340d84.jpg,0.1177593469619751,0.24422335624694824
Snowflakes/train/cadc__2018_03_07_0007__ab4ce67041a9ff57.jpg,0.0831126719713211,0.2464115470647812
Snowflakes/train/cadc__2018_03_07_0007__3905b64e8172e394.jpg,0.17834527790546417,0.46428123116493225
Snowflakes/train/cadc__2018_03_06_0006__cdffd3b4f70517f1.jpg,-0.018909486010670662,0.5120670795440674
Snowflakes/train/cadc__2018_03_07_0007__4cb9501b68f97c0d.jpg,0.0999264195561409,0.28640592098236084
Snowflakes/train/cadc__2018_03_07_0007__1afa31bc0c44745a.jpg,0.07437724620103836,0.15929530560970306
Snowflakes/train/cadc__2018_03_06_0009__327b2548535e0d99.jpg,0.12186966836452484,0.23719465732574463
Snowflakes/train/cadc__2018_03_07_0007__bae55ceb7865e115.jpg,0.20908723771572113,0.3747439682483673
Snowflakes/train/cadc__2018_03_07_0007__1bdc0263e312de92.jpg,0.07256726920604706,0.18564599752426147
Snowflakes/train/cadc__2018_03_07_0007__b887b78dc07d261b.jpg,0.1443978250026703,0.27436357736587524
Snowflakes/train/cadc__2018_03_06_0006__b833788a48c48c80.jpg,0.1804993450641632,0.5109491348266602
Snowflakes/train/cadc__2018_03_06_0009__1e460547698e869f.jpg,0.07384952902793884,0.31287896633148193
Snowflakes/train/cadc__2018_03_07_0007__665e87e53db70983.jpg,0.06788268685340881,0.21798096597194672
Snowflakes/train/cadc__2018_03_07_0002__9ce849013c74e90b.jpg,-0.03124719113111496,0.1797635853290558
Snowflakes/train/cadc__2018_03_06_0009__43985cffb13c3d8a.jpg,0.07100653648376465,0.10222721844911575
Snowflakes/train/cadc__2018_03_06_0006__49ee807e9b3159ec.jpg,0.10715613514184952,0.5470466017723083
Snowflakes/train/cadc__2018_03_07_0002__1733e01a9591c738.jpg,0.0005372143350541592,0.35997796058654785
Snowflakes/train/cadc__2018_03_07_0007__048200adc8969515.jpg,0.06691883504390717,0.21642228960990906
Snowflakes/train/cadc__2018_03_07_0002__a03ca9e7a8537fbc.jpg,0.061734654009342194,0.5496658086776733
Snowflakes/train/cadc__2018_03_07_0002__dcf8c64ad7bb2eaf.jpg,-0.052094440907239914,0.23564663529396057
Snowflakes/train/cadc__2018_03_07_0002__8ddcee9d7323ce36.jpg,0.09136386215686798,0.305674284696579
Snowflakes/train/cadc__2018_03_06_0006__360081e6ab8234ae.jpg,0.0727778822183609,0.5860295295715332
Snowflakes/train/cadc__2018_03_07_0002__8c622d5e86d83232.jpg,-0.027078524231910706,0.41291543841362
Snowflakes/train/cadc__2018_03_06_0009__11c983581ab29287.jpg,0.11949892342090607,0.16200418770313263
Snowflakes/train/cadc__2018_03_06_0009__4a616d6fbbebf83b.jpg,0.06871654093265533,0.13521522283554077
Snowflakes/train/cadc__2018_03_06_0006__0f0c7b983447957f.jpg,0.1906314492225647,0.6490525007247925
Snowflakes/train/cadc__2018_03_06_0009__6c31487313eca4bb.jpg,0.09256355464458466,0.15260645747184753
Snowflakes/train/cadc__2018_03_07_0007__77ab44b04d92ad63.jpg,0.10839453339576721,0.24827131628990173
Snowflakes/train/cadc__2018_03_06_0009__cfb48801a408361a.jpg,0.08326711505651474,0.11117775738239288
Snowflakes/train/cadc__2018_03_07_0002__f4986096a9c37abd.jpg,0.01177228707820177,0.4137352705001831
Snowflakes/train/cadc__2018_03_06_0009__9eb8a34c0934588e.jpg,0.16670653223991394,0.4343263804912567
Snowflakes/train/cadc__2018_03_06_0009__4cb8eb01dae17dd0.jpg,0.17227962613105774,0.41439369320869446
Snowflakes/train/cadc__2018_03_06_0009__fe9400c3857c30fb.jpg,0.11471518874168396,0.16987645626068115
Snowflakes/train/cadc__2018_03_07_0007__b8433e2ee1b48d19.jpg,0.08250167965888977,0.13642799854278564
Snowflakes/train/cadc__2018_03_06_0006__d1f9b0b151bf94b9.jpg,0.172747403383255,0.40528491139411926
Snowflakes/train/cadc__2018_03_07_0007__8adab591e8ad9055.jpg,0.07943908870220184,0.21546582877635956
Snowflakes/train/cadc__2018_03_07_0007__4c48ea7e6b5cfd3e.jpg,0.082940474152565,0.19787588715553284
Snowflakes/train/cadc__2018_03_06_0006__0e14223bb713469a.jpg,0.1206982433795929,0.4442186951637268
Snowflakes/train/cadc__2018_03_07_0002__d4639d29a6686200.jpg,-0.004577265121042728,0.2970290184020996
Snowflakes/train/cadc__2018_03_07_0002__cf353536a0ff4008.jpg,-0.005769055336713791,0.43266740441322327
Snowflakes/train/cadc__2018_03_06_0006__bb1fc2c43637fb1e.jpg,0.14534088969230652,0.5992101430892944
Snowflakes/train/cadc__2018_03_06_0009__9113390678ece6e3.jpg,0.17089180648326874,0.23421305418014526
Snowflakes/train/cadc__2018_03_06_0006__f02fc0dbaecee9ed.jpg,0.15916287899017334,0.4835406541824341
Snowflakes/train/cadc__2018_03_06_0009__a64cd8f152b7a3b5.jpg,0.10307560861110687,0.22390545904636383
Snowflakes/train/cadc__2018_03_07_0002__1e458676b807afd6.jpg,0.16589519381523132,0.745469868183136
Snowflakes/train/cadc__2018_03_06_0009__304bb38fab83b90f.jpg,0.1494065821170807,0.3499930500984192
Snowflakes/train/cadc__2018_03_06_0009__4e5b7cc2d5f181bc.jpg,0.13703666627407074,0.25740352272987366
Snowflakes/train/cadc__2018_03_07_0002__e01dda0dbf78bf1f.jpg,0.11515646427869797,0.5744789838790894
Snowflakes/train/cadc__2018_03_07_0002__983532e543bc52f6.jpg,-0.052789583802223206,0.34162551164627075
Snowflakes/train/cadc__2018_03_06_0009__00ba5a0c8112efae.jpg,0.15395298600196838,0.42585891485214233
Snowflakes/train/cadc__2018_03_06_0006__27d4126715f52494.jpg,0.17791591584682465,0.4346141517162323
Snowflakes/train/cadc__2018_03_07_0007__a516a3611deb22cb.jpg,0.16313661634922028,0.37645578384399414
Snowflakes/train/cadc__2018_03_06_0006__d1de5800f72411cf.jpg,0.1286400556564331,0.577247142791748
Snowflakes/train/cadc__2018_03_06_0009__3ef992007c891c85.jpg,0.11795887351036072,0.2600857615470886
Snowflakes/train/cadc__2018_03_06_0009__24c5027666bd7dab.jpg,0.07740016281604767,0.11740522086620331
Snowflakes/train/cadc__2018_03_06_0006__383b16728e3168f5.jpg,0.13194474577903748,0.5382012724876404
Snowflakes/train/cadc__2018_03_06_0006__e38af36045bb470e.jpg,0.16650418937206268,0.5792936086654663
Snowflakes/train/cadc__2018_03_07_0007__34d56d03c58a9299.jpg,0.1018667221069336,0.25417840480804443
Snowflakes/train/cadc__2018_03_06_0009__3010a3b660e27c4e.jpg,0.0901884138584137,0.2845068573951721
Snowflakes/train/cadc__2018_03_07_0002__4a23b6fd5ac8c852.jpg,0.06969329714775085,0.6281527876853943
Snowflakes/train/cadc__2018_03_06_0006__9eb0da56d76133e2.jpg,0.04762180149555206,0.6135729551315308
Snowflakes/train/cadc__2018_03_07_0002__8d2cc3bec7c4a2f3.jpg,0.01409638486802578,0.3766682744026184
Snowflakes/train/cadc__2018_03_07_0002__b68925b301e02928.jpg,0.05956827104091644,0.5022256970405579
Snowflakes/train/cadc__2018_03_06_0006__536b5ab0f4ef6d73.jpg,0.12026991695165634,0.47208619117736816
Snowflakes/train/cadc__2018_03_06_0006__336e8b0207b199b4.jpg,0.09944789111614227,0.3035505414009094
Snowflakes/train/cadc__2018_03_06_0009__37bdbfc349df8735.jpg,0.1582884043455124,0.3036521077156067
Snowflakes/train/cadc__2018_03_07_0002__32206bb22deb9670.jpg,0.1263817548751831,0.6955084204673767
Snowflakes/train/cadc__2018_03_06_0006__d8856f949168e992.jpg,0.11220356822013855,0.29095280170440674
Snowflakes/train/cadc__2018_03_07_0002__856b83bcc32adbc0.jpg,-0.012909164652228355,0.44053915143013
Snowflakes/train/cadc__2018_03_07_0007__827e0a83487e201f.jpg,0.16349998116493225,0.2507220208644867
Snowflakes/train/cadc__2018_03_06_0006__fce302a314911994.jpg,0.1789136528968811,0.3413584232330322
Snowflakes/train/cadc__2018_03_06_0006__4c30505133378409.jpg,0.14026102423667908,0.32616350054740906
Snowflakes/train/cadc__2018_03_06_0009__e47a88cc4346c728.jpg,0.09655337035655975,0.1904193013906479
Snowflakes/train/cadc__2018_03_06_0009__19cd6a02b8509816.jpg,0.14683189988136292,0.2302444875240326
Snowflakes/train/cadc__2018_03_06_0006__9056fbe5e7f618ad.jpg,0.040068626403808594,0.6206772327423096
Snowflakes/train/cadc__2018_03_06_0009__c9a2a0b61f160a70.jpg,0.18565037846565247,0.35497260093688965
Snowflakes/train/cadc__2018_03_06_0009__a800f1be9c8c7a7f.jpg,0.08752541989088058,0.1775200068950653
Snowflakes/train/cadc__2018_03_06_0006__3326abe0ee5f7639.jpg,0.11645755171775818,0.481505811214447
Snowflakes/train/cadc__2018_03_07_0002__4c9d7402a6fb994c.jpg,0.1180993914604187,0.6479234099388123
Snowflakes/train/cadc__2018_03_06_0006__612ecb73e3e2ebcb.jpg,0.13979166746139526,0.4187822639942169
Snowflakes/train/cadc__2018_03_06_0009__1f1ddc9e34ca1224.jpg,0.12166520953178406,0.22075317800045013
Snowflakes/train/cadc__2018_03_07_0002__84b281d4988eb897.jpg,0.02337224781513214,0.39834702014923096
Snowflakes/train/cadc__2018_03_07_0007__8c1e070bba78f53e.jpg,0.13269293308258057,0.578682541847229
Snowflakes/train/cadc__2018_03_07_0007__ae1f63af8533a867.jpg,0.0881950706243515,0.23306617140769958
Snowflakes/train/cadc__2018_03_06_0009__ebbf029e097ae4d1.jpg,0.11364508420228958,0.35340064764022827
Snowflakes/train/cadc__2018_03_07_0002__7e6d55e62dfe6a87.jpg,0.007096083834767342,0.16823545098304749
Snowflakes/train/cadc__2018_03_06_0009__48bc10f069764b07.jpg,0.11312177032232285,0.22035178542137146
Snowflakes/train/cadc__2018_03_06_0006__a2756363d956f308.jpg,0.12338493019342422,0.6649690270423889
Snowflakes/train/cadc__2018_03_06_0009__8aa26901f512712d.jpg,0.1115151047706604,0.2794601321220398
Snowflakes/train/cadc__2018_03_07_0007__a81242dec81dc00b.jpg,0.09494946897029877,0.22075095772743225
Snowflakes/train/cadc__2018_03_06_0009__40fc22bf0481c7b2.jpg,0.11919614672660828,0.1680399477481842
Snowflakes/train/cadc__2018_03_06_0009__f2624a6b649adf89.jpg,0.16769897937774658,0.3139810264110565
Snowflakes/train/cadc__2018_03_07_0007__9b6cc07bd5d75c35.jpg,0.15923510491847992,0.24408993124961853
Snowflakes/train/cadc__2018_03_06_0009__12153c718724a3f9.jpg,0.23566491901874542,0.32426634430885315
Snowflakes/train/cadc__2018_03_06_0009__283ec9e217175496.jpg,0.11996252834796906,0.19969353079795837
Snowflakes/train/cadc__2018_03_06_0009__16b82f8e3f5e8d78.jpg,0.13558191061019897,0.33697983622550964
Snowflakes/train/cadc__2018_03_06_0009__2feddb60cafa8ba2.jpg,0.12575024366378784,0.2112053632736206
Snowflakes/train/cadc__2018_03_06_0006__95828f24406c6792.jpg,0.12470347434282303,0.3798120617866516
Snowflakes/train/cadc__2018_03_06_0009__363fbf3bec65b00c.jpg,0.15513157844543457,0.23642373085021973
Snowflakes/train/cadc__2018_03_06_0006__fd89c585cee0a33a.jpg,0.19202560186386108,0.4287365674972534
Snowflakes/train/cadc__2018_03_07_0007__dd8bbdaa57e4d5af.jpg,0.1704941987991333,0.3177102208137512
Snowflakes/train/cadc__2018_03_06_0006__bdaf67f5223b03e5.jpg,0.04716961458325386,0.4266533851623535
Snowflakes/train/cadc__2018_03_07_0002__75794f8e442ca53b.jpg,0.08766452968120575,0.5270314812660217
Snowflakes/train/cadc__2018_03_06_0006__8bff657dcddeaa6e.jpg,0.18080973625183105,0.5588984489440918
Snowflakes/train/cadc__2018_03_06_0009__7b5b716c2e38901a.jpg,0.1564636528491974,0.2693977355957031
Snowflakes/train/cadc__2018_03_06_0006__b1e7c940b0ee114e.jpg,0.12091195583343506,0.4952131509780884
Snowflakes/train/cadc__2018_03_06_0009__c06ee2cf0c757e3d.jpg,0.12816014885902405,0.18804708123207092
Snowflakes/train/cadc__2018_03_07_0002__6551bdefa1083288.jpg,0.1204855665564537,0.5579186677932739
Snowflakes/train/cadc__2018_03_06_0006__6d6b109092475603.jpg,0.08697277307510376,0.5988063216209412
Snowflakes/train/cadc__2018_03_07_0007__167b97c0d75fff94.jpg,0.17021223902702332,0.2452164590358734
Snowflakes/train/cadc__2018_03_06_0009__bbe8582e9ee317a8.jpg,0.0894961953163147,0.15597526729106903
Snowflakes/train/cadc__2018_03_06_0006__a2edc35f85de13c5.jpg,0.14518265426158905,0.3925996422767639
Snowflakes/train/cadc__2018_03_07_0002__de886dbc35305744.jpg,0.03790714964270592,0.4484831690788269
Snowflakes/train/cadc__2018_03_06_0006__55f62d1647ee650d.jpg,0.09985697269439697,0.4038543105125427
Snowflakes/train/cadc__2018_03_06_0006__ac07eb1a51741983.jpg,0.10199552774429321,0.5148846507072449
Snowflakes/train/cadc__2018_03_06_0006__ab0f2074bfe7fab7.jpg,0.1539219468832016,0.5522574186325073
Snowflakes/train/cadc__2018_03_07_0002__ff50021ce5c6a369.jpg,0.004832971841096878,0.6538653373718262
Snowflakes/train/cadc__2018_03_06_0009__3493845b13e877c9.jpg,0.12689504027366638,0.15725091099739075
Snowflakes/train/cadc__2018_03_07_0002__571240862dbe2407.jpg,0.0232526995241642,0.5873335599899292
Snowflakes/train/cadc__2018_03_06_0009__b4ee5c0665b06553.jpg,0.20391809940338135,0.3506357967853546
Snowflakes/train/cadc__2018_03_07_0002__bcbbc2c54f8d06d7.jpg,0.019882813096046448,0.27284717559814453
Snowflakes/train/cadc__2018_03_06_0006__436eed883255153b.jpg,0.12089256942272186,0.6464446187019348
Snowflakes/train/cadc__2018_03_06_0006__1ed0688608e3818c.jpg,0.09665319323539734,0.4373541474342346
Snowflakes/train/cadc__2018_03_06_0006__b9cafce79cbf17e5.jpg,0.060781240463256836,0.542824923992157
Snowflakes/train/cadc__2018_03_06_0009__4ccb4cf97ee8ce5e.jpg,0.1024155393242836,0.16693556308746338
Snowflakes/train/cadc__2018_03_06_0006__20234267005ce85c.jpg,0.12469510734081268,0.5170739889144897
Snowflakes/train/cadc__2018_03_07_0002__4dcb5782b06d6763.jpg,0.12453699111938477,0.6233528852462769
Snowflakes/train/cadc__2018_03_06_0006__d14e7fefda5c4e87.jpg,0.06296895444393158,0.483445942401886
Snowflakes/train/cadc__2018_03_06_0009__16647903ff1c43e8.jpg,0.15533223748207092,0.20990492403507233
Snowflakes/train/cadc__2018_03_06_0006__5b9c79f07851bbf8.jpg,0.17853063344955444,0.5448681116104126
Snowflakes/train/cadc__2018_03_06_0009__65ee8e687260291d.jpg,0.08747823536396027,0.1931772232055664
Snowflakes/train/cadc__2018_03_07_0007__3696f617385f0736.jpg,0.09526372700929642,0.1991249918937683
Snowflakes/train/cadc__2018_03_06_0009__34c8f5fedb8b69d6.jpg,0.17197716236114502,0.40842828154563904
Snowflakes/train/cadc__2018_03_07_0002__af6467d35bb6894c.jpg,0.056014783680438995,0.34836071729660034
Snowflakes/train/cadc__2018_03_06_0009__224456f617f5e879.jpg,0.12908288836479187,0.17077626287937164
Snowflakes/train/cadc__2018_03_07_0002__f4ed860ce20f4da2.jpg,-0.023611105978488922,0.28057023882865906
Snowflakes/train/cadc__2018_03_06_0009__cb0ea6391d2aff52.jpg,0.19344815611839294,0.22660033404827118
Snowflakes/train/cadc__2018_03_06_0006__6c170b31366f6eef.jpg,0.15296301245689392,0.5568394660949707
Snowflakes/train/cadc__2018_03_06_0009__c6ffb4f41f44f264.jpg,0.13810911774635315,0.28465011715888977
Snowflakes/train/cadc__2018_03_07_0002__a949bb8b7aa5df9c.jpg,0.030428145080804825,0.20892329514026642
Snowflakes/train/cadc__2018_03_07_0007__4b28a5be02be9797.jpg,0.15869414806365967,0.32483628392219543
Snowflakes/train/cadc__2018_03_07_0002__5e69e26fb495fe88.jpg,-0.060139745473861694,0.34656697511672974
Snowflakes/train/cadc__2018_03_07_0007__04f60f9b5929483c.jpg,0.09328412264585495,0.28302931785583496
Snowflakes/train/cadc__2018_03_07_0007__1c00de5089d8fe1f.jpg,0.10283003747463226,0.24132688343524933
Snowflakes/train/cadc__2018_03_07_0002__1b17c2e97913d4f8.jpg,0.0035623684525489807,0.39989331364631653
Snowflakes/train/cadc__2018_03_07_0007__0a3582cfdb7aef26.jpg,0.08054111897945404,0.23045209050178528
Snowflakes/train/cadc__2018_03_06_0009__3efe9f8d0035791c.jpg,0.17281433939933777,0.4029691219329834
Snowflakes/train/cadc__2018_03_07_0002__9805b24fbbf1969b.jpg,0.07983581721782684,0.5837501883506775
Snowflakes/train/cadc__2018_03_06_0009__b340f0e48060bd19.jpg,0.13420595228672028,0.24072079360485077
Snowflakes/train/cadc__2018_03_06_0009__6b3b2388b490d720.jpg,0.14771822094917297,0.3292243480682373
Snowflakes/train/cadc__2018_03_07_0002__6d6a5c063fbbcc7a.jpg,0.1726054847240448,0.7408158779144287
Snowflakes/train/cadc__2018_03_07_0007__188942971c8be7d4.jpg,0.09933837503194809,0.3447296619415283
Snowflakes/train/cadc__2018_03_06_0006__716804848699219e.jpg,0.1152980625629425,0.5840060710906982
Snowflakes/train/cadc__2018_03_06_0006__9ba916a7b2eb0f15.jpg,0.03127790614962578,0.3954148292541504
Snowflakes/train/cadc__2018_03_06_0009__5da9d5f91bb30e10.jpg,0.1324227750301361,0.16261565685272217
Snowflakes/train/cadc__2018_03_07_0002__98ccfe53fb33d4c7.jpg,0.14491501450538635,0.6090427041053772
Snowflakes/train/cadc__2018_03_06_0009__7937cac5eaab3240.jpg,0.09913232922554016,0.15237373113632202
Snowflakes/train/cadc__2018_03_06_0006__94fae994a43c2f21.jpg,0.12486323714256287,0.595138430595398
Snowflakes/train/cadc__2018_03_06_0006__c5d728216ca4e820.jpg,0.10420344769954681,0.5463005304336548
Snowflakes/train/cadc__2018_03_06_0006__2472e2d1b9133bdb.jpg,0.12520518898963928,0.5370033979415894
Snowflakes/train/cadc__2018_03_07_0002__213e0f5e0bbeb58f.jpg,0.03270988538861275,0.4008120596408844
Snowflakes/train/cadc__2018_03_07_0002__86d707f716ce24c7.jpg,0.12111678719520569,0.5815337896347046
Snowflakes/train/cadc__2018_03_06_0009__ca3b757ef9f244bf.jpg,0.051566123962402344,0.10001999884843826
Snowflakes/train/cadc__2018_03_07_0007__9973245844a804ef.jpg,0.07483015954494476,0.16897520422935486
Snowflakes/train/cadc__2018_03_07_0002__6b59e40b60b9eca4.jpg,0.0923537164926529,0.6367791891098022
Snowflakes/train/cadc__2018_03_06_0009__4814187150b473f5.jpg,0.13901624083518982,0.2392454445362091
Snowflakes/train/cadc__2018_03_07_0007__00e912dbef76f78e.jpg,0.08973938971757889,0.25633060932159424
Snowflakes/train/cadc__2018_03_06_0006__5137e0376332844e.jpg,0.06391632556915283,0.5457557439804077
Snowflakes/train/cadc__2018_03_06_0006__2d0a98bd53f433c0.jpg,0.11696213483810425,0.5796750783920288
Snowflakes/train/cadc__2018_03_07_0007__20df5f988fe13dbf.jpg,0.13118593394756317,0.4282933473587036
Snowflakes/train/cadc__2018_03_06_0009__55e25949d3e8e216.jpg,0.14624029397964478,0.2876606583595276
Snowflakes/train/cadc__2018_03_07_0002__65515834f07c0ffa.jpg,-0.026569506153464317,0.2792532444000244
Snowflakes/train/cadc__2018_03_07_0007__02d3ce3a374a7c55.jpg,0.07746724039316177,0.2283458560705185
Snowflakes/train/cadc__2018_03_07_0007__802f850d74a17d1c.jpg,0.08205001056194305,0.19890356063842773
Snowflakes/train/cadc__2018_03_06_0009__8f49091ba28f3e5e.jpg,0.12043194472789764,0.1985144317150116
Snowflakes/train/cadc__2018_03_06_0009__7461f9b98ddbe544.jpg,0.16981466114521027,0.31582027673721313
Snowflakes/train/cadc__2018_03_07_0002__73399444a96fb976.jpg,0.0011068538296967745,0.25390079617500305
Snowflakes/train/cadc__2018_03_07_0002__58e596f4e165bf0b.jpg,0.09521742165088654,0.46230924129486084
Snowflakes/train/cadc__2018_03_07_0002__e88681988994d0f7.jpg,-0.032819684594869614,0.2380722463130951
Snowflakes/train/cadc__2018_03_07_0002__51d31508f2611aa0.jpg,-0.020249664783477783,0.19975218176841736
Snowflakes/train/cadc__2018_03_06_0006__d6a154594d6e41b1.jpg,0.1619192659854889,0.6278688907623291
Snowflakes/train/cadc__2018_03_07_0002__aab8d1c70a4f7c62.jpg,0.12412980198860168,0.3587759733200073
Snowflakes/train/cadc__2018_03_07_0002__12b9d694d3fa1517.jpg,0.026637524366378784,0.6912788152694702
Snowflakes/train/cadc__2018_03_06_0009__90ac243e5ac41d18.jpg,0.10607296228408813,0.2209997922182083
Snowflakes/train/cadc__2018_03_06_0006__6aa49de07339415d.jpg,0.06467276811599731,0.4402303397655487
Snowflakes/train/cadc__2018_03_06_0009__14c46f006b907f84.jpg,0.10772484540939331,0.23295150697231293
Snowflakes/train/cadc__2018_03_07_0002__55b0231d7213f08d.jpg,0.08837705105543137,0.3645631670951843
Snowflakes/train/cadc__2018_03_06_0009__fc56e94d757a232d.jpg,0.0755065456032753,0.11503592133522034
Snowflakes/train/cadc__2018_03_06_0009__971bf91333cbd794.jpg,0.15241694450378418,0.38719695806503296
Snowflakes/train/cadc__2018_03_06_0006__63d8e02edeec28b1.jpg,0.13186565041542053,0.35356372594833374
Snowflakes/train/cadc__2018_03_07_0002__08142f8c7d70a672.jpg,0.028589189052581787,0.41612958908081055
Snowflakes/train/cadc__2018_03_06_0006__5bf0038b3aca56ac.jpg,0.16819576919078827,0.26683753728866577
Snowflakes/train/cadc__2018_03_07_0007__7859f141581792ce.jpg,0.06922522187232971,0.18436092138290405
Snowflakes/train/cadc__2018_03_07_0002__d88e9d69ca503ad7.jpg,-0.022358983755111694,0.5724561810493469
Snowflakes/train/cadc__2018_03_07_0007__cec315bf38746a3b.jpg,0.10475007444620132,0.2776777446269989
Snowflakes/train/cadc__2018_03_07_0002__fee1b2f43b7341c7.jpg,0.049153272062540054,0.419930636882782
Snowflakes/train/cadc__2018_03_07_0007__9771472c5a9f98ac.jpg,0.10755661129951477,0.2068636119365692
Snowflakes/train/cadc__2018_03_06_0006__c06afae3547a9060.jpg,0.11047682166099548,0.5210854411125183
Snowflakes/train/cadc__2018_03_06_0009__ca802f2400125fd6.jpg,0.13368964195251465,0.2283504605293274
Snowflakes/train/cadc__2018_03_06_0009__d16ee1f2f94eead9.jpg,0.14153344929218292,0.36821627616882324
Snowflakes/train/cadc__2018_03_06_0009__c233d0402b505ba5.jpg,0.09668124467134476,0.1838076114654541
Snowflakes/train/cadc__2018_03_06_0009__852f3ff9b5c13836.jpg,0.1745830774307251,0.2920543849468231
Snowflakes/train/cadc__2018_03_06_0006__39dc4ad819c36b37.jpg,0.13737136125564575,0.6080620288848877
Snowflakes/train/cadc__2018_03_07_0007__5da1780831d0a71a.jpg,0.1632189303636551,0.3560839295387268
Snowflakes/train/cadc__2018_03_06_0009__ba429818ddca59ea.jpg,0.09471012651920319,0.12118750810623169
Snowflakes/train/cadc__2018_03_07_0007__2c98169421da6704.jpg,0.09052778780460358,0.2458644062280655
Snowflakes/train/cadc__2018_03_07_0007__b466b10a159e8cf2.jpg,0.06947732716798782,0.18876543641090393
Snowflakes/train/cadc__2018_03_06_0006__0cdcf7e6fac9e5e5.jpg,0.14483511447906494,0.40418118238449097
Snowflakes/train/cadc__2018_03_06_0006__9cf2ba725ce841b0.jpg,0.13700784742832184,0.44202783703804016
Snowflakes/train/cadc__2018_03_06_0006__870f400ed7b11451.jpg,0.16657298803329468,0.5807979106903076
Snowflakes/train/cadc__2018_03_06_0009__17b809e461481e2e.jpg,0.07681377977132797,0.15454337000846863
Snowflakes/train/cadc__2018_03_07_0002__3f238b341bdf83ad.jpg,0.04194706305861473,0.5956985950469971
Snowflakes/train/cadc__2018_03_07_0002__ea935026b16c6929.jpg,0.022516600787639618,0.20576882362365723
Snowflakes/train/cadc__2018_03_06_0009__5545a6b25609bff7.jpg,0.1468176543712616,0.20106276869773865
Snowflakes/train/cadc__2018_03_06_0009__6eee941615b2a880.jpg,0.09839697182178497,0.15710125863552094
Snowflakes/train/cadc__2018_03_06_0006__37e7176a0a833a17.jpg,0.14557687938213348,0.39063137769699097
Snowflakes/train/cadc__2018_03_06_0009__dc29fb2f2bd27678.jpg,0.16212734580039978,0.242631196975708
Snowflakes/train/cadc__2018_03_07_0007__87e0fb90f23fa44f.jpg,0.08041004836559296,0.21942737698554993
Snowflakes/train/cadc__2018_03_07_0002__89bf149ea62228a3.jpg,0.11165787279605865,0.43833833932876587
Snowflakes/train/cadc__2018_03_06_0006__ddcd7651b4042599.jpg,0.0998937338590622,0.7167748808860779
Snowflakes/train/cadc__2018_03_07_0002__9ab41b5383623829.jpg,0.06984888017177582,0.683659553527832
Snowflakes/train/cadc__2018_03_07_0007__f09da70c14059dba.jpg,0.09029936790466309,0.24903739988803864
Snowflakes/train/cadc__2018_03_07_0002__d44a8568035ddca5.jpg,0.008191803470253944,0.5814473032951355
Snowflakes/train/cadc__2018_03_06_0006__f4ce1837d7c1be97.jpg,0.10635527968406677,0.3570842444896698
Snowflakes/train/cadc__2018_03_06_0009__a79447f4a22339b6.jpg,0.12951427698135376,0.23831096291542053
Snowflakes/train/cadc__2018_03_07_0002__ae538b0bb5492509.jpg,-0.0996827483177185,0.2725265622138977
Snowflakes/train/cadc__2018_03_07_0002__47bc5fb9b72e1179.jpg,-0.030417386442422867,0.6068288087844849
Snowflakes/train/cadc__2018_03_06_0009__af149a8483052929.jpg,0.09223110973834991,0.15652108192443848
Snowflakes/train/cadc__2018_03_06_0006__c9d7cbc9d3f3aa64.jpg,0.09775489568710327,0.540907084941864
Snowflakes/train/cadc__2018_03_07_0007__e9c5ae0c85f32d74.jpg,0.13941612839698792,0.3668593466281891
Snowflakes/train/cadc__2018_03_07_0007__d11bfdf3900a40ba.jpg,0.08267784863710403,0.19708575308322906
Snowflakes/train/cadc__2018_03_06_0009__10b99f767e88e2fe.jpg,0.0859498605132103,0.1538451462984085
Snowflakes/train/cadc__2018_03_07_0007__ccc5d3207b3cebbb.jpg,0.12827622890472412,0.26576298475265503
Snowflakes/train/cadc__2018_03_07_0002__e5a3b23cd1fae7a4.jpg,-0.02087344601750374,0.39507749676704407
Snowflakes/train/cadc__2018_03_07_0002__9b62254611934bd0.jpg,0.11521779745817184,0.504256010055542
Snowflakes/train/cadc__2018_03_07_0007__4e7ac4a07c02e4e2.jpg,0.1964206099510193,0.4934014081954956
Snowflakes/train/cadc__2018_03_06_0006__938cdb0bff18c019.jpg,0.15967419743537903,0.592832088470459
Snowflakes/train/cadc__2018_03_06_0009__dfd8ed43de941126.jpg,0.10059544444084167,0.21635478734970093
Snowflakes/train/cadc__2018_03_06_0006__e2acd476aa45a5eb.jpg,0.15028157830238342,0.5494430065155029
Snowflakes/train/cadc__2018_03_06_0006__406037b50ed84a46.jpg,0.11340831965208054,0.43494123220443726
Snowflakes/train/cadc__2018_03_07_0002__921043a7d4529a4c.jpg,0.03646707534790039,0.5758154392242432
Snowflakes/train/cadc__2018_03_06_0009__e6b332ba00b378e4.jpg,0.12065821141004562,0.2096700817346573
Snowflakes/train/cadc__2018_03_06_0009__68d99fb5edcdfbf6.jpg,0.14436393976211548,0.19787311553955078
Snowflakes/train/cadc__2018_03_06_0009__b2006e758191a942.jpg,0.15715739130973816,0.3235623836517334
Snowflakes/train/cadc__2018_03_07_0007__75b4bf1e3556d609.jpg,0.08467046916484833,0.25359416007995605
Snowflakes/train/cadc__2018_03_06_0006__11c1bd0b72b3b2f6.jpg,0.12790857255458832,0.4593304693698883
Snowflakes/train/cadc__2018_03_07_0002__d96e19a231d4f0be.jpg,-0.07553066313266754,0.38939541578292847
Snowflakes/train/cadc__2018_03_07_0007__88b212a58b73a004.jpg,0.166234090924263,0.28818273544311523
Snowflakes/train/cadc__2018_03_06_0006__1e4842ec74886b5c.jpg,0.08897341787815094,0.37357762455940247
Snowflakes/train/cadc__2018_03_07_0002__b6018568eb05a098.jpg,0.026127709075808525,0.64306640625
Snowflakes/train/cadc__2018_03_06_0006__4b4d0284351e3541.jpg,0.19335034489631653,0.682721734046936
Snowflakes/train/cadc__2018_03_07_0002__7a06b643efdb06b3.jpg,0.09811832010746002,0.5174916982650757
Snowflakes/train/cadc__2018_03_07_0002__a6ec8b5fdef5231a.jpg,0.024076418951153755,0.6138224601745605
Snowflakes/train/cadc__2018_03_07_0002__9526721eeffd4e47.jpg,-0.053775496780872345,0.1974881887435913
Snowflakes/train/cadc__2018_03_07_0002__e7e106649a61e349.jpg,-0.030599843710660934,0.27305498719215393
Snowflakes/train/cadc__2018_03_07_0002__44539aac60ac74ba.jpg,-0.01505929883569479,0.6033859252929688
Snowflakes/train/cadc__2018_03_07_0002__7156713073df5ab1.jpg,0.05922144651412964,0.5570251941680908
Snowflakes/train/cadc__2018_03_07_0002__b733e0ab4597fd2d.jpg,-0.03399484604597092,0.16127078235149384
Snowflakes/train/cadc__2018_03_06_0006__01b5b82bc222dae2.jpg,0.15609368681907654,0.6547175049781799
Snowflakes/train/cadc__2018_03_06_0009__1a162a042d66102a.jpg,0.11160649359226227,0.19254568219184875
Snowflakes/train/cadc__2018_03_07_0002__5eba332404df717f.jpg,0.05043023079633713,0.5002204775810242
Snowflakes/train/cadc__2018_03_06_0006__bd70d861fad90217.jpg,0.11622919142246246,0.45480597019195557
Snowflakes/train/cadc__2018_03_07_0002__3dc2efff297bdbbf.jpg,-0.037557054311037064,0.38389405608177185
Snowflakes/train/cadc__2018_03_06_0009__196bf38daeebe63b.jpg,0.16474120318889618,0.31514790654182434
Snowflakes/train/cadc__2018_03_06_0009__18633c580777110e.jpg,0.09771370142698288,0.15742291510105133
Snowflakes/train/cadc__2018_03_07_0002__160d488d667b8636.jpg,-0.033392686396837234,0.16947774589061737
Snowflakes/train/cadc__2018_03_07_0002__f3f0828c2d08e7cd.jpg,0.0973832756280899,0.722690224647522
Snowflakes/train/cadc__2018_03_07_0002__9971589558bef6f2.jpg,0.1007332056760788,0.7058311700820923
Snowflakes/train/cadc__2018_03_06_0006__a25623caa17284ee.jpg,0.13816899061203003,0.36519551277160645
Snowflakes/train/cadc__2018_03_07_0007__1c075581692a398f.jpg,0.18914413452148438,0.31900858879089355
Snowflakes/train/cadc__2018_03_07_0007__3e7ff0f38b2deaf4.jpg,0.07861541211605072,0.25558337569236755
Snowflakes/train/cadc__2018_03_06_0006__11b4904878d97040.jpg,0.16377268731594086,0.598065972328186
Snowflakes/train/cadc__2018_03_06_0009__cabab3004cf5ef8a.jpg,0.1078515574336052,0.2150234580039978
Snowflakes/train/cadc__2018_03_07_0002__f86f64578635879a.jpg,0.06474186480045319,0.3397045433521271
Snowflakes/train/cadc__2018_03_06_0006__129c073b7d879215.jpg,0.16525335609912872,0.5320900678634644
Snowflakes/train/cadc__2018_03_07_0007__bed63ca55c496146.jpg,0.22000879049301147,0.4048674702644348
Snowflakes/train/cadc__2018_03_06_0006__19b613b5e7fc1564.jpg,0.11840817332267761,0.6791489124298096
Snowflakes/train/cadc__2018_03_07_0007__6df13edd4eff6a03.jpg,0.10372354090213776,0.17199751734733582
Snowflakes/train/cadc__2018_03_06_0006__0aed4151873ffdec.jpg,0.10473494231700897,0.5692874193191528
Snowflakes/train/cadc__2018_03_06_0009__fbcf56c5c0ff3fa3.jpg,0.09865137189626694,0.14433903992176056
Snowflakes/train/cadc__2018_03_07_0002__528c08ab2924391a.jpg,0.01849975436925888,0.6146550178527832
Snowflakes/train/cadc__2018_03_06_0009__a0200d6cb07db938.jpg,0.07849007099866867,0.12271969765424728
Snowflakes/train/cadc__2018_03_06_0009__41e08900056493dd.jpg,0.09254366159439087,0.18771815299987793
Snowflakes/train/cadc__2018_03_06_0009__0c4cadb138db30c3.jpg,0.1462620198726654,0.2091970145702362
Snowflakes/train/cadc__2018_03_07_0002__1bceac5ceb847545.jpg,0.01538726594299078,0.38415291905403137
Snowflakes/train/cadc__2018_03_06_0009__24e94680cc7fc675.jpg,0.18612399697303772,0.321077823638916
Snowflakes/train/cadc__2018_03_07_0007__f898147581927793.jpg,0.14885030686855316,0.2148790955543518
Snowflakes/train/cadc__2018_03_07_0007__ffce8dd88a940a61.jpg,0.07519254088401794,0.2182578444480896
Snowflakes/train/cadc__2018_03_06_0006__dc01fb0c10d411f5.jpg,0.18785567581653595,0.6108593344688416
Snowflakes/train/cadc__2018_03_06_0006__fa3de12d33685646.jpg,0.13739541172981262,0.3947102129459381
Snowflakes/train/cadc__2018_03_07_0007__ea176a9ef49d17ce.jpg,0.18395006656646729,0.3091694414615631
Snowflakes/train/cadc__2018_03_06_0009__4b934872a823e731.jpg,0.12796200811862946,0.19433727860450745
Snowflakes/train/cadc__2018_03_06_0009__94d0abac85b60132.jpg,0.10443207621574402,0.2262122929096222
Snowflakes/train/cadc__2018_03_07_0007__c469ff3bff77b55f.jpg,0.08298219740390778,0.22518926858901978
Snowflakes/train/cadc__2018_03_07_0007__34b5ab29b144e944.jpg,0.07546376436948776,0.12960568070411682
Snowflakes/train/cadc__2018_03_07_0007__b99510175b395b9e.jpg,0.19414007663726807,0.32034239172935486
Snowflakes/train/cadc__2018_03_07_0002__d4503e8eec938e76.jpg,0.18944062292575836,0.7532703876495361
Snowflakes/train/cadc__2018_03_06_0006__b72177a92170a05e.jpg,0.15135011076927185,0.5036121606826782
Snowflakes/train/cadc__2018_03_06_0009__02005beb86295ba5.jpg,0.2215050756931305,0.4404847323894501
Snowflakes/train/cadc__2018_03_07_0002__19000579cc40d200.jpg,0.029565129429101944,0.542896032333374
Snowflakes/train/cadc__2018_03_06_0006__aa9546473daff994.jpg,0.15788407623767853,0.36290937662124634
Snowflakes/train/cadc__2018_03_07_0007__54738daea4cccc76.jpg,0.0756598487496376,0.2177877426147461
Snowflakes/train/cadc__2018_03_07_0002__18e1fdaec4d381ad.jpg,0.0632391944527626,0.6466476321220398
Snowflakes/train/cadc__2018_03_07_0007__be081ac9a7197b67.jpg,0.1410861313343048,0.2736065089702606
Snowflakes/train/cadc__2018_03_06_0009__f35b2e0194b6d51f.jpg,0.15138697624206543,0.20278552174568176
Snowflakes/train/cadc__2018_03_07_0002__3a81fe724a8439ee.jpg,0.09876663982868195,0.5059496164321899
Snowflakes/train/cadc__2018_03_07_0002__ed4b3e1bd22c1c1a.jpg,0.05884154140949249,0.6454435586929321
Snowflakes/train/cadc__2018_03_06_0006__29c524d294675b0c.jpg,0.13859988749027252,0.41987746953964233
Snowflakes/train/cadc__2018_03_07_0002__d7c898529c180a9b.jpg,-0.050979018211364746,0.3189966082572937
Snowflakes/train/cadc__2018_03_07_0002__c0209d7ac2c29dd6.jpg,0.10671374201774597,0.6406970024108887
Snowflakes/train/cadc__2018_03_07_0002__babe9e11acd1ad8e.jpg,-0.027019573375582695,0.3969647288322449
Snowflakes/train/cadc__2018_03_07_0007__0917dc3a77c0899b.jpg,0.09098612517118454,0.20072802901268005
Snowflakes/train/cadc__2018_03_06_0009__2fd23e2c78f4c56e.jpg,0.11516651511192322,0.3699795603752136
Snowflakes/train/cadc__2018_03_06_0006__4f09d92232cc631e.jpg,0.056472472846508026,0.5100883841514587
Snowflakes/train/cadc__2018_03_06_0006__8d54c4fb32703888.jpg,0.13363900780677795,0.45508697628974915
Snowflakes/train/cadc__2018_03_07_0002__c4f069d460b9168c.jpg,-0.07616821676492691,0.34213751554489136
Snowflakes/train/cadc__2018_03_07_0002__3dfe9f93ec9d7c5d.jpg,0.042321477085351944,0.7077124118804932
Snowflakes/train/cadc__2018_03_07_0002__eff29813204dee54.jpg,0.1549859493970871,0.6421171426773071
Snowflakes/train/cadc__2018_03_06_0006__d62699d12d905253.jpg,0.11393968760967255,0.47268930077552795
Snowflakes/train/cadc__2018_03_07_0007__756a65fdb887b0b6.jpg,0.14504218101501465,0.44995030760765076
Snowflakes/train/cadc__2018_03_07_0007__5b7ed5b7c74a5611.jpg,0.07219851016998291,0.20052655041217804
Snowflakes/train/cadc__2018_03_06_0006__2dbbe20044facedc.jpg,0.12235833704471588,0.5434715747833252
Snowflakes/train/cadc__2018_03_07_0007__448945ac1eb84fa5.jpg,0.15419065952301025,0.4725990891456604
Snowflakes/train/cadc__2018_03_06_0006__70b905b20b73113a.jpg,0.1228109672665596,0.5795514583587646
Snowflakes/train/cadc__2018_03_07_0002__7bc18382e52794eb.jpg,-0.003932803403586149,0.3081110119819641
Snowflakes/train/cadc__2018_03_06_0006__d7cf66e3afff4744.jpg,0.1754942089319229,0.5597672462463379
Snowflakes/train/cadc__2018_03_06_0006__28f7680d7f7917b7.jpg,0.09303796291351318,0.7041586637496948
Snowflakes/train/cadc__2018_03_06_0009__8f59e60fab199e42.jpg,0.15084344148635864,0.2934136986732483
Snowflakes/train/cadc__2018_03_06_0006__52586f1a78dcbeb1.jpg,0.07359807193279266,0.5009651184082031
Snowflakes/train/cadc__2018_03_07_0007__db64eeec7ceb1ec4.jpg,0.168633833527565,0.24166062474250793
Snowflakes/train/cadc__2018_03_06_0009__01e3ff57d52a60a2.jpg,0.18055889010429382,0.37821388244628906
Snowflakes/train/cadc__2018_03_06_0006__6571f014ccdc71b8.jpg,0.07056976854801178,0.44788628816604614
Snowflakes/train/cadc__2018_03_07_0007__637a235d1d48256c.jpg,0.09497864544391632,0.2305363118648529
Snowflakes/train/cadc__2018_03_07_0002__c4b3db57a69c3421.jpg,-0.07647921144962311,0.20755073428153992
Snowflakes/train/cadc__2018_03_07_0007__23d8617701ff13c9.jpg,0.07942593097686768,0.22710682451725006
Snowflakes/train/cadc__2018_03_06_0009__cf22235a3d17adfd.jpg,0.12677636742591858,0.25168853998184204
Snowflakes/train/cadc__2018_03_06_0009__a5c5146bc1eaec92.jpg,0.09973515570163727,0.1921602189540863
Snowflakes/train/cadc__2018_03_07_0002__a7aa063c87dda937.jpg,0.04302999749779701,0.7021107077598572
Snowflakes/train/cadc__2018_03_07_0002__04b9180281ff1cf8.jpg,-0.05130033195018768,0.5144967436790466
Snowflakes/train/cadc__2018_03_06_0009__a4d47abff387c2a9.jpg,0.07184070348739624,0.2827964425086975
Snowflakes/train/cadc__2018_03_07_0007__11e1115d087acbfc.jpg,0.08363454788923264,0.2181505709886551
Soil/test/173.png,-0.0049007348716259,0.0794157087802887
Soil/test/94.png,-0.05280463397502899,0.4077150225639343
Soil/test/48.png,-0.05691099911928177,0.22354158759117126
Soil/test/61.png,0.03497592359781265,0.12050642818212509
Soil/test/37.png,-0.17816311120986938,0.5804016590118408
Soil/test/148.png,0.0019869625102728605,0.2965148687362671
Soil/test/35.png,0.03988342359662056,0.07003478705883026
Soil/test/177.png,0.007311079651117325,0.03639601916074753
Soil/test/142.png,0.010028138756752014,0.37134087085723877
Soil/test/104.png,0.021770842373371124,0.11334699392318726
Soil/test/133.png,-0.010934622958302498,0.11234793812036514
Soil/test/70.png,0.01554914005100727,0.03101426735520363
Soil/test/162.png,-0.07102932035923004,0.5234212279319763
Soil/test/186.png,0.02920210361480713,0.08164528757333755
Soil/test/73.png,0.06779466569423676,0.42817002534866333
Soil/test/92.png,0.047488465905189514,0.3921891152858734
Soil/test/153.png,0.06624502688646317,0.14251095056533813
Soil/test/167.png,0.0026267548091709614,0.02536441758275032
Soil/test/77 (1).png,-0.02635437250137329,0.06409643590450287
Soil/test/75.png,0.14286908507347107,0.3833158314228058
Soil/test/89.png,0.03609496355056763,0.1397571861743927
Soil/test/164.png,0.10216639935970306,0.4418393671512604
Soil/test/11.png,0.049324408173561096,0.1560744047164917
Soil/test/114.png,0.08828839659690857,0.2162362039089203
Soil/test/185.png,0.07459321618080139,0.3374447524547577
Soil/test/88 (1).png,-0.12558338046073914,0.3033496141433716
Soil/test/176.png,0.14225447177886963,0.19270554184913635
Soil/test/95.png,0.013252375647425652,0.0516810342669487
Soil/test/97.png,-0.1307220458984375,0.34462523460388184
Soil/test/124.png,-0.051481857895851135,0.27031993865966797
Soil/test/119.png,0.03867418318986893,0.07083655893802643
Soil/test/100.png,-0.10648627579212189,0.43069013953208923
Soil/test/76.png,0.13009776175022125,0.5482113361358643
Soil/test/193.png,0.12917053699493408,0.33743348717689514
Soil/test/191.png,-0.14331939816474915,0.6396809816360474
Soil/test/163.png,-0.03717926889657974,0.17829282581806183
Soil/test/31.png,0.03296239301562309,0.32816120982170105
Soil/test/104 (1).png,0.021770842373371124,0.11334699392318726
Soil/test/138.png,-0.2619994282722473,0.4886258840560913
Soil/test/4.png,0.0943722277879715,0.3528520464897156
Soil/test/192.png,0.01557660661637783,0.02826138213276863
Soil/test/109 (1).png,0.016888683661818504,0.11269591748714447
Soil/test/43.png,0.06960985064506531,0.30246037244796753
Soil/test/129.png,0.06955992430448532,0.13700148463249207
Soil/test/171.png,0.010320943780243397,0.05095425248146057
Soil/test/145.png,0.007395578548312187,0.04037214070558548
Soil/test/40.png,0.023643840104341507,0.3537854552268982
Soil/test/197.png,0.17908550798892975,0.3377190828323364
Soil/test/33.png,0.004387278109788895,0.26756247878074646
Soil/test/126.png,0.0409124381840229,0.3141079545021057
Soil/test/147.png,0.026650208979845047,0.24898692965507507
Soil/test/85.png,-0.02761233225464821,0.5279931426048279
Soil/test/9.png,0.09633093327283859,0.48970043659210205
Soil/test/102.png,0.018715875223279,0.1453048288822174
Soil/test/168.png,0.03660420700907707,0.38505738973617554
Soil/test/200.png,0.05189645290374756,0.26112866401672363
Soil/test/56.png,0.007743244059383869,0.041140250861644745
Soil/test/116.png,-0.04888913780450821,0.36397257447242737
Soil/test/107 (1).png,-0.285986989736557,0.4198249876499176
Soil/test/80.png,0.11034394055604935,0.22040775418281555
Soil/test/87 (1).png,0.05982816591858864,0.2837889790534973
Soil/test/55.png,0.009986553341150284,0.03806556761264801
Soil/test/130.png,0.17250563204288483,0.3524593412876129
Soil/test/50.png,0.005295047536492348,0.15065205097198486
Soil/test/199.png,0.03966974467039108,0.06320145726203918
Soil/test/112.png,0.02448398992419243,0.07013466209173203
Soil/test/49.png,-0.18727776408195496,0.5120680332183838
Soil/test/90 (1).png,0.07030093669891357,0.1333460807800293
Soil/test/93.png,0.2555099129676819,0.6414258480072021
Soil/test/150.png,0.11416010558605194,0.30414366722106934
Soil/test/113.png,0.15630224347114563,0.511491060256958
Soil/test/59.png,0.06826438009738922,0.33541810512542725
Soil/test/11 (1).png,0.049324408173561096,0.1560744047164917
Soil/test/169.png,-0.09821488708257675,0.5816968679428101
Soil/test/170.png,-0.03379906713962555,0.4036518633365631
Soil/test/194.png,0.2397059202194214,0.33209967613220215
Soil/test/136.png,-0.014106767252087593,0.10027437657117844
Soil/test/198.png,0.06826967000961304,0.5536297559738159
Soil/test/14.png,0.012189460918307304,0.027214597910642624
Soil/test/65.png,0.019300244748592377,0.22312325239181519
Soil/test/161.png,-0.24370059370994568,0.30448657274246216
Soil/test/1.png,-0.013027850538492203,0.4067510962486267
Soil/test/79 (1).png,-0.0024224799126386642,0.024393977597355843
Soil/test/108.png,-0.008315489627420902,0.027381455525755882
Soil/test/39.png,-0.18196260929107666,0.49181467294692993
Soil/test/132.png,0.047452542930841446,0.12306651473045349
Soil/test/156.png,-0.0004287515766918659,0.05364997684955597
Soil/test/107.png,-0.285986989736557,0.4198249876499176
Soil/test/90.png,0.07030093669891357,0.1333460807800293
Soil/test/102 (1).png,0.018715875223279,0.1453048288822174
Soil/test/85 (1).png,-0.02761233225464821,0.5279931426048279
Soil/test/20.png,0.014945338480174541,0.3214799165725708
Soil/test/181.png,0.1338677704334259,0.511600136756897
Soil/test/83.png,0.023256661370396614,0.3337845802307129
Soil/test/38.png,0.02165544033050537,0.07326634973287582
Soil/test/151.png,0.10033154487609863,0.3285796642303467
Soil/test/2.png,-0.009247546084225178,0.26106882095336914
Soil/test/108 (1).png,-0.008315489627420902,0.027381455525755882
Soil/test/10.png,0.006758156698197126,0.04874122142791748
Soil/test/82.png,0.01420191116631031,0.06467168033123016
Soil/test/174.png,-0.15400514006614685,0.346188485622406
Soil/test/131.png,-0.12352242320775986,0.44480207562446594
Soil/test/36.png,0.05637663975358009,0.15342934429645538
Soil/test/157.png,0.056314777582883835,0.19919177889823914
Soil/test/182.png,0.0593961626291275,0.1371956467628479
Soil/test/143.png,0.16481612622737885,0.37935012578964233
Soil/test/152.png,0.07166793197393417,0.2754950523376465
Soil/test/83 (1).png,0.023256661370396614,0.3337845802307129
Soil/test/137.png,0.06166397035121918,0.1447243094444275
Soil/test/81.png,0.0037771614734083414,0.05297207832336426
Soil/test/66.png,0.0649847537279129,0.17485031485557556
Soil/test/58.png,-0.034250903874635696,0.38849422335624695
Soil/test/122.png,0.05646451935172081,0.20049196481704712
Soil/test/8 (1).png,-0.28240281343460083,0.601777195930481
Soil/test/187.png,0.026739535853266716,0.12519016861915588
Soil/test/106.png,0.023853261023759842,0.213379368185997
Soil/test/117.png,0.04431738704442978,0.42623722553253174
Soil/test/166.png,-0.0035499618388712406,0.03791416436433792
Soil/test/100 (1).png,-0.10648627579212189,0.43069013953208923
Soil/test/18.png,0.0021380060352385044,0.16657418012619019
Soil/test/63.png,0.07804776728153229,0.3227125406265259
Soil/test/103 (1).png,0.005901487544178963,0.06930914521217346
Soil/test/21.png,-0.08769559115171432,0.5011230707168579
Soil/test/12.png,-0.04684806615114212,0.3829563558101654
Soil/test/81 (1).png,0.0037771614734083414,0.05297207832336426
Soil/test/98.png,-0.0035332231782376766,0.250261127948761
Soil/test/127.png,0.042040687054395676,0.22965756058692932
Soil/test/184.png,0.07719948142766953,0.288457453250885
Soil/test/28.png,0.04381892830133438,0.3200659155845642
Soil/test/190.png,0.022612888365983963,0.03164371848106384
Soil/test/165.png,0.0374126173555851,0.07898061722517014
Soil/test/22.png,0.17464375495910645,0.6237835884094238
Soil/test/67.png,0.07510413229465485,0.20531487464904785
Soil/test/96.png,0.1261836439371109,0.24054981768131256
Soil/test/34.png,0.11950616538524628,0.4948318600654602
Soil/test/41.png,-0.055813245475292206,0.5092262029647827
Soil/test/159.png,0.05516938120126724,0.5363014936447144
Soil/test/195.png,0.0028649484738707542,0.006244413089007139
Soil/test/105.png,0.042770832777023315,0.2750343680381775
Soil/test/105 (1).png,0.042770832777023315,0.2750343680381775
Soil/test/125.png,0.09468822926282883,0.4043727517127991
Soil/test/121.png,0.0638987198472023,0.1918003410100937
Soil/test/69.png,0.1035269945859909,0.45622503757476807
Soil/test/146.png,-0.012925000861287117,0.07473154366016388
Soil/test/154.png,0.22157087922096252,0.48782071471214294
Soil/test/7.png,0.021217286586761475,0.0939667671918869
Soil/test/78 (1).png,-0.03861131891608238,0.4803624153137207
Soil/test/188.png,0.021546121686697006,0.040259938687086105
Soil/test/86.png,0.13097697496414185,0.35084068775177
Soil/test/9 (1).png,0.09633093327283859,0.48970043659210205
Soil/test/106 (1).png,0.023853261023759842,0.213379368185997
Soil/test/77.png,-0.02635437250137329,0.06409643590450287
Soil/test/29.png,0.009084982797503471,0.20057788491249084
Soil/test/103.png,0.005901487544178963,0.06930914521217346
Soil/test/72.png,0.004939137026667595,0.12197964638471603
Soil/test/144.png,0.00835583359003067,0.1163596361875534
Soil/test/109.png,0.016888683661818504,0.11269591748714447
Soil/test/71.png,0.01036740466952324,0.14894093573093414
Soil/test/74.png,-0.12116613984107971,0.48856407403945923
Soil/test/120.png,0.09175345301628113,0.43603405356407166
Soil/test/118.png,0.02353264018893242,0.3042925298213959
Soil/test/17.png,0.0010024538496509194,0.014176040887832642
Soil/test/53.png,0.012028204277157784,0.036002881824970245
Soil/test/196.png,-0.000983559526503086,0.20037531852722168
Soil/test/179.png,0.04760698974132538,0.46820512413978577
Soil/test/178.png,-0.0548262894153595,0.25482264161109924
Soil/test/160.png,0.008237866684794426,0.1200023889541626
Soil/test/140.png,0.020461153239011765,0.44908130168914795
Soil/test/52.png,-0.013977281749248505,0.16589345037937164
Soil/test/5.png,0.12931111454963684,0.34504634141921997
Soil/test/139.png,0.029221627861261368,0.11276613175868988
Soil/test/3.png,0.11889354884624481,0.277984619140625
Soil/test/172.png,0.018190864473581314,0.15926790237426758
Soil/test/64.png,0.0816052034497261,0.717247486114502
Soil/test/110 (1).png,-0.001726725255139172,0.012448337860405445
Soil/test/16.png,-0.07132863998413086,0.43318164348602295
Soil/test/112 (1).png,0.02448398992419243,0.07013466209173203
Soil/test/8.png,-0.28240281343460083,0.601777195930481
Soil/test/45.png,0.07539494335651398,0.237246572971344
Soil/test/24.png,0.013148006983101368,0.4650699198246002
Soil/test/84 (1).png,-0.22469346225261688,0.582843542098999
Soil/test/32.png,0.006887924857437611,0.49325600266456604
Soil/test/88.png,-0.12558338046073914,0.3033496141433716
Soil/test/115.png,-0.028853286057710648,0.2463221698999405
Soil/test/128.png,0.0008197135175578296,0.04905649274587631
Soil/test/158.png,-0.03348951041698456,0.3424142003059387
Soil/test/6.png,0.09446262568235397,0.31301215291023254
Soil/test/23.png,-0.06110864877700806,0.48793965578079224
Soil/test/1 (1).png,-0.013027850538492203,0.4067510962486267
Soil/test/87.png,0.05982816591858864,0.2837889790534973
Soil/test/51.png,0.07118302583694458,0.25527554750442505
Soil/test/101.png,-0.12642160058021545,0.6050657033920288
Soil/test/86 (1).png,0.13097697496414185,0.35084068775177
Soil/test/135.png,0.10558653622865677,0.46558094024658203
Soil/test/123.png,0.005617067683488131,0.4137880206108093
Soil/test/91.png,-0.15744328498840332,0.1349809765815735
Soil/test/44.png,0.043905556201934814,0.20762191712856293
Soil/test/189.png,0.027581943199038506,0.04604285955429077
Soil/test/82 (1).png,0.01420191116631031,0.06467168033123016
Soil/test/68.png,-0.04346410930156708,0.4620683491230011
Soil/test/180.png,0.10623937845230103,0.24044451117515564
Soil/test/46.png,0.021762533113360405,0.2518482208251953
Soil/test/57.png,0.11163391172885895,0.39506274461746216
Soil/test/84.png,-0.22469346225261688,0.582843542098999
Soil/test/15.png,0.04814199358224869,0.11959843337535858
Soil/test/10 (1).png,0.006758156698197126,0.04874122142791748
Soil/test/183.png,0.10059681534767151,0.6286852359771729
Soil/test/30.png,-0.04917558655142784,0.21092772483825684
Soil/test/89 (1).png,0.03609496355056763,0.1397571861743927
Soil/test/60.png,0.1395994871854782,0.4614935517311096
Soil/test/99.png,0.008364835754036903,0.43146270513534546
Soil/test/155.png,0.012100022286176682,0.11399437487125397
Soil/test/27.png,0.007331000175327063,0.10796346515417099
Soil/test/78.png,-0.03861131891608238,0.4803624153137207
Soil/test/47.png,0.1453953981399536,0.26180797815322876
Soil/test/149.png,0.018307466059923172,0.09099861979484558
Soil/test/13.png,0.06562759727239609,0.19574317336082458
Soil/test/80 (1).png,0.11034394055604935,0.22040775418281555
Soil/test/134.png,-0.02734500542283058,0.5002152919769287
Soil/test/25.png,0.052053630352020264,0.19096748530864716
Soil/test/54.png,-0.11070884764194489,0.17853982746601105
Soil/test/111.png,0.004412912763655186,0.026034515351057053
Soil/test/111 (1).png,0.004412912763655186,0.026034515351057053
Soil/test/62.png,-0.07718208432197571,0.39395564794540405
Soil/test/141.png,-0.00010746240150183439,0.5358943343162537
Soil/test/19.png,0.013938983902335167,0.04171694815158844
Soil/test/110.png,-0.001726725255139172,0.012448337860405445
Soil/test/26.png,0.0011466131545603275,0.17150665819644928
Soil/test/79.png,-0.0024224799126386642,0.024393977597355843
Soil/test/42.png,0.13711225986480713,0.7717428207397461
Soil/test/175.png,-0.08745500445365906,0.13874635100364685
Soil/test/101 (1).png,-0.12642160058021545,0.6050657033920288
Soil/train/641.png,0.03823988139629364,0.29384827613830566
Soil/train/173.png,0.04533825069665909,0.1061224490404129
Soil/train/491.png,0.0408579558134079,0.09742379188537598
Soil/train/718.png,0.08703111112117767,0.29640036821365356
Soil/train/709.png,0.01040240004658699,0.0340011864900589
Soil/train/379.png,0.020171962678432465,0.04722059518098831
Soil/train/780.png,0.025118565186858177,0.04839955270290375
Soil/train/248.png,-0.12028224021196365,0.5328210592269897
Soil/train/94.png,0.01289341226220131,0.19009530544281006
Soil/train/480.png,-0.0721345841884613,0.3724859952926636
Soil/train/236.png,0.14396432042121887,0.4294053614139557
Soil/train/771.png,0.15628878772258759,0.40255510807037354
Soil/train/597 (1).png,-0.20260825753211975,0.5096276998519897
Soil/train/675.png,0.02503088489174843,0.4157995581626892
Soil/train/340.png,0.13225670158863068,0.1850830763578415
Soil/train/48.png,0.11668296903371811,0.3759857416152954
Soil/train/513.png,0.037737611681222916,0.26957547664642334
Soil/train/677.png,0.010053690522909164,0.020045936107635498
Soil/train/350.png,0.03449968248605728,0.11808235198259354
Soil/train/761.png,0.018700173124670982,0.21942126750946045
Soil/train/314.png,0.07458116114139557,0.20050977170467377
Soil/train/302 (1).png,0.03958291560411453,0.2304782271385193
Soil/train/655.png,-0.014860643073916435,0.3194598853588104
Soil/train/227.png,0.017227254807949066,0.3372255563735962
Soil/train/762.png,0.03251562640070915,0.0884273499250412
Soil/train/726.png,0.048967525362968445,0.2154102623462677
Soil/train/238.png,0.04807300865650177,0.10679388791322708
Soil/train/61.png,-0.11279162019491196,0.5184437036514282
Soil/train/377.png,0.008749041706323624,0.03344080597162247
Soil/train/581.png,-0.020205847918987274,0.35668057203292847
Soil/train/222.png,0.028260450810194016,0.2668986916542053
Soil/train/330.png,0.10441798716783524,0.2500479817390442
Soil/train/511.png,-0.04085858538746834,0.12396110594272614
Soil/train/579.png,-0.07904266566038132,0.12857718765735626
Soil/train/278.png,0.031767770648002625,0.25535422563552856
Soil/train/303.png,0.0079185226932168,0.10491637885570526
Soil/train/37.png,-0.021905988454818726,0.08996638655662537
Soil/train/231.png,0.010242298245429993,0.29428040981292725
Soil/train/645.png,0.020737119019031525,0.16422465443611145
Soil/train/348.png,0.2067292034626007,0.4665157198905945
Soil/train/449.png,0.0712360367178917,0.23818567395210266
Soil/train/353.png,0.01679639331996441,0.0968104749917984
Soil/train/621.png,0.016334041953086853,0.06084252893924713
Soil/train/148.png,0.018674707040190697,0.21476306021213531
Soil/train/403.png,-0.3050432503223419,0.4593755900859833
Soil/train/352.png,0.09001699090003967,0.15250559151172638
Soil/train/35.png,0.07436526566743851,0.1237129494547844
Soil/train/232.png,-0.026949502527713776,0.1972968876361847
Soil/train/334.png,0.014693186618387699,0.053362686187028885
Soil/train/177.png,0.030279003083705902,0.15972267091274261
Soil/train/142.png,0.012487165629863739,0.03480818122625351
Soil/train/754.png,-0.2604254484176636,0.44563111662864685
Soil/train/407.png,0.09427806735038757,0.15614309906959534
Soil/train/104.png,-0.02150817960500717,0.3476446270942688
Soil/train/384.png,0.007532241754233837,0.10798655450344086
Soil/train/376.png,0.05421021580696106,0.28168827295303345
Soil/train/543.png,-0.011220446787774563,0.22678624093532562
Soil/train/737.png,-0.027205677703022957,0.19052833318710327
Soil/train/133.png,0.012444859370589256,0.07668208330869675
Soil/train/70.png,0.012740571051836014,0.22568194568157196
Soil/train/162.png,0.03870714455842972,0.1408899426460266
Soil/train/419.png,-0.013172494247555733,0.3319157660007477
Soil/train/517.png,0.08605252951383591,0.4382515847682953
Soil/train/398.png,0.12073761224746704,0.410589337348938
Soil/train/634.png,0.004334043711423874,0.09365042299032211
Soil/train/186.png,0.1828330010175705,0.37044310569763184
Soil/train/778.png,-0.1472245752811432,0.4064328968524933
Soil/train/73.png,-0.026772741228342056,0.15669316053390503
Soil/train/92.png,0.022903136909008026,0.10172467678785324
Soil/train/542.png,0.03314472734928131,0.06510555744171143
Soil/train/766.png,0.14949923753738403,0.4372827112674713
Soil/train/315.png,0.11245980858802795,0.3938886523246765
Soil/train/436.png,0.043640442192554474,0.25050628185272217
Soil/train/359.png,-0.10864570736885071,0.5637826919555664
Soil/train/261.png,-0.04783029109239578,0.50053870677948
Soil/train/293 (1).png,0.12157562375068665,0.3613848090171814
Soil/train/599 (1).png,0.009610515087842941,0.10507623106241226
Soil/train/153.png,0.1130269467830658,0.23624078929424286
Soil/train/167.png,0.11456916481256485,0.35491910576820374
Soil/train/628.png,-0.2786458134651184,0.5208754539489746
Soil/train/506.png,0.02251278981566429,0.03945128992199898
Soil/train/441.png,0.045743510127067566,0.19143255054950714
Soil/train/562.png,-0.01711956039071083,0.456190824508667
Soil/train/681.png,0.03256366774439812,0.07756924629211426
Soil/train/204.png,-0.005460795015096664,0.42252930998802185
Soil/train/646.png,0.033621594309806824,0.27894002199172974
Soil/train/75.png,-0.19502143561840057,0.591456413269043
Soil/train/296.png,0.0947541743516922,0.267017662525177
Soil/train/744.png,0.009669494815170765,0.033336907625198364
Soil/train/538.png,0.006540970411151648,0.14588090777397156
Soil/train/651.png,0.007822414860129356,0.026634223759174347
Soil/train/270.png,0.08327934145927429,0.21681872010231018
Soil/train/89.png,0.011854216456413269,0.09949393570423126
Soil/train/385.png,0.061483267694711685,0.13368332386016846
Soil/train/768.png,-0.10877836495637894,0.6128163933753967
Soil/train/338.png,0.13262097537517548,0.35321056842803955
Soil/train/333.png,0.059211816638708115,0.1385735124349594
Soil/train/164.png,0.04483460634946823,0.23888152837753296
Soil/train/752.png,0.14086182415485382,0.43101245164871216
Soil/train/550.png,-0.10805671662092209,0.4526031017303467
Soil/train/521.png,0.05113008990883827,0.17844069004058838
Soil/train/11.png,0.14021310210227966,0.2313048243522644
Soil/train/615.png,0.05139802396297455,0.16328276693820953
Soil/train/416.png,0.10174718499183655,0.30404573678970337
Soil/train/605.png,0.04828982800245285,0.34939926862716675
Soil/train/707.png,0.17104429006576538,0.5005773305892944
Soil/train/351.png,-0.062294911593198776,0.4511393904685974
Soil/train/438 (1).png,0.04546614736318588,0.08853370696306229
Soil/train/213.png,0.012245742604136467,0.1742725670337677
Soil/train/411.png,0.03882024437189102,0.17225490510463715
Soil/train/505.png,-0.06600245833396912,0.5916769504547119
Soil/train/114.png,0.032656196504831314,0.07088673114776611
Soil/train/302.png,0.03958291560411453,0.2304782271385193
Soil/train/185.png,0.025975901633501053,0.08938971906900406
Soil/train/240.png,0.01762346364557743,0.4064851701259613
Soil/train/317.png,0.0916900560259819,0.43347683548927307
Soil/train/281.png,0.02982722409069538,0.04864341765642166
Soil/train/344.png,0.009732943028211594,0.22586587071418762
Soil/train/447 (2).png,0.022017929702997208,0.042722634971141815
Soil/train/225 (1).png,0.04920899122953415,0.19621647894382477
Soil/train/457.png,0.04806601256132126,0.16542063653469086
Soil/train/493.png,0.015414079651236534,0.028907667845487595
Soil/train/759.png,-0.020420093089342117,0.40547314286231995
Soil/train/362.png,0.010739076882600784,0.24356138706207275
Soil/train/176.png,0.05168473720550537,0.13935323059558868
Soil/train/660.png,0.04378646984696388,0.14718717336654663
Soil/train/727.png,0.24835903942584991,0.5044244527816772
Soil/train/95.png,0.0168650783598423,0.03832845389842987
Soil/train/432.png,0.05271163210272789,0.15031372010707855
Soil/train/97.png,0.058960892260074615,0.08798375725746155
Soil/train/124.png,0.01449194923043251,0.04885469749569893
Soil/train/119.png,-0.060367293655872345,0.29207533597946167
Soil/train/256.png,-0.21102139353752136,0.3779469132423401
Soil/train/791.png,0.06947362422943115,0.3048475384712219
Soil/train/654.png,-0.056733667850494385,0.4111681580543518
Soil/train/100.png,0.04017568379640579,0.0983818918466568
Soil/train/211.png,0.08496473729610443,0.28245821595191956
Soil/train/500.png,-0.16772696375846863,0.4868442714214325
Soil/train/322.png,0.006849282421171665,0.08764666318893433
Soil/train/76.png,-0.1091204583644867,0.2722263038158417
Soil/train/193.png,-0.016177743673324585,0.23357358574867249
Soil/train/608.png,0.09183713793754578,0.2635768949985504
Soil/train/191.png,0.07822072505950928,0.21198517084121704
Soil/train/420.png,0.05981682240962982,0.08669652044773102
Soil/train/528.png,0.00913800299167633,0.045165035873651505
Soil/train/163.png,-0.0923939123749733,0.5251172780990601
Soil/train/31.png,-0.02307022176682949,0.07981812953948975
Soil/train/441 (2).png,0.045743510127067566,0.19143255054950714
Soil/train/623.png,0.04649464040994644,0.15161125361919403
Soil/train/642.png,0.008520366623997688,0.02309337630867958
Soil/train/138.png,-0.18237189948558807,0.32734501361846924
Soil/train/629.png,-0.01431136205792427,0.2362689971923828
Soil/train/396.png,0.07315322756767273,0.15263505280017853
Soil/train/4.png,0.015617208555340767,0.1701200157403946
Soil/train/796.png,0.028965018689632416,0.15536236763000488
Soil/train/225.png,0.04920899122953415,0.19621647894382477
Soil/train/561.png,-0.2975749373435974,0.6174710392951965
Soil/train/588.png,0.06349073350429535,0.14932781457901
Soil/train/600 (1).png,-0.16115383803844452,0.4233100414276123
Soil/train/492.png,0.14564985036849976,0.5289593935012817
Soil/train/669.png,0.12081846594810486,0.3968651294708252
Soil/train/192.png,0.01867663860321045,0.2865844964981079
Soil/train/43.png,0.047218479216098785,0.20054008066654205
Soil/train/229.png,-0.01234886609017849,0.3721255660057068
Soil/train/635.png,0.020181074738502502,0.4948728382587433
Soil/train/129.png,0.029485885053873062,0.1508483588695526
Soil/train/331.png,-0.060466691851615906,0.34012681245803833
Soil/train/313.png,0.06004263460636139,0.40774840116500854
Soil/train/672.png,0.0033304535318166018,0.4188038110733032
Soil/train/580.png,0.04086184501647949,0.3259696364402771
Soil/train/345.png,0.035751666873693466,0.5067282915115356
Soil/train/171.png,0.0009310435852967203,0.026382267475128174
Soil/train/682.png,-0.1892039179801941,0.5588421821594238
Soil/train/287.png,0.15198983252048492,0.3558926284313202
Soil/train/324.png,-0.08302778005599976,0.31275853514671326
Soil/train/145.png,-0.05494893714785576,0.15659590065479279
Soil/train/492 (1).png,0.14564985036849976,0.5289593935012817
Soil/train/40.png,0.08341682702302933,0.16066105663776398
Soil/train/209.png,0.06985656917095184,0.5000009536743164
Soil/train/197.png,-0.11403007805347443,0.6865705251693726
Soil/train/445.png,0.016351040452718735,0.29671546816825867
Soil/train/575.png,0.024071108549833298,0.4436768889427185
Soil/train/311.png,0.00012361485278233886,0.06913616508245468
Soil/train/33.png,-0.041292883455753326,0.20870330929756165
Soil/train/126.png,-0.017243456095457077,0.40619194507598877
Soil/train/147.png,-0.032154884189367294,0.3845488429069519
Soil/train/688.png,-0.10764791071414948,0.38599252700805664
Soil/train/468.png,0.10745901614427567,0.3728112578392029
Soil/train/326.png,0.0005580493016168475,0.03377162665128708
Soil/train/357.png,0.13323575258255005,0.49339422583580017
Soil/train/485 (1).png,0.08712523430585861,0.5352681279182434
Soil/train/85.png,0.05629967153072357,0.09760469198226929
Soil/train/9.png,-0.031265586614608765,0.06293118000030518
Soil/train/604.png,-0.03455784171819687,0.4443405866622925
Soil/train/102.png,0.08522056043148041,0.1632799506187439
Soil/train/6 (1).png,-0.16165676712989807,0.38860201835632324
Soil/train/254.png,-0.035142675042152405,0.34682944416999817
Soil/train/673.png,0.06859033554792404,0.1961841881275177
Soil/train/245.png,0.06267566233873367,0.1547275185585022
Soil/train/658.png,0.009792863391339779,0.31024035811424255
Soil/train/431.png,0.11045140027999878,0.14280803501605988
Soil/train/465.png,0.008263804018497467,0.12766888737678528
Soil/train/647.png,0.08129899948835373,0.34767159819602966
Soil/train/466.png,0.0013893770519644022,0.27492108941078186
Soil/train/689.png,0.010885670781135559,0.07348789274692535
Soil/train/168.png,-0.13311085104942322,0.642987072467804
Soil/train/233.png,-0.18295612931251526,0.2692658305168152
Soil/train/200.png,-0.07937752455472946,0.35698366165161133
Soil/train/743.png,0.03233570605516434,0.35862693190574646
Soil/train/255.png,0.02311680093407631,0.039381641894578934
Soil/train/713.png,0.060106102377176285,0.2916043996810913
Soil/train/284.png,0.06956696510314941,0.3623913526535034
Soil/train/546.png,0.014402727596461773,0.1098935604095459
Soil/train/56.png,0.013778169639408588,0.39579886198043823
Soil/train/515.png,0.07379060983657837,0.19125528633594513
Soil/train/578.png,-0.026100803166627884,0.5303465127944946
Soil/train/116.png,-0.10195028781890869,0.7245067358016968
Soil/train/547.png,-0.08018983155488968,0.12942013144493103
Soil/train/555.png,-0.0745624452829361,0.3864434063434601
Soil/train/533.png,0.008062183856964111,0.1436309814453125
Soil/train/520.png,0.097865991294384,0.26356151700019836
Soil/train/233 (1).png,-0.18295612931251526,0.2692658305168152
Soil/train/299.png,0.027688421308994293,0.10770832002162933
Soil/train/297 (1).png,0.016400832682847977,0.14340204000473022
Soil/train/488.png,0.04771255701780319,0.22962480783462524
Soil/train/80.png,0.10627025365829468,0.3000858724117279
Soil/train/698.png,0.14248907566070557,0.29166296124458313
Soil/train/55.png,0.11988691985607147,0.4712464213371277
Soil/train/378.png,0.15606537461280823,0.41069290041923523
Soil/train/280.png,0.030239813029766083,0.2510029673576355
Soil/train/130.png,0.10198014974594116,0.2767055630683899
Soil/train/592.png,-0.10876914858818054,0.4025003910064697
Soil/train/586.png,0.014580635353922844,0.2473466843366623
Soil/train/522.png,-0.16030552983283997,0.5449727773666382
Soil/train/291.png,0.027639608830213547,0.13710185885429382
Soil/train/443.png,0.023132720962166786,0.07236030697822571
Soil/train/226 (1).png,0.002243019174784422,0.31529390811920166
Soil/train/50.png,-0.019724193960428238,0.0847606509923935
Soil/train/288.png,-0.055228687822818756,0.2762371897697449
Soil/train/307.png,0.024703562259674072,0.26313185691833496
Soil/train/218.png,0.012705415487289429,0.19771651923656464
Soil/train/589.png,0.012471023947000504,0.04012070968747139
Soil/train/607.png,-0.010895971208810806,0.1299753487110138
Soil/train/405.png,0.027272280305624008,0.12471416592597961
Soil/train/779.png,0.10574710369110107,0.33178097009658813
Soil/train/199.png,0.08744595944881439,0.42213571071624756
Soil/train/112.png,0.024898028001189232,0.13095295429229736
Soil/train/755.png,0.022582538425922394,0.10158400982618332
Soil/train/763.png,-0.10800124704837799,0.5259499549865723
Soil/train/788.png,-0.02638632245361805,0.05506763607263565
Soil/train/501.png,0.0037619408685714006,0.1788046956062317
Soil/train/723.png,-0.01945510134100914,0.2462913691997528
Soil/train/444 (1).png,0.11329121887683868,0.19867195188999176
Soil/train/602 (1).png,0.020430754870176315,0.03978447988629341
Soil/train/49.png,-0.19125358760356903,0.5453821420669556
Soil/train/327.png,0.044106896966695786,0.558570146560669
Soil/train/599.png,0.009610515087842941,0.10507623106241226
Soil/train/223 (1).png,0.10394877940416336,0.2545885443687439
Soil/train/747.png,0.09301874041557312,0.4690205156803131
Soil/train/552.png,0.048173364251852036,0.10105257481336594
Soil/train/268.png,-0.04076838493347168,0.22857746481895447
Soil/train/775.png,-0.05087112635374069,0.3188644349575043
Soil/train/93.png,-0.16314755380153656,0.5508558750152588
Soil/train/395.png,0.019666923210024834,0.03178763389587402
Soil/train/150.png,-0.049735527485609055,0.14902006089687347
Soil/train/705.png,-0.04298107326030731,0.42439520359039307
Soil/train/774.png,-0.14351916313171387,0.18938490748405457
Soil/train/113.png,0.08255760371685028,0.13834770023822784
Soil/train/741.png,0.09581553936004639,0.3949772119522095
Soil/train/628 (1).png,-0.2786458134651184,0.5208754539489746
Soil/train/332.png,0.14985379576683044,0.2446589469909668
Soil/train/59.png,-0.09146050363779068,0.33843567967414856
Soil/train/674.png,-0.0011834593024104834,0.12851601839065552
Soil/train/316.png,-0.14397981762886047,0.3543160557746887
Soil/train/785.png,-0.06023190915584564,0.32581526041030884
Soil/train/434.png,0.046893440186977386,0.43649882078170776
Soil/train/169.png,0.028903141617774963,0.044961534440517426
Soil/train/439 (2).png,0.08557441830635071,0.24258112907409668
Soil/train/529.png,0.03609393909573555,0.06041286140680313
Soil/train/301.png,0.037850458174943924,0.10372322052717209
Soil/train/289.png,-0.08906568586826324,0.3475887179374695
Soil/train/170.png,-0.02961629629135132,0.29191458225250244
Soil/train/194.png,0.035983335226774216,0.22459520399570465
Soil/train/136.png,-0.02129625901579857,0.31142458319664
Soil/train/198.png,0.03671800717711449,0.11860150098800659
Soil/train/724.png,0.02672797441482544,0.07524427026510239
Soil/train/683.png,0.00927747879177332,0.4116792678833008
Soil/train/640.png,-0.14967676997184753,0.3737640082836151
Soil/train/401.png,0.08487449586391449,0.2101624310016632
Soil/train/14.png,0.013974071480333805,0.1255107969045639
Soil/train/65.png,0.03168148547410965,0.1975502371788025
Soil/train/161.png,-0.010515791364014149,0.1915375292301178
Soil/train/371.png,0.059016153216362,0.2586190104484558
Soil/train/784.png,0.02046084962785244,0.3054831027984619
Soil/train/1.png,-0.05582320690155029,0.204557865858078
Soil/train/706.png,0.019129594787955284,0.574497401714325
Soil/train/293.png,0.12157562375068665,0.3613848090171814
Soil/train/576.png,0.06292829662561417,0.6324098110198975
Soil/train/798.png,0.08476364612579346,0.5450425148010254
Soil/train/574.png,0.04651830345392227,0.328413188457489
Soil/train/701.png,0.018644563853740692,0.02457919530570507
Soil/train/367.png,0.09305685013532639,0.18574398756027222
Soil/train/484.png,0.05465388298034668,0.16169516742229462
Soil/train/325.png,0.06703148037195206,0.47296786308288574
Soil/train/608 (1).png,0.09183713793754578,0.2635768949985504
Soil/train/108.png,0.014947082847356796,0.11721616983413696
Soil/train/228 (1).png,0.01654023304581642,0.17606306076049805
Soil/train/39.png,-0.033417269587516785,0.6992439031600952
Soil/train/360.png,0.09080228209495544,0.32635605335235596
Soil/train/748.png,0.029618825763463974,0.11460432410240173
Soil/train/458.png,0.036062248051166534,0.3402227461338043
Soil/train/380.png,0.055038951337337494,0.13917675614356995
Soil/train/610.png,0.043584682047367096,0.15760675072669983
Soil/train/446.png,-0.08289892971515656,0.6476073265075684
Soil/train/132.png,0.0918755829334259,0.4018244445323944
Soil/train/30 (1).png,0.03944966942071915,0.1571527123451233
Soil/train/424.png,0.04520463943481445,0.05968676134943962
Soil/train/781.png,0.019660575315356255,0.042222656309604645
Soil/train/227 (1).png,0.017227254807949066,0.3372255563735962
Soil/train/715.png,0.018763169646263123,0.13880589604377747
Soil/train/386.png,-0.0739302933216095,0.030354347079992294
Soil/train/549.png,0.026699580252170563,0.04941035807132721
Soil/train/433.png,0.04650024324655533,0.32060760259628296
Soil/train/234 (1).png,-0.031202631071209908,0.09872454404830933
Soil/train/156.png,0.018831457942724228,0.032907698303461075
Soil/train/370.png,-0.002576593542471528,0.4364756941795349
Soil/train/767.png,-0.01589163765311241,0.18957814574241638
Soil/train/777.png,-0.072417713701725,0.4560661315917969
Soil/train/319.png,-0.2188854068517685,0.2869579792022705
Soil/train/696.png,0.07973779737949371,0.3108657896518707
Soil/train/609.png,0.016638193279504776,0.3419356942176819
Soil/train/107.png,-0.010154676623642445,0.31523656845092773
Soil/train/790.png,0.01774158701300621,0.13260234892368317
Soil/train/372.png,0.011958586052060127,0.17386770248413086
Soil/train/90.png,-0.0739172026515007,0.17915375530719757
Soil/train/262.png,0.12639382481575012,0.18358689546585083
Soil/train/364.png,0.012854775413870811,0.26643720269203186
Soil/train/215.png,0.16022896766662598,0.5440383553504944
Soil/train/769.png,-0.16945087909698486,0.39891302585601807
Soil/train/414.png,-0.044677916914224625,0.5394974946975708
Soil/train/614.png,0.0841979905962944,0.29462671279907227
Soil/train/439.png,0.08557441830635071,0.24258112907409668
Soil/train/20.png,0.0193402748554945,0.11778093874454498
Soil/train/181.png,0.005527349654585123,0.20361845195293427
Soil/train/471.png,0.004604929592460394,0.015521221794188023
Soil/train/83.png,-0.042896468192338943,0.12114331126213074
Soil/train/220 (1).png,-0.08751983940601349,0.28589755296707153
Soil/train/412.png,0.07440441846847534,0.42149031162261963
Soil/train/597.png,-0.20260825753211975,0.5096276998519897
Soil/train/467.png,-0.1289069652557373,0.00736568309366703
Soil/train/473.png,-0.10961747914552689,0.3158716857433319
Soil/train/587.png,0.17462700605392456,0.46867093443870544
Soil/train/426.png,0.01564987562596798,0.2434467375278473
Soil/train/770.png,0.032581232488155365,0.07466492056846619
Soil/train/731.png,-0.11259409785270691,0.3178887367248535
Soil/train/389.png,0.03091476857662201,0.11644105613231659
Soil/train/691.png,0.07017363607883453,0.3046504259109497
Soil/train/38.png,0.10020388662815094,0.14686985313892365
Soil/train/151.png,0.05555512756109238,0.2110692411661148
Soil/train/2.png,0.020542319864034653,0.07159076631069183
Soil/train/530.png,0.12571315467357635,0.24712464213371277
Soil/train/349.png,0.07983363419771194,0.31187960505485535
Soil/train/702.png,0.09682327508926392,0.3048020899295807
Soil/train/335.png,0.15397489070892334,0.3692420721054077
Soil/train/223.png,0.10394877940416336,0.2545885443687439
Soil/train/272.png,0.0097131272777915,0.4025137424468994
Soil/train/447 (1).png,0.022017929702997208,0.042722634971141815
Soil/train/10.png,-0.007160893175750971,0.4954315423965454
Soil/train/598.png,-0.04270745441317558,0.1887248307466507
Soil/train/82.png,0.041147563606500626,0.15113234519958496
Soil/train/304 (1).png,-0.20234450697898865,0.5198041200637817
Soil/train/495 (1).png,-0.0675475001335144,0.27077382802963257
Soil/train/460.png,0.11871398985385895,0.6135427951812744
Soil/train/242.png,0.17339220643043518,0.5324999094009399
Soil/train/404.png,0.011187214404344559,0.01959177292883396
Soil/train/251.png,0.013211188837885857,0.024237172678112984
Soil/train/174.png,-0.002420267555862665,0.2100694179534912
Soil/train/250.png,0.022341879084706306,0.4504469037055969
Soil/train/440.png,-0.058583907783031464,0.15744400024414062
Soil/train/131.png,-0.04797389358282089,0.20268672704696655
Soil/train/397.png,0.03565281629562378,0.08987361192703247
Soil/train/36.png,-0.36761337518692017,0.4500739574432373
Soil/train/157.png,0.0013369012158364058,0.11418723315000534
Soil/train/182.png,-0.01660858280956745,0.24294140934944153
Soil/train/143.png,0.024279916658997536,0.2513684332370758
Soil/train/221.png,-0.01341487467288971,0.2733636498451233
Soil/train/746.png,0.014368824660778046,0.029372699558734894
Soil/train/387.png,-0.05205247923731804,0.13404694199562073
Soil/train/383.png,-0.1247517317533493,0.19496876001358032
Soil/train/570.png,-0.0044097681529819965,0.025710273534059525
Soil/train/700.png,0.028272166848182678,0.14383995532989502
Soil/train/208.png,0.012367008253932,0.16851824522018433
Soil/train/152.png,0.1113605722784996,0.19972559809684753
Soil/train/137.png,0.11754922568798065,0.31251755356788635
Soil/train/556.png,-0.03065529651939869,0.12255145609378815
Soil/train/312.png,0.09807060658931732,0.23335450887680054
Soil/train/81.png,-0.009619958698749542,0.5443841218948364
Soil/train/45 (1).png,-0.055606503039598465,0.07289350777864456
Soil/train/239.png,0.1384688913822174,0.5161386132240295
Soil/train/66.png,0.09212860465049744,0.6324145793914795
Soil/train/58.png,0.029843125492334366,0.23380517959594727
Soil/train/661.png,-0.07578230649232864,0.23752422630786896
Soil/train/453.png,0.09569424390792847,0.19769448041915894
Soil/train/439 (1).png,0.08557441830635071,0.24258112907409668
Soil/train/417.png,0.014999053440988064,0.6195048093795776
Soil/train/483.png,0.08699338138103485,0.23764322698116302
Soil/train/764.png,0.008564157411456108,0.029185114428400993
Soil/train/732.png,0.06334908306598663,0.422721266746521
Soil/train/214.png,-0.052584901452064514,0.3130110204219818
Soil/train/122.png,-0.07177664339542389,0.2565247118473053
Soil/train/392.png,0.16397038102149963,0.474506139755249
Soil/train/639.png,0.08252580463886261,0.26575082540512085
Soil/train/4 (1).png,0.015617208555340767,0.1701200157403946
Soil/train/684.png,0.02984795905649662,0.2435404658317566
Soil/train/712.png,0.08359552919864655,0.2610611617565155
Soil/train/735.png,0.02508818358182907,0.05906214565038681
Soil/train/734.png,0.02170553244650364,0.03531261533498764
Soil/train/722.png,0.03292636573314667,0.04562927410006523
Soil/train/339.png,0.06124942749738693,0.17038214206695557
Soil/train/276.png,0.11335326731204987,0.25261378288269043
Soil/train/187.png,0.14611738920211792,0.3599033057689667
Soil/train/294 (1).png,0.011710349470376968,0.11009718477725983
Soil/train/106.png,-0.12748780846595764,0.16511622071266174
Soil/train/585.png,0.039377883076667786,0.1218341588973999
Soil/train/336.png,-0.027330808341503143,0.24125179648399353
Soil/train/279.png,0.026676960289478302,0.14815093576908112
Soil/train/577.png,0.09198103845119476,0.29029786586761475
Soil/train/356.png,-0.11441992223262787,0.39742743968963623
Soil/train/117.png,-0.05263315886259079,0.1973310112953186
Soil/train/220.png,-0.08751983940601349,0.28589755296707153
Soil/train/391.png,0.11496264487504959,0.20549868047237396
Soil/train/277.png,0.039001546800136566,0.2123202085494995
Soil/train/617.png,0.1011173278093338,0.3924851417541504
Soil/train/584.png,0.12016131728887558,0.35665810108184814
Soil/train/300.png,-0.01232216041535139,0.21269209682941437
Soil/train/667.png,0.008161233738064766,0.015081695280969143
Soil/train/425.png,0.0304475799202919,0.2557305693626404
Soil/train/244.png,-0.012042606249451637,0.6112840175628662
Soil/train/329.png,0.12152232229709625,0.2540234923362732
Soil/train/282.png,-0.048734329640865326,0.27099424600601196
Soil/train/263.png,0.03580113500356674,0.13256680965423584
Soil/train/354.png,-0.017099926248192787,0.11203102767467499
Soil/train/650.png,0.1730334460735321,0.4965004026889801
Soil/train/629 (1).png,-0.01431136205792427,0.2362689971923828
Soil/train/166.png,0.20589704811573029,0.47663670778274536
Soil/train/594.png,0.028092531487345695,0.06550831347703934
Soil/train/582.png,0.07836827635765076,0.3084232807159424
Soil/train/680.png,0.049297597259283066,0.40466102957725525
Soil/train/320.png,-0.02204199880361557,0.34683048725128174
Soil/train/231 (1).png,0.010242298245429993,0.29428040981292725
Soil/train/437.png,0.021943923085927963,0.0870201513171196
Soil/train/572.png,0.030815262347459793,0.04121222347021103
Soil/train/601 (1).png,-0.05486924946308136,0.07264643162488937
Soil/train/222 (1).png,0.028260450810194016,0.2668986916542053
Soil/train/18.png,0.03916504606604576,0.3812485635280609
Soil/train/63.png,-0.0334031917154789,0.1221921294927597
Soil/train/455.png,-0.02452295459806919,0.10909655690193176
Soil/train/435.png,0.020458165556192398,0.06735105812549591
Soil/train/294.png,0.011710349470376968,0.11009718477725983
Soil/train/534.png,-0.06686052680015564,0.03973067179322243
Soil/train/745.png,0.0496424101293087,0.4169318675994873
Soil/train/264.png,-0.23982709646224976,0.15447285771369934
Soil/train/21.png,0.006149688735604286,0.20713557302951813
Soil/train/495.png,-0.0675475001335144,0.27077382802963257
Soil/train/12.png,-0.1357070356607437,0.5814263820648193
Soil/train/739.png,0.10778306424617767,0.3990698456764221
Soil/train/514.png,0.02439073473215103,0.050377149134874344
Soil/train/616.png,0.09258206188678741,0.2446153461933136
Soil/train/720.png,0.013289445079863071,0.06337735056877136
Soil/train/792.png,0.018437035381793976,0.39106714725494385
Soil/train/98.png,0.024984363466501236,0.49753686785697937
Soil/train/524.png,0.0392230749130249,0.06472386419773102
Soil/train/127.png,0.016263552010059357,0.04846591874957085
Soil/train/666.png,-0.07176515460014343,0.2667126953601837
Soil/train/34 (1).png,0.0019230489851906896,0.12972941994667053
Soil/train/415.png,-0.010000472888350487,0.26697176694869995
Soil/train/553.png,0.02683304436504841,0.060340702533721924
Soil/train/219.png,0.07827981561422348,0.37314486503601074
Soil/train/184.png,0.21284915506839752,0.4335440397262573
Soil/train/782.png,0.03123663179576397,0.4430670142173767
Soil/train/757.png,0.08797641098499298,0.35853689908981323
Soil/train/795.png,0.07826442271471024,0.41516441106796265
Soil/train/627.png,0.04354940354824066,0.15434947609901428
Soil/train/751.png,0.03569822758436203,0.11040304601192474
Soil/train/510.png,-0.07181242853403091,0.35911062359809875
Soil/train/28.png,0.03326549008488655,0.27823811769485474
Soil/train/190.png,-0.0359637588262558,0.5326473712921143
Soil/train/490.png,-0.01048037875443697,0.10538794100284576
Soil/train/440 (1).png,-0.058583907783031464,0.15744400024414062
Soil/train/165.png,0.024005524814128876,0.12665888667106628
Soil/train/402.png,0.050692614167928696,0.21177443861961365
Soil/train/464.png,0.16323447227478027,0.2787798047065735
Soil/train/22.png,-0.20097360014915466,0.030132420361042023
Soil/train/202.png,0.05173506587743759,0.5551959276199341
Soil/train/247.png,-0.11148001253604889,0.4377572238445282
Soil/train/368.png,0.12233587354421616,0.2833392024040222
Soil/train/758.png,-0.09068282693624496,0.3528367280960083
Soil/train/469.png,0.025999274104833603,0.1880904734134674
Soil/train/602.png,0.020430754870176315,0.03978447988629341
Soil/train/799.png,0.11681151390075684,0.21916557848453522
Soil/train/476.png,0.18426039814949036,0.602891206741333
Soil/train/481.png,0.022543955594301224,0.08164940774440765
Soil/train/559.png,0.09326370060443878,0.32712462544441223
Soil/train/447.png,0.022017929702997208,0.042722634971141815
Soil/train/625.png,-0.09329640120267868,0.211544468998909
Soil/train/742.png,0.022009365260601044,0.15917405486106873
Soil/train/67.png,0.08480563014745712,0.23639562726020813
Soil/train/96.png,0.001464656786993146,0.08322740346193314
Soil/train/243.png,0.007476037833839655,0.03982517495751381
Soil/train/502.png,0.008200583979487419,0.21142593026161194
Soil/train/60 (1).png,0.022132528945803642,0.08044465631246567
Soil/train/603.png,0.04335080832242966,0.07899971306324005
Soil/train/34.png,0.0019230489851906896,0.12972941994667053
Soil/train/509.png,0.13521456718444824,0.249775230884552
Soil/train/690.png,0.011607842519879341,0.16940121352672577
Soil/train/41.png,-0.0738750547170639,0.23853367567062378
Soil/train/733.png,-0.061497464776039124,0.41474655270576477
Soil/train/159.png,-0.041663434356451035,0.29442787170410156
Soil/train/662.png,0.027526142075657845,0.11395707726478577
Soil/train/221 (1).png,-0.01341487467288971,0.2733636498451233
Soil/train/563.png,0.011136701330542564,0.3958962559700012
Soil/train/551.png,0.05087006837129593,0.1836044043302536
Soil/train/685.png,0.03569024056196213,0.09335549175739288
Soil/train/554.png,0.0635187029838562,0.2622412443161011
Soil/train/756.png,-0.008769074454903603,0.34846368432044983
Soil/train/596.png,0.04010719805955887,0.26430416107177734
Soil/train/246.png,0.11684451997280121,0.46174517273902893
Soil/train/195.png,0.2194407880306244,0.5209817290306091
Soil/train/105.png,0.0808713287115097,0.19269868731498718
Soil/train/479.png,0.10230663418769836,0.3818679451942444
Soil/train/612.png,0.06437166035175323,0.31507542729377747
Soil/train/125.png,-0.19396504759788513,0.45214760303497314
Soil/train/121.png,-0.03807173669338226,0.19123774766921997
Soil/train/318.png,0.07419025897979736,0.35066691040992737
Soil/train/216.png,0.1761021912097931,0.5188713073730469
Soil/train/656.png,-0.24385324120521545,0.14799705147743225
Soil/train/337.png,0.07976683974266052,0.3497251272201538
Soil/train/69.png,-0.11809363961219788,0.6025691628456116
Soil/train/146.png,0.0050337789580225945,0.02190076746046543
Soil/train/224 (1).png,-0.024033064022660255,0.29109758138656616
Soil/train/154.png,-0.13239380717277527,0.20843404531478882
Soil/train/637.png,0.042542893439531326,0.15005770325660706
Soil/train/444 (2).png,0.11329121887683868,0.19867195188999176
Soil/train/267.png,-0.07327019423246384,0.43156129121780396
Soil/train/7.png,0.24350708723068237,0.5044523477554321
Soil/train/663.png,0.016245007514953613,0.14933666586875916
Soil/train/374.png,0.02378229983150959,0.09513486921787262
Soil/train/366.png,-0.11093311011791229,0.13195224106311798
Soil/train/441 (1).png,0.045743510127067566,0.19143255054950714
Soil/train/241.png,0.04262038692831993,0.18278895318508148
Soil/train/61 (1).png,-0.11279162019491196,0.5184437036514282
Soil/train/188.png,0.06966991722583771,0.24584636092185974
Soil/train/716.png,0.022677356377243996,0.0963994562625885
Soil/train/86.png,-0.08726020902395248,0.4605295956134796
Soil/train/776.png,0.029021941125392914,0.11100439727306366
Soil/train/258.png,0.058130376040935516,0.24046537280082703
Soil/train/77.png,0.07467719167470932,0.2884936034679413
Soil/train/606 (1).png,-0.04436845704913139,0.15810588002204895
Soil/train/440 (2).png,-0.058583907783031464,0.15744400024414062
Soil/train/498.png,0.014836862683296204,0.29285621643066406
Soil/train/290.png,0.0027555800043046474,0.008408986032009125
Soil/train/29.png,0.06303169578313828,0.23846320807933807
Soil/train/265.png,-0.02731087990105152,0.19078639149665833
Soil/train/638.png,-0.019775502383708954,0.05919985473155975
Soil/train/103.png,-0.11515986919403076,0.5359989404678345
Soil/train/632.png,0.06440342962741852,0.13906164467334747
Soil/train/72.png,-0.0547025091946125,0.20724579691886902
Soil/train/144.png,0.017352506518363953,0.08556857705116272
Soil/train/298.png,0.04710661992430687,0.11632618308067322
Soil/train/472.png,-0.033916328102350235,0.45275992155075073
Soil/train/503.png,-0.015115613117814064,0.2709277868270874
Soil/train/695.png,0.05400576442480087,0.2339940071105957
Soil/train/644.png,0.023980986326932907,0.04151107370853424
Soil/train/456.png,0.10464435815811157,0.24285268783569336
Soil/train/540.png,0.005924171768128872,0.26352429389953613
Soil/train/109.png,-0.07154376804828644,0.12366221845149994
Soil/train/496.png,-0.03325827419757843,0.12204837799072266
Soil/train/714.png,0.013893881812691689,0.2334492802619934
Soil/train/697.png,0.021223051473498344,0.16770198941230774
Soil/train/224.png,-0.024033064022660255,0.29109758138656616
Soil/train/361.png,0.13800634443759918,0.4289305806159973
Soil/train/753.png,-0.14126193523406982,0.31584906578063965
Soil/train/567.png,-0.0009145902586169541,0.3007626533508301
Soil/train/526.png,0.004082437604665756,0.11434747278690338
Soil/train/527.png,0.03647082671523094,0.06548497080802917
Soil/train/71.png,0.019577044993638992,0.31134939193725586
Soil/train/648.png,-0.0023284051567316055,0.21462610363960266
Soil/train/595.png,-0.20530451834201813,0.49674302339553833
Soil/train/573.png,0.03016943670809269,0.26104146242141724
Soil/train/74.png,0.031393591314554214,0.09954297542572021
Soil/train/653.png,0.009041553363204002,0.06529732048511505
Soil/train/525.png,-0.10261303186416626,0.35055527091026306
Soil/train/120.png,-0.013946215622127056,0.2535504698753357
Soil/train/630.png,-0.07753442227840424,0.3644070029258728
Soil/train/271.png,0.1562374085187912,0.32094675302505493
Soil/train/363.png,0.04427024722099304,0.3326560854911804
Soil/train/310.png,0.031102152541279793,0.11354568600654602
Soil/train/323.png,-0.000563277630135417,0.15495148301124573
Soil/train/118.png,0.024193711578845978,0.3424052596092224
Soil/train/772.png,0.049849942326545715,0.18866708874702454
Soil/train/670.png,-0.0035344017669558525,0.006937135476619005
Soil/train/393.png,0.0012002558214589953,0.3761478066444397
Soil/train/17.png,0.07975800335407257,0.11776481568813324
Soil/train/299 (1).png,0.027688421308994293,0.10770832002162933
Soil/train/53.png,0.08809806406497955,0.34569478034973145
Soil/train/266.png,0.016694724559783936,0.06945788860321045
Soil/train/486.png,0.030532855540513992,0.3158240020275116
Soil/train/657.png,-0.1174679771065712,0.39324623346328735
Soil/train/196.png,0.04208225756883621,0.12978717684745789
Soil/train/626.png,0.061511825770139694,0.3927590250968933
Soil/train/571.png,0.0945882797241211,0.393709659576416
Soil/train/179.png,-0.070687435567379,0.41750895977020264
Soil/train/178.png,0.08816574513912201,0.3101581633090973
Soil/train/160.png,0.10755045711994171,0.3689771890640259
Soil/train/671.png,0.016399815678596497,0.35662561655044556
Soil/train/140.png,-0.1934119462966919,0.46066099405288696
Soil/train/620.png,0.030222002416849136,0.08208512514829636
Soil/train/636.png,-0.022200755774974823,0.10267335176467896
Soil/train/736.png,-0.06115754321217537,0.2566327750682831
Soil/train/52.png,0.022086523473262787,0.03791750967502594
Soil/train/793.png,-0.015188665129244328,0.3784182369709015
Soil/train/5.png,0.01848285272717476,0.13699021935462952
Soil/train/139.png,-0.0008760361233726144,0.03561682254076004
Soil/train/3.png,0.07146856188774109,0.34815919399261475
Soil/train/38 (1).png,0.10020388662815094,0.14686985313892365
Soil/train/172.png,0.015203644521534443,0.10563433170318604
Soil/train/64.png,0.12982657551765442,0.40282875299453735
Soil/train/406.png,0.2147659957408905,0.4535951614379883
Soil/train/719.png,0.09371960163116455,0.4528900682926178
Soil/train/347.png,-0.18843823671340942,0.23360684514045715
Soil/train/665.png,-0.07978266477584839,0.4467628002166748
Soil/train/355.png,0.10395263135433197,0.4988667368888855
Soil/train/16.png,0.09676635265350342,0.24763226509094238
Soil/train/438.png,0.04546614736318588,0.08853370696306229
Soil/train/430.png,-0.005331738386303186,0.4189467430114746
Soil/train/800.png,0.05909404531121254,0.2540837526321411
Soil/train/545.png,0.060858242213726044,0.2346792221069336
Soil/train/409.png,-0.014710109680891037,0.22090208530426025
Soil/train/725.png,0.12322346121072769,0.26055654883384705
Soil/train/328.png,0.03225957602262497,0.1485634744167328
Soil/train/423.png,0.11954009532928467,0.19307741522789001
Soil/train/643.png,0.03817562013864517,0.2416056990623474
Soil/train/461.png,-0.01095866970717907,0.09005624055862427
Soil/train/375.png,-0.010063905268907547,0.012033532373607159
Soil/train/760.png,0.024414483457803726,0.07357683777809143
Soil/train/203.png,0.05473077669739723,0.37069305777549744
Soil/train/8.png,0.03461088985204697,0.4030165672302246
Soil/train/489.png,-0.10886095464229584,0.6184842586517334
Soil/train/45.png,-0.055606503039598465,0.07289350777864456
Soil/train/382.png,0.09710989147424698,0.23633456230163574
Soil/train/24.png,-0.1426224708557129,0.43828660249710083
Soil/train/548.png,-0.15717217326164246,0.4627937078475952
Soil/train/444.png,0.11329121887683868,0.19867195188999176
Soil/train/373.png,0.04552511125802994,0.27549105882644653
Soil/train/32.png,-0.016236182302236557,0.043558519333601
Soil/train/88.png,0.10784285515546799,0.335906982421875
Soil/train/463.png,0.02068358287215233,0.15554949641227722
Soil/train/649.png,0.14788386225700378,0.43526536226272583
Soil/train/624.png,-0.1326790750026703,0.3530435562133789
Soil/train/283.png,0.014814242720603943,0.02483983337879181
Soil/train/274.png,-0.1340295970439911,0.2332967221736908
Soil/train/115.png,-0.0034780751448124647,0.22092057764530182
Soil/train/749.png,0.04774365574121475,0.1304781436920166
Soil/train/249.png,0.12242722511291504,0.32442060112953186
Soil/train/128.png,0.05581846088171005,0.16348285973072052
Soil/train/668.png,0.04301038384437561,0.16633598506450653
Soil/train/158.png,-0.02113548293709755,0.5939610004425049
Soil/train/583.png,0.005359066650271416,0.02867952547967434
Soil/train/710.png,-0.08168797194957733,0.39090967178344727
Soil/train/296 (1).png,0.0947541743516922,0.267017662525177
Soil/train/6.png,-0.16165676712989807,0.38860201835632324
Soil/train/23.png,0.03710697591304779,0.2804354429244995
Soil/train/87.png,0.044403325766325,0.13474324345588684
Soil/train/686.png,-0.026169871911406517,0.5711103677749634
Soil/train/275.png,0.050564128905534744,0.2540377974510193
Soil/train/787.png,0.11332567781209946,0.5371047854423523
Soil/train/51.png,0.011821522377431393,0.029888633638620377
Soil/train/301 (1).png,0.037850458174943924,0.10372322052717209
Soil/train/703.png,-0.07734209299087524,0.35265031456947327
Soil/train/728.png,-0.0007406221702694893,0.47174257040023804
Soil/train/591.png,0.13003450632095337,0.20426839590072632
Soil/train/400.png,0.04253301024436951,0.08760207891464233
Soil/train/101.png,0.00806448794901371,0.24909308552742004
Soil/train/606.png,-0.04436845704913139,0.15810588002204895
Soil/train/618.png,-0.049631863832473755,0.484885573387146
Soil/train/536.png,0.10621542483568192,0.29945841431617737
Soil/train/717.png,0.10859951376914978,0.26707372069358826
Soil/train/297.png,0.016400832682847977,0.14340204000473022
Soil/train/135.png,0.006885103415697813,0.03215976804494858
Soil/train/794.png,-0.16946229338645935,0.37168294191360474
Soil/train/482.png,0.02066628634929657,0.08263792842626572
Soil/train/797.png,-0.141148641705513,0.1237485483288765
Soil/train/740.png,0.0069899121299386024,0.4745106101036072
Soil/train/443 (1).png,0.023132720962166786,0.07236030697822571
Soil/train/512.png,-0.012106997892260551,0.15531650185585022
Soil/train/123.png,0.04117345064878464,0.16139546036720276
Soil/train/91.png,0.005610059481114149,0.2735927104949951
Soil/train/504.png,-0.13724297285079956,0.22200889885425568
Soil/train/230.png,0.15228718519210815,0.3762730360031128
Soil/train/738.png,-0.018297309055924416,0.10661952942609787
Soil/train/478.png,-0.03125619888305664,0.036969661712646484
Soil/train/44.png,-0.10153047740459442,0.11055207252502441
Soil/train/399.png,0.04162047430872917,0.3254256248474121
Soil/train/189.png,0.02902844361960888,0.10164520144462585
Soil/train/541.png,0.21106566488742828,0.5572934150695801
Soil/train/601.png,-0.05486924946308136,0.07264643162488937
Soil/train/229 (1).png,-0.01234886609017849,0.3721255660057068
Soil/train/442.png,0.02139143832027912,0.23877403140068054
Soil/train/232 (1).png,-0.026949502527713776,0.1972968876361847
Soil/train/604 (1).png,-0.03455784171819687,0.4443405866622925
Soil/train/343.png,0.12738874554634094,0.25650423765182495
Soil/train/454.png,0.013526692055165768,0.17499805986881256
Soil/train/730.png,-0.00866967998445034,0.3659619390964508
Soil/train/410.png,0.09994380176067352,0.2612207233905792
Soil/train/68.png,0.05333554744720459,0.09815788269042969
Soil/train/422.png,0.043769821524620056,0.15862102806568146
Soil/train/286.png,0.020278841257095337,0.050689298659563065
Soil/train/609 (1).png,0.016638193279504776,0.3419356942176819
Soil/train/489 (1).png,-0.10886095464229584,0.6184842586517334
Soil/train/180.png,0.03541509062051773,0.11786728352308273
Soil/train/438 (2).png,0.04546614736318588,0.08853370696306229
Soil/train/46.png,-0.18132615089416504,0.46565571427345276
Soil/train/508.png,0.040925316512584686,0.26029056310653687
Soil/train/499.png,0.06707672029733658,0.1718369424343109
Soil/train/711.png,-0.14225038886070251,0.5711855888366699
Soil/train/664.png,0.013288489542901516,0.04972033575177193
Soil/train/516.png,-0.13867026567459106,0.37240058183670044
Soil/train/470.png,0.23505377769470215,0.4101256728172302
Soil/train/57.png,-0.00966578908264637,0.45365357398986816
Soil/train/448.png,-0.05377713590860367,0.2509635090827942
Soil/train/607 (1).png,-0.010895971208810806,0.1299753487110138
Soil/train/84.png,0.0703161209821701,0.24140994250774384
Soil/train/475.png,-0.10270775109529495,0.012195661664009094
Soil/train/45 (2).png,-0.055606503039598465,0.07289350777864456
Soil/train/564.png,-0.004946518689393997,0.013784496113657951
Soil/train/687.png,0.07542264461517334,0.2293321192264557
Soil/train/15.png,-0.1515275537967682,0.4107314348220825
Soil/train/210.png,0.12758523225784302,0.4310509264469147
Soil/train/234.png,-0.031202631071209908,0.09872454404830933
Soil/train/358.png,0.02994842454791069,0.0482758991420269
Soil/train/365.png,-0.016031356528401375,0.1510423719882965
Soil/train/652.png,-0.18338797986507416,0.5622045993804932
Soil/train/252.png,-0.11134397983551025,0.25241708755493164
Soil/train/531.png,0.16301000118255615,0.292880654335022
Soil/train/507.png,-0.09495032578706741,0.12497570365667343
Soil/train/704.png,0.08502193540334702,0.20445218682289124
Soil/train/565.png,0.046299368143081665,0.4405394196510315
Soil/train/679.png,0.02417660504579544,0.04714988172054291
Soil/train/523.png,0.043629322201013565,0.15735770761966705
Soil/train/603 (1).png,0.04335080832242966,0.07899971306324005
Soil/train/183.png,0.01593950018286705,0.2573149800300598
Soil/train/678.png,0.11590921878814697,0.22349512577056885
Soil/train/450.png,0.03705022111535072,0.4328457713127136
Soil/train/30.png,0.03944966942071915,0.1571527123451233
Soil/train/485.png,0.08712523430585861,0.5352681279182434
Soil/train/408.png,0.12040918320417404,0.2273334562778473
Soil/train/631.png,0.020939785987138748,0.21308362483978271
Soil/train/708.png,-0.0191731508821249,0.4866854250431061
Soil/train/569.png,0.21605150401592255,0.44112491607666016
Soil/train/427.png,0.03643743693828583,0.2704114317893982
Soil/train/443 (2).png,0.023132720962166786,0.07236030697822571
Soil/train/619.png,0.04963108152151108,0.12800933420658112
Soil/train/622.png,0.06311117857694626,0.1804790496826172
Soil/train/537.png,0.04049944877624512,0.20540763437747955
Soil/train/429.png,0.08914808928966522,0.25448405742645264
Soil/train/783.png,0.017868496477603912,0.12182717025279999
Soil/train/321.png,-0.02726851776242256,0.36185288429260254
Soil/train/60.png,0.022132528945803642,0.08044465631246567
Soil/train/235.png,0.07455945760011673,0.3965568542480469
Soil/train/99.png,0.024254119023680687,0.04277963936328888
Soil/train/155.png,-0.06685250997543335,0.14044544100761414
Soil/train/765.png,0.09795188158750534,0.25624963641166687
Soil/train/593.png,0.04089433699846268,0.127191424369812
Soil/train/676.png,-0.001288756844587624,0.10045094043016434
Soil/train/228.png,0.01654023304581642,0.17606306076049805
Soil/train/27.png,0.0597924068570137,0.2555551528930664
Soil/train/390.png,-0.044758912175893784,0.2523961663246155
Soil/train/237.png,0.06737715750932693,0.15246203541755676
Soil/train/451.png,0.005834180861711502,0.16299214959144592
Soil/train/692.png,0.007554993499070406,0.12315310537815094
Soil/train/305 (1).png,0.08609124273061752,0.3897736668586731
Soil/train/474.png,0.10111477226018906,0.18717730045318604
Soil/train/292.png,0.05842915177345276,0.331799179315567
Soil/train/421.png,0.012096518650650978,0.3442930281162262
Soil/train/201.png,0.008193502202630043,0.07718643546104431
Soil/train/539.png,0.05631914734840393,0.09935468435287476
Soil/train/519.png,0.01820199005305767,0.049269068986177444
Soil/train/295.png,-0.16144374012947083,0.26595640182495117
Soil/train/394.png,0.1645289808511734,0.28978946805000305
Soil/train/273.png,0.07822701334953308,0.2580355405807495
Soil/train/269.png,0.018623635172843933,0.1484713852405548
Soil/train/459.png,-0.003591144923120737,0.043609023094177246
Soil/train/413.png,0.01682429015636444,0.391610711812973
Soil/train/773.png,-0.016217727214097977,0.14277443289756775
Soil/train/78.png,-0.014682465232908726,0.4187994599342346
Soil/train/212.png,0.013941356912255287,0.3362676203250885
Soil/train/47.png,0.002074015326797962,0.12192816287279129
Soil/train/786.png,-0.056329477578401566,0.6048505306243896
Soil/train/207.png,0.14922979474067688,0.5484098196029663
Soil/train/149.png,0.020629044622182846,0.10121659189462662
Soil/train/487.png,0.05264221131801605,0.4132002592086792
Soil/train/13.png,0.06591799110174179,0.14609448611736298
Soil/train/448 (1).png,-0.05377713590860367,0.2509635090827942
Soil/train/535.png,-0.0999806821346283,0.5470434427261353
Soil/train/260.png,0.02901078388094902,0.3835175037384033
Soil/train/253.png,-0.011531151831150055,0.061966150999069214
Soil/train/206.png,0.07895354926586151,0.23487557470798492
Soil/train/789.png,-0.036006320267915726,0.26839661598205566
Soil/train/557.png,0.11770322173833847,0.3757363259792328
Soil/train/613.png,0.03732345998287201,0.23903129994869232
Soil/train/600.png,-0.16115383803844452,0.4233100414276123
Soil/train/381.png,-0.12851592898368835,0.45404189825057983
Soil/train/342.png,0.09018507599830627,0.38827988505363464
Soil/train/346.png,-0.017883071675896645,0.2718021273612976
Soil/train/134.png,0.09708818793296814,0.31964999437332153
Soil/train/721.png,-0.21648263931274414,0.6603502035140991
Soil/train/694.png,0.03239750117063522,0.08955315500497818
Soil/train/590.png,0.13067376613616943,0.45045411586761475
Soil/train/566.png,0.006497866474092007,0.05130167677998543
Soil/train/44 (1).png,-0.10153047740459442,0.11055207252502441
Soil/train/259.png,-0.024009037762880325,0.1944567859172821
Soil/train/25.png,-0.009698591195046902,0.020211081951856613
Soil/train/285.png,0.08009804785251617,0.18243160843849182
Soil/train/341.png,0.061855316162109375,0.24054977297782898
Soil/train/54.png,-0.002266001421958208,0.011463221162557602
Soil/train/462.png,0.0065528154373168945,0.017960164695978165
Soil/train/558.png,0.023571942001581192,0.07852832973003387
Soil/train/111.png,0.017921779304742813,0.30590730905532837
Soil/train/611.png,0.15829242765903473,0.46197474002838135
Soil/train/491 (1).png,0.0408579558134079,0.09742379188537598
Soil/train/62.png,-0.012638664804399014,0.4781116247177124
Soil/train/205.png,-0.2503155767917633,0.4625134766101837
Soil/train/699.png,0.028879590332508087,0.4637390077114105
Soil/train/369.png,0.04114696756005287,0.14298251271247864
Soil/train/750.png,-0.2179502546787262,0.6235196590423584
Soil/train/230 (1).png,0.15228718519210815,0.3762730360031128
Soil/train/141.png,0.04034122824668884,0.23499281704425812
Soil/train/693.png,0.10004770755767822,0.3379004895687103
Soil/train/449 (1).png,0.0712360367178917,0.23818567395210266
Soil/train/532.png,0.09239186346530914,0.354317307472229
Soil/train/309.png,0.03771340474486351,0.46882107853889465
Soil/train/560.png,0.028233129531145096,0.04638521373271942
Soil/train/19.png,-0.002395393792539835,0.20904192328453064
Soil/train/110.png,0.045005105435848236,0.42907410860061646
Soil/train/544.png,0.21931719779968262,0.4446607530117035
Soil/train/308.png,0.028624970465898514,0.4074294865131378
Soil/train/26.png,0.022513581439852715,0.13123440742492676
Soil/train/568.png,0.00041661388240754604,0.019983477890491486
Soil/train/388.png,0.07221336662769318,0.12712964415550232
Soil/train/79.png,-0.09409023821353912,0.5496366024017334
Soil/train/633.png,0.014427375979721546,0.03040119633078575
Soil/train/729.png,-0.004094664938747883,0.05067623406648636
Soil/train/257.png,0.0019333305535838008,0.05138588324189186
Soil/train/598 (1).png,-0.04270745441317558,0.1887248307466507
Soil/train/305.png,0.08609124273061752,0.3897736668586731
Soil/train/477.png,0.19133131206035614,0.4627566635608673
Soil/train/42.png,-0.3732677102088928,0.3214625120162964
Soil/train/175.png,0.11099278926849365,0.2797510027885437
Soil/train/518.png,-0.09494662284851074,0.25621113181114197
Soil/train/226.png,0.002243019174784422,0.31529390811920166
Soil/train/428.png,0.013905830681324005,0.04111005365848541
Soil/train/217.png,0.06140156835317612,0.19273966550827026
Soil/train/494.png,0.15845265984535217,0.24264192581176758
Soil/train/659.png,-0.18935158848762512,0.3483494520187378
Soil/train/418.png,0.029107041656970978,0.511664867401123
Soil/train/452.png,-0.057889871299266815,0.19223976135253906
Soil/train/306.png,0.07552485167980194,0.34210672974586487
Soil/train/497.png,0.08120670169591904,0.23099517822265625
Soil/train/304.png,-0.20234450697898865,0.5198041200637817
Reflections/test/blended/0115.png,0.10058983415365219,0.24523165822029114
Reflections/test/blended/0050.png,0.09504419565200806,0.23949286341667175
Reflections/test/blended/0133.png,0.0660587027668953,0.16345569491386414
Reflections/test/blended/0052.png,0.032112523913383484,0.09213404357433319
Reflections/test/blended/0178.png,0.052724383771419525,0.3731144666671753
Reflections/test/blended/0139.png,0.021762127056717873,0.049310192465782166
Reflections/test/blended/0148.png,0.09809538722038269,0.24491243064403534
Reflections/test/blended/0217.png,0.15555687248706818,0.4223064184188843
Reflections/test/blended/0185.png,-0.0012104777852073312,0.39038559794425964
Reflections/test/blended/0226.png,0.148940771818161,0.6255302429199219
Reflections/test/blended/0053.png,0.013433532789349556,0.028430664911866188
Reflections/test/blended/0096.png,0.18001163005828857,0.21967154741287231
Reflections/test/blended/0099.png,0.09255927056074142,0.342532217502594
Reflections/test/blended/0039.png,-0.016972538083791733,0.06615447998046875
Reflections/test/blended/0044.png,0.11126695573329926,0.3256370425224304
Reflections/test/blended/0208.png,0.10754109919071198,0.16680002212524414
Reflections/test/blended/0153.png,0.04210981726646423,0.09650413691997528
Reflections/test/blended/0118.png,0.011841265484690666,0.039879944175481796
Reflections/test/blended/0071.png,0.04367583617568016,0.0652395486831665
Reflections/test/blended/0180.png,-0.01256052777171135,0.17815783619880676
Reflections/test/blended/0041.png,0.08273176848888397,0.4326227605342865
Reflections/test/blended/0078.png,-0.014480729587376118,0.06782712042331696
Reflections/test/blended/0077.png,0.0427263118326664,0.22670522332191467
Reflections/test/blended/0119.png,-0.018638234585523605,0.17660142481327057
Reflections/test/blended/0146.png,0.03108709305524826,0.08367782831192017
Reflections/test/blended/0067.png,0.001849265769124031,0.0067840879783034325
Reflections/test/blended/0122.png,0.053646571934223175,0.2975620627403259
Reflections/test/blended/0202.png,0.1272086203098297,0.44503504037857056
Reflections/test/blended/0194.png,0.038128502666950226,0.10074056684970856
Reflections/test/blended/0189.png,0.0036985077895224094,0.26595574617385864
Reflections/test/blended/0047.png,0.044968381524086,0.12783953547477722
Reflections/test/blended/0163.png,0.12404412031173706,0.6922006011009216
Reflections/test/blended/0196.png,0.03835286572575569,0.14274613559246063
Reflections/test/blended/0127.png,0.06511907279491425,0.15968862175941467
Reflections/test/blended/0152.png,0.09106713533401489,0.6437482833862305
Reflections/test/blended/0157.png,0.32027190923690796,0.766775369644165
Reflections/test/blended/0137.png,0.05878884345293045,0.1714089810848236
Reflections/test/blended/0083.png,0.014102593064308167,0.29371997714042664
Reflections/test/blended/0069.png,0.03965475410223007,0.43984827399253845
Reflections/test/blended/0140.png,0.02939004823565483,0.1141766831278801
Reflections/test/blended/0072.png,0.17165429890155792,0.34634339809417725
Reflections/test/blended/0086.png,-0.010107321664690971,0.09699839353561401
Reflections/test/blended/0229.png,0.026539528742432594,0.20773473381996155
Reflections/test/blended/0090.png,0.030125781893730164,0.35414940118789673
Reflections/test/blended/0073.png,0.055265430361032486,0.12427686154842377
Reflections/test/blended/0218.png,0.050229206681251526,0.18541786074638367
Reflections/test/blended/0101.png,-0.03686083108186722,0.3117660880088806
Reflections/test/blended/0210.png,0.03535990044474602,0.1431773453950882
Reflections/test/blended/0066.png,0.13877469301223755,0.23028287291526794
Reflections/test/blended/0106.png,-0.14877238869667053,0.6177980899810791
Reflections/test/blended/0117.png,0.02930098958313465,0.3257046341896057
Reflections/test/blended/0091.png,0.004936484154313803,0.16060945391654968
Reflections/test/blended/0132.png,0.021715205162763596,0.05496883764863014
Reflections/test/blended/0181.png,-0.06415723264217377,0.25239795446395874
Reflections/test/blended/0212.png,0.042894408106803894,0.15067899227142334
Reflections/test/blended/0076.png,0.031256258487701416,0.042747557163238525
Reflections/test/blended/0074.png,0.007212127558887005,0.6273277997970581
Reflections/test/blended/0049.png,0.11078689992427826,0.34733521938323975
Reflections/test/blended/0108.png,0.09354342520236969,0.4449516534805298
Reflections/test/blended/0088.png,-0.0032057883217930794,-0.0032057883217930794
Reflections/test/blended/0103.png,-0.01518169604241848,0.4823617935180664
Reflections/test/blended/0084.png,0.028831256553530693,0.07396052777767181
Reflections/test/blended/0193.png,0.00732099125161767,0.11660286784172058
Reflections/test/blended/0114.png,0.02816580981016159,0.1067967414855957
Reflections/test/blended/0169.png,0.03077065944671631,0.08625555038452148
Reflections/test/blended/0199.png,0.04196278005838394,0.20608332753181458
Reflections/test/blended/0033.png,0.14292997121810913,0.4730275273323059
Reflections/test/blended/0032.png,0.16557592153549194,0.35023385286331177
Reflections/test/blended/0165.png,0.05127813294529915,0.1438274085521698
Reflections/test/blended/0055.png,0.18809077143669128,0.42343366146087646
Reflections/test/blended/0225.png,0.13207381963729858,0.575613796710968
Reflections/test/blended/0054.png,0.0032489863224327564,0.21408694982528687
Reflections/test/blended/0206.png,0.056892890483140945,0.22433078289031982
Reflections/test/blended/0095.png,-0.029597207903862,0.2962493896484375
Reflections/test/blended/0075.png,0.056087054312229156,0.12454095482826233
Reflections/test/blended/0124.png,0.05194053798913956,0.08406910300254822
Reflections/test/blended/0125.png,0.021589573472738266,0.08485221117734909
Reflections/test/blended/0171.png,-0.026364082470536232,0.2031521201133728
Reflections/test/blended/0214.png,0.04884864762425423,0.1325896680355072
Reflections/test/blended/0147.png,0.060374125838279724,0.1152804046869278
Reflections/test/blended/0162.png,0.10333026200532913,0.4961432218551636
Reflections/test/blended/0161.png,0.01617554947733879,0.07509797066450119
Reflections/test/blended/0142.png,0.037046805024147034,0.08992793411016464
Reflections/test/blended/0116.png,0.02086218073964119,0.282773494720459
Reflections/test/blended/0058.png,0.01876877248287201,0.037491247057914734
Reflections/test/blended/0166.png,0.049939047545194626,0.20533379912376404
Reflections/test/blended/0221.png,0.06379144638776779,0.2283552587032318
Reflections/test/blended/0070.png,0.03192504495382309,0.07538963854312897
Reflections/test/blended/0043.png,0.023725908249616623,0.0477135106921196
Reflections/test/blended/0176.png,0.04000058025121689,0.27621614933013916
Reflections/test/blended/0207.png,0.008880162611603737,0.03871268779039383
Reflections/test/blended/0046.png,0.05418854206800461,0.1918354034423828
Reflections/test/blended/0037.png,0.0279109925031662,0.2570248246192932
Reflections/test/blended/0120.png,0.053153734654188156,0.13701069355010986
Reflections/test/blended/0038.png,-0.04367884248495102,0.293332040309906
Reflections/test/blended/0209.png,0.07653869688510895,0.18787303566932678
Reflections/test/blended/0150.png,0.02186933532357216,0.08486372232437134
Reflections/test/blended/0030.png,0.024458203464746475,0.38271626830101013
Reflections/test/blended/0198.png,0.017538856714963913,0.1422424018383026
Reflections/test/blended/0113.png,0.01146112009882927,0.2861183285713196
Reflections/test/blended/0110.png,0.044017426669597626,0.08247563987970352
Reflections/test/blended/0223.png,0.08244924247264862,0.3550054132938385
Reflections/test/blended/0031.png,0.05237913876771927,0.4560975730419159
Reflections/test/blended/0051.png,0.038582973182201385,0.06032204255461693
Reflections/test/blended/0056.png,0.0311618372797966,0.053049247711896896
Reflections/test/blended/0143.png,0.01943451166152954,0.06965694576501846
Reflections/test/blended/0228.png,-0.018219970166683197,0.1118546724319458
Reflections/test/blended/0183.png,0.010746564716100693,0.17399325966835022
Reflections/test/blended/0105.png,-0.019027268514037132,0.47215667366981506
Reflections/test/blended/0134.png,0.0729028582572937,0.17288891971111298
Reflections/test/blended/0187.png,-0.03042713738977909,0.2954462170600891
Reflections/test/blended/0130.png,0.02717401087284088,0.1056620180606842
Reflections/test/blended/0034.png,-0.011246958747506142,0.1499364823102951
Reflections/test/blended/0128.png,0.0034411814995110035,0.12365320324897766
Reflections/test/blended/0213.png,0.034812770783901215,0.19213977456092834
Reflections/test/blended/0035.png,0.0161583311855793,0.4045485258102417
Reflections/test/blended/0224.png,0.12681150436401367,0.2159198522567749
Reflections/test/blended/0156.png,0.04201400652527809,0.10984624922275543
Reflections/test/blended/0144.png,0.060945067554712296,0.20382577180862427
Reflections/test/blended/0167.png,-0.03824915736913681,0.082405686378479
Reflections/test/blended/0123.png,0.05077899992465973,0.07714682817459106
Reflections/test/blended/0192.png,-0.005919591523706913,0.13381238281726837
Reflections/test/blended/0126.png,0.03830461949110031,0.07962854206562042
Reflections/test/blended/0048.png,0.011282559484243393,0.02233414351940155
Reflections/test/blended/0205.png,0.09972133487462997,0.31024858355522156
Reflections/test/blended/0042.png,0.009294217452406883,0.11818788945674896
Reflections/test/blended/0195.png,0.05897068604826927,0.16567234694957733
Reflections/test/blended/0179.png,0.016816087067127228,0.26667559146881104
Reflections/test/blended/0201.png,0.020873501896858215,0.31357675790786743
Reflections/test/blended/0175.png,0.049567509442567825,0.25049009919166565
Reflections/test/blended/0136.png,0.0936966985464096,0.23821014165878296
Reflections/test/blended/0068.png,0.015361745841801167,0.049702808260917664
Reflections/test/blended/0111.png,0.04425150901079178,0.07595302909612656
Reflections/test/blended/0087.png,0.0013192929327487946,0.002327859401702881
Reflections/test/blended/0138.png,0.029703665524721146,0.059214428067207336
Reflections/test/blended/0045.png,0.04381314292550087,0.2048368752002716
Reflections/test/blended/0094.png,0.09942314028739929,0.3974103033542633
Reflections/test/blended/0155.png,0.05209588631987572,0.0864659771323204
Reflections/test/blended/0100.png,-0.03004962019622326,0.4460456967353821
Reflections/test/blended/0079.png,0.022697657346725464,0.22525092959403992
Reflections/test/blended/0197.png,0.06667603552341461,0.2668497860431671
Reflections/test/blended/0121.png,0.07518604397773743,0.48731085658073425
Reflections/test/blended/0064.png,0.04770591855049133,0.0884149819612503
Reflections/test/blended/0085.png,-0.041720859706401825,0.14499548077583313
Reflections/test/blended/0061.png,0.009439156390726566,0.053451962769031525
Reflections/test/blended/0216.png,0.16077305376529694,0.38807860016822815
Reflections/test/blended/0149.png,0.10232982784509659,0.5084338188171387
Reflections/test/blended/0182.png,-0.08018042147159576,0.26868951320648193
Reflections/test/blended/0154.png,0.012769329361617565,0.08255299925804138
Reflections/test/blended/0215.png,0.013770848512649536,0.08322881162166595
Reflections/test/blended/0040.png,0.056898944079875946,0.21987825632095337
Reflections/test/blended/0093.png,-0.03809209167957306,0.04539257287979126
Reflections/test/blended/0190.png,-0.004557743668556213,0.13380998373031616
Reflections/test/blended/0174.png,-0.02269008196890354,0.22429965436458588
Reflections/test/blended/0081.png,-0.013713980093598366,0.20099274814128876
Reflections/test/blended/0063.png,0.12206896394491196,0.21215781569480896
Reflections/test/blended/0160.png,0.02385787107050419,0.12353844940662384
Reflections/test/blended/0102.png,-0.029976574704051018,0.2363637387752533
Reflections/test/blended/0057.png,0.13240499794483185,0.17313620448112488
Reflections/test/blended/0092.png,0.08643051236867905,0.2486940324306488
Reflections/test/blended/0186.png,-0.008120570331811905,0.10396178066730499
Reflections/test/blended/0191.png,0.007674957625567913,0.21710145473480225
Reflections/test/blended/0203.png,0.05908316746354103,0.2181573063135147
Reflections/test/blended/0172.png,0.012928575277328491,0.3247358202934265
Reflections/test/blended/0135.png,0.04836734011769295,0.27379828691482544
Reflections/test/blended/0107.png,-0.011972296983003616,0.2169123739004135
Reflections/test/blended/0204.png,0.13255645334720612,0.2774684429168701
Reflections/test/blended/0131.png,-0.004450752399861813,0.014987045899033546
Reflections/test/blended/0036.png,0.1727680265903473,0.4746485948562622
Reflections/test/blended/0098.png,0.01753988116979599,0.16802802681922913
Reflections/test/blended/0170.png,-0.031874001026153564,0.20782366394996643
Reflections/test/blended/0060.png,0.06053146719932556,0.11197242140769958
Reflections/test/blended/0097.png,0.07952198386192322,0.3156062364578247
Reflections/test/blended/0112.png,0.09616798907518387,0.19048160314559937
Reflections/test/blended/0109.png,0.13327524065971375,0.32845038175582886
Reflections/test/blended/0151.png,-0.025090131908655167,0.19948440790176392
Reflections/test/blended/0200.png,0.042601291090250015,0.07656945288181305
Reflections/test/blended/0145.png,0.011934153735637665,0.17879372835159302
Reflections/test/blended/0177.png,-0.005007841624319553,0.20155292749404907
Reflections/test/blended/0159.png,0.13862267136573792,0.3561413884162903
Reflections/test/blended/0129.png,0.044511232525110245,0.08036192506551743
Reflections/test/blended/0188.png,-0.055707745254039764,0.46573618054389954
Reflections/test/blended/0080.png,-0.0554962232708931,0.13841240108013153
Reflections/test/blended/0082.png,0.04539315402507782,0.5426446199417114
Reflections/test/blended/0184.png,0.019411899149417877,0.24748753011226654
Reflections/test/blended/0104.png,-0.05077735707163811,0.5359352827072144
Reflections/test/blended/0065.png,0.05997772514820099,0.09329940378665924
Reflections/test/blended/0089.png,0.020225761458277702,0.08367690443992615
Reflections/test/blended/0141.png,0.07408203184604645,0.2663083076477051
Reflections/test/blended/0173.png,0.004302001092582941,0.2628353238105774
Reflections/test/blended/0164.png,0.11801683902740479,0.30053484439849854
Reflections/test/blended/0219.png,0.020231079310178757,0.026074156165122986
Reflections/test/blended/0168.png,0.01195881050080061,0.039257485419511795
Reflections/test/blended/0059.png,-0.03601692244410515,-0.025564678013324738
Reflections/test/blended/0158.png,0.03720073029398918,0.08567176759243011
Reflections/test/blended/0211.png,0.07081294059753418,0.17114055156707764
Reflections/test/blended/0227.png,0.1295616328716278,0.6198381185531616
Reflections/test/blended/0220.png,0.0900757908821106,0.21833911538124084
Reflections/test/blended/0062.png,0.04193945974111557,0.09986861050128937
Reflections/test/blended/0222.png,0.0403011180460453,0.14655698835849762
Reflections/train/blended/0566.png,0.04996023327112198,0.20553088188171387
Reflections/train/blended/0501.png,0.17565518617630005,0.4517684578895569
Reflections/train/blended/0263.png,0.047195643186569214,0.28318899869918823
Reflections/train/blended/1017.png,0.01902548223733902,0.05921393632888794
Reflections/train/blended/0563.png,0.0384037122130394,0.08571065217256546
Reflections/train/blended/0693.png,0.16675233840942383,0.23610590398311615
Reflections/train/blended/0857.png,0.2424309402704239,0.7702659368515015
Reflections/train/blended/0006.png,0.04771450534462929,0.11966018378734589
Reflections/train/blended/1088.png,0.009116388857364655,0.033418722450733185
Reflections/train/blended/0516.png,0.010913245379924774,0.5931463837623596
Reflections/train/blended/0003.png,0.07261796295642853,0.44757506251335144
Reflections/train/blended/0013.png,0.048206206411123276,0.2271791696548462
Reflections/train/blended/1084.png,0.07758335024118423,0.22521889209747314
Reflections/train/blended/0394.png,0.055839262902736664,0.4147149324417114
Reflections/train/blended/0273.png,0.06515815854072571,0.23783886432647705
Reflections/train/blended/0314.png,0.1052972823381424,0.20528078079223633
Reflections/train/blended/0460.png,0.06612157076597214,0.25665992498397827
Reflections/train/blended/1012.png,0.04671834409236908,0.3262328505516052
Reflections/train/blended/0816.png,0.03935420140624046,0.522007942199707
Reflections/train/blended/0242.png,0.03631357476115227,0.163711279630661
Reflections/train/blended/0337.png,-0.0037603103555738926,0.27588146924972534
Reflections/train/blended/1037.png,0.07812198996543884,0.3448871970176697
Reflections/train/blended/0835.png,0.05255035683512688,0.1116417720913887
Reflections/train/blended/0740.png,-0.14982804656028748,0.07911141216754913
Reflections/train/blended/0889.png,0.024513516575098038,0.27516186237335205
Reflections/train/blended/1023.png,0.07852297276258469,0.2215617448091507
Reflections/train/blended/0451.png,0.02197633683681488,0.1183573454618454
Reflections/train/blended/1048.png,0.044984959065914154,0.2087949812412262
Reflections/train/blended/0340.png,0.003383406437933445,0.24553635716438293
Reflections/train/blended/0453.png,0.026192981749773026,0.20334644615650177
Reflections/train/blended/0301.png,0.02806210145354271,0.0766177773475647
Reflections/train/blended/0670.png,0.04639989882707596,0.24633415043354034
Reflections/train/blended/0274.png,0.058426886796951294,0.31850868463516235
Reflections/train/blended/0699.png,-0.09894635528326035,0.552890956401825
Reflections/train/blended/0968.png,-0.08538879454135895,0.1298283189535141
Reflections/train/blended/0947.png,0.04166284576058388,0.1330079734325409
Reflections/train/blended/0295.png,0.0992603600025177,0.5050265789031982
Reflections/train/blended/0512.png,0.027523133903741837,0.09524861723184586
Reflections/train/blended/0405.png,0.22638028860092163,0.4241405129432678
Reflections/train/blended/0341.png,0.11818385124206543,0.42395254969596863
Reflections/train/blended/0480.png,0.006843487732112408,0.10621409118175507
Reflections/train/blended/0266.png,-0.08509555459022522,0.4251169264316559
Reflections/train/blended/1000.png,0.07750413566827774,0.3596797585487366
Reflections/train/blended/0576.png,0.006191625259816647,0.024512019008398056
Reflections/train/blended/0369.png,0.12005078047513962,0.1841890960931778
Reflections/train/blended/0311.png,0.05134664475917816,0.19667387008666992
Reflections/train/blended/0412.png,0.012019120156764984,0.08330166339874268
Reflections/train/blended/0486.png,-0.049512941390275955,0.34553760290145874
Reflections/train/blended/1081.png,0.080144502222538,0.1398698389530182
Reflections/train/blended/0291.png,0.0845063254237175,0.2520619034767151
Reflections/train/blended/0360.png,0.015635788440704346,0.27163630723953247
Reflections/train/blended/0017.png,-0.003806432243436575,0.24718093872070312
Reflections/train/blended/0007.png,0.003077652072533965,0.07053472101688385
Reflections/train/blended/0646.png,0.027015801519155502,0.16900481283664703
Reflections/train/blended/1004.png,-0.11708971858024597,0.33769458532333374
Reflections/train/blended/0433.png,0.05870860442519188,0.32213470339775085
Reflections/train/blended/0529.png,0.10554496943950653,0.7260836958885193
Reflections/train/blended/0759.png,0.042628828436136246,0.1264932006597519
Reflections/train/blended/0950.png,0.1933113932609558,0.4228958785533905
Reflections/train/blended/0971.png,0.04027730971574783,0.0871279388666153
Reflections/train/blended/0286.png,-0.0024938005954027176,0.1184423565864563
Reflections/train/blended/1032.png,0.09992949664592743,0.37469199299812317
Reflections/train/blended/0834.png,0.08071084320545197,0.4033201336860657
Reflections/train/blended/0375.png,0.066475048661232,0.25772738456726074
Reflections/train/blended/0766.png,0.05380325764417648,0.16143962740898132
Reflections/train/blended/0804.png,0.002281980589032173,0.527513861656189
Reflections/train/blended/0704.png,0.04571211338043213,0.44317224621772766
Reflections/train/blended/0712.png,0.0648391991853714,0.09793810546398163
Reflections/train/blended/0752.png,-0.05336718261241913,0.06701058149337769
Reflections/train/blended/0763.png,0.00011699221795424819,0.005588565953075886
Reflections/train/blended/0940.png,0.05356039106845856,0.23697158694267273
Reflections/train/blended/0439.png,0.01706721819937229,0.14439824223518372
Reflections/train/blended/0475.png,0.020526088774204254,0.21882033348083496
Reflections/train/blended/0683.png,-0.051221445202827454,0.25215578079223633
Reflections/train/blended/1096.png,0.03176204115152359,0.2527536451816559
Reflections/train/blended/0686.png,-0.014768794178962708,0.224776029586792
Reflections/train/blended/0316.png,0.014325138181447983,0.042872123420238495
Reflections/train/blended/0802.png,0.03311775624752045,0.22267159819602966
Reflections/train/blended/0872.png,0.1420467644929886,0.44214314222335815
Reflections/train/blended/0472.png,0.044315628707408905,0.2346799522638321
Reflections/train/blended/0697.png,0.12327525019645691,0.39946821331977844
Reflections/train/blended/0011.png,0.03916633501648903,0.5185509920120239
Reflections/train/blended/0495.png,0.03025137633085251,0.2780976891517639
Reflections/train/blended/0866.png,0.21583780646324158,0.7497419118881226
Reflections/train/blended/0427.png,-0.004331937991082668,0.2893722653388977
Reflections/train/blended/0846.png,0.07084833830595016,0.1622379720211029
Reflections/train/blended/0884.png,0.02499290741980076,0.35394006967544556
Reflections/train/blended/1064.png,-0.11993680894374847,0.2851945757865906
Reflections/train/blended/0345.png,0.10884866118431091,0.40948405861854553
Reflections/train/blended/1072.png,0.06425917148590088,0.2735590934753418
Reflections/train/blended/0562.png,0.006348314695060253,0.054073698818683624
Reflections/train/blended/0424.png,0.018644845113158226,0.5092307329177856
Reflections/train/blended/0711.png,0.037874698638916016,0.07669304311275482
Reflections/train/blended/0419.png,0.013674136251211166,0.5005938410758972
Reflections/train/blended/0355.png,-0.06260348856449127,0.15017902851104736
Reflections/train/blended/0671.png,0.01252467930316925,0.12833905220031738
Reflections/train/blended/0479.png,0.010341718792915344,0.21158136427402496
Reflections/train/blended/0521.png,0.1537799835205078,0.3949504494667053
Reflections/train/blended/0459.png,0.062204279005527496,0.23677340149879456
Reflections/train/blended/0517.png,0.14127245545387268,0.42021870613098145
Reflections/train/blended/1036.png,0.12172432243824005,0.42557328939437866
Reflections/train/blended/0905.png,0.037013255059719086,0.16835317015647888
Reflections/train/blended/0876.png,0.045300185680389404,0.14313025772571564
Reflections/train/blended/1010.png,0.05444623529911041,0.1929032802581787
Reflections/train/blended/0974.png,0.07654812186956406,0.25288134813308716
Reflections/train/blended/0339.png,0.08879193663597107,0.25484222173690796
Reflections/train/blended/0985.png,0.005185001529753208,0.01371660828590393
Reflections/train/blended/1041.png,0.022189758718013763,0.18235737085342407
Reflections/train/blended/1071.png,0.05198782682418823,0.16546276211738586
Reflections/train/blended/0662.png,0.06539231538772583,0.272596538066864
Reflections/train/blended/0612.png,0.04952894151210785,0.1444322168827057
Reflections/train/blended/0807.png,0.033033519983291626,0.0773981362581253
Reflections/train/blended/0761.png,-0.02201959863305092,0.07884861528873444
Reflections/train/blended/0737.png,0.05132916197180748,0.1686078906059265
Reflections/train/blended/0881.png,0.09454446285963058,0.22915315628051758
Reflections/train/blended/0588.png,0.045402418822050095,0.40621429681777954
Reflections/train/blended/0780.png,0.04067205637693405,0.19135969877243042
Reflections/train/blended/0573.png,0.07304736971855164,0.15830335021018982
Reflections/train/blended/0561.png,-0.021233197301626205,0.07417933642864227
Reflections/train/blended/0239.png,-0.011261118575930595,0.12868745625019073
Reflections/train/blended/0675.png,0.06688955426216125,0.24357198178768158
Reflections/train/blended/0249.png,0.0230494923889637,0.2264711856842041
Reflections/train/blended/0958.png,0.12045764178037643,0.27070796489715576
Reflections/train/blended/0821.png,0.1362583190202713,0.2961266040802002
Reflections/train/blended/0393.png,0.09766899049282074,0.18045058846473694
Reflections/train/blended/0418.png,0.015672167763113976,0.33708277344703674
Reflections/train/blended/0809.png,0.03007333353161812,0.11449392139911652
Reflections/train/blended/0631.png,0.05655733495950699,0.09523078054189682
Reflections/train/blended/0554.png,-0.05659548193216324,0.16408604383468628
Reflections/train/blended/0445.png,0.07135224342346191,0.2447439432144165
Reflections/train/blended/0910.png,0.03280676156282425,0.15327131748199463
Reflections/train/blended/0608.png,0.031303465366363525,0.0459781289100647
Reflections/train/blended/0304.png,0.04818115383386612,0.2226903736591339
Reflections/train/blended/1018.png,-0.09762595593929291,0.24731531739234924
Reflections/train/blended/0824.png,0.12104916572570801,0.3889552056789398
Reflections/train/blended/0917.png,0.06595960259437561,0.3999096155166626
Reflections/train/blended/0667.png,0.08951354771852493,0.1658516824245453
Reflections/train/blended/0444.png,0.08906112611293793,0.22460152208805084
Reflections/train/blended/0600.png,0.07531625032424927,0.22451594471931458
Reflections/train/blended/0801.png,0.010278153233230114,0.14099961519241333
Reflections/train/blended/0348.png,0.11400347203016281,0.367533802986145
Reflections/train/blended/0617.png,0.08798670768737793,0.19515329599380493
Reflections/train/blended/0590.png,0.08343147486448288,0.4767798185348511
Reflections/train/blended/0914.png,0.11735206842422485,0.2558460831642151
Reflections/train/blended/0275.png,0.03169918805360794,0.2625177800655365
Reflections/train/blended/0351.png,0.04241896793246269,0.2801560163497925
Reflections/train/blended/0378.png,0.08940807729959488,0.22395500540733337
Reflections/train/blended/0655.png,0.08653346449136734,0.16079959273338318
Reflections/train/blended/0825.png,0.19980981945991516,0.35561442375183105
Reflections/train/blended/0392.png,0.09329996258020401,0.3192582130432129
Reflections/train/blended/0864.png,0.02329351007938385,0.5834658741950989
Reflections/train/blended/0297.png,0.12612700462341309,0.46171441674232483
Reflections/train/blended/0294.png,0.014127949252724648,0.17052343487739563
Reflections/train/blended/0513.png,0.03192704916000366,0.49153900146484375
Reflections/train/blended/0726.png,0.0130523182451725,0.03382958844304085
Reflections/train/blended/0487.png,0.04946950078010559,0.4850996732711792
Reflections/train/blended/0613.png,0.09155233949422836,0.41415706276893616
Reflections/train/blended/0506.png,0.05954122170805931,0.3485601544380188
Reflections/train/blended/0450.png,0.049583226442337036,0.1515888273715973
Reflections/train/blended/1067.png,-0.017083052545785904,0.11820648610591888
Reflections/train/blended/0715.png,0.08223486691713333,0.14909407496452332
Reflections/train/blended/0972.png,0.07515079528093338,0.11456155776977539
Reflections/train/blended/0702.png,0.03995734080672264,0.5498533248901367
Reflections/train/blended/0628.png,0.09999934583902359,0.3250918984413147
Reflections/train/blended/0527.png,-0.1065058708190918,0.242191880941391
Reflections/train/blended/0342.png,0.07260440289974213,0.20835290849208832
Reflections/train/blended/0464.png,-0.0012610709527507424,0.36207348108291626
Reflections/train/blended/0396.png,0.07487545162439346,0.3873180150985718
Reflections/train/blended/0967.png,0.015769952908158302,0.4200848937034607
Reflections/train/blended/0568.png,0.0640321746468544,0.17587190866470337
Reflections/train/blended/0742.png,0.023412104696035385,0.06904329359531403
Reflections/train/blended/0640.png,0.12157996743917465,0.20855438709259033
Reflections/train/blended/0491.png,0.0046127066016197205,0.40603503584861755
Reflections/train/blended/0948.png,0.12038468569517136,0.29575029015541077
Reflections/train/blended/1006.png,0.031039446592330933,0.10100837051868439
Reflections/train/blended/0920.png,0.08971904218196869,0.2148442566394806
Reflections/train/blended/0618.png,0.016187939792871475,0.06404551863670349
Reflections/train/blended/0589.png,0.0007028226391412318,0.4634994864463806
Reflections/train/blended/0492.png,0.03676025569438934,0.09579300880432129
Reflections/train/blended/0330.png,0.08909182250499725,0.3571774959564209
Reflections/train/blended/0592.png,0.08289679139852524,0.7278105020523071
Reflections/train/blended/0353.png,0.02736935019493103,0.2645505666732788
Reflections/train/blended/0856.png,0.2352103292942047,0.6702388525009155
Reflections/train/blended/0457.png,0.09430902451276779,0.3508235216140747
Reflections/train/blended/0928.png,0.017577899619936943,0.033466555178165436
Reflections/train/blended/0441.png,0.06777213513851166,0.1707397997379303
Reflections/train/blended/1045.png,0.015920989215373993,0.10609535872936249
Reflections/train/blended/0907.png,0.1493120640516281,0.3443242907524109
Reflections/train/blended/0795.png,0.05831029266119003,0.0732789859175682
Reflections/train/blended/0432.png,0.04138105735182762,0.3792034983634949
Reflections/train/blended/0990.png,-0.044117532670497894,0.8922377228736877
Reflections/train/blended/0332.png,0.08682972192764282,0.40212616324424744
Reflections/train/blended/1055.png,0.07850883156061172,0.21638087928295135
Reflections/train/blended/0717.png,-0.12175742536783218,0.2882651090621948
Reflections/train/blended/0290.png,-0.05586013197898865,0.6637818813323975
Reflections/train/blended/0713.png,0.019799910485744476,0.03019680082798004
Reflections/train/blended/0319.png,-0.006239015143364668,0.10675811022520065
Reflections/train/blended/0871.png,0.11864708364009857,0.15759451687335968
Reflections/train/blended/0532.png,0.09520896524190903,0.2829306125640869
Reflections/train/blended/0797.png,0.07102596759796143,0.27936625480651855
Reflections/train/blended/1039.png,0.06524519622325897,0.14624303579330444
Reflections/train/blended/0681.png,0.03454950451850891,0.12927865982055664
Reflections/train/blended/0241.png,0.013443049043416977,0.1172313392162323
Reflections/train/blended/0545.png,0.09086969494819641,0.2808775305747986
Reflections/train/blended/0644.png,0.027440376579761505,0.44700878858566284
Reflections/train/blended/0548.png,0.06084881350398064,0.3589305281639099
Reflections/train/blended/1027.png,0.03864285349845886,0.19030457735061646
Reflections/train/blended/0688.png,0.06202922761440277,0.44389069080352783
Reflections/train/blended/0685.png,-0.029156746342778206,0.22547462582588196
Reflections/train/blended/0819.png,0.08042549341917038,0.26987752318382263
Reflections/train/blended/0303.png,0.05769279599189758,0.25979673862457275
Reflections/train/blended/0259.png,0.028951052576303482,0.05826456844806671
Reflections/train/blended/0933.png,0.0831722617149353,0.25578683614730835
Reflections/train/blended/0558.png,0.07098865509033203,0.22330304980278015
Reflections/train/blended/1077.png,-0.0979175716638565,0.26543128490448
Reflections/train/blended/0559.png,0.03192110359668732,0.29974037408828735
Reflections/train/blended/0016.png,0.021729260683059692,0.19302430748939514
Reflections/train/blended/0401.png,0.02949114330112934,0.20650538802146912
Reflections/train/blended/1025.png,0.08142051100730896,0.18792009353637695
Reflections/train/blended/0230.png,0.05688033998012543,0.41316282749176025
Reflections/train/blended/0317.png,0.0481710359454155,0.24429146945476532
Reflections/train/blended/0440.png,0.1164708137512207,0.29440242052078247
Reflections/train/blended/0748.png,0.02203989401459694,0.1590476632118225
Reflections/train/blended/0975.png,0.05413132905960083,0.31518781185150146
Reflections/train/blended/0837.png,-0.004345885943621397,0.3810683488845825
Reflections/train/blended/0367.png,0.05951181426644325,0.3313319683074951
Reflections/train/blended/1047.png,0.10750935971736908,0.3179195523262024
Reflections/train/blended/0734.png,0.06945990025997162,0.12361476570367813
Reflections/train/blended/0945.png,0.0008013531332835555,0.47421714663505554
Reflections/train/blended/0446.png,0.04560496285557747,0.16974887251853943
Reflections/train/blended/0530.png,0.00818325113505125,0.2720005214214325
Reflections/train/blended/0570.png,0.014941039495170116,0.13185709714889526
Reflections/train/blended/0518.png,0.08984711766242981,0.6752792596817017
Reflections/train/blended/0270.png,0.1064300388097763,0.50033038854599
Reflections/train/blended/0318.png,-0.024862099438905716,0.00522158807143569
Reflections/train/blended/1054.png,0.03807087242603302,0.3372856378555298
Reflections/train/blended/1038.png,0.06723297387361526,0.3750734329223633
Reflections/train/blended/0246.png,0.01096691656857729,0.02207116037607193
Reflections/train/blended/0253.png,0.011181547306478024,0.01752777025103569
Reflections/train/blended/1078.png,0.015936918556690216,0.07741694897413254
Reflections/train/blended/0853.png,0.15328997373580933,0.6460314989089966
Reflections/train/blended/0325.png,-0.009499147534370422,0.31720322370529175
Reflections/train/blended/0867.png,0.05090618133544922,0.5367841720581055
Reflections/train/blended/0333.png,0.05664064735174179,0.28503191471099854
Reflections/train/blended/0298.png,0.04065680131316185,0.05799096077680588
Reflections/train/blended/0648.png,0.208504319190979,0.3505397439002991
Reflections/train/blended/0969.png,0.06894783675670624,0.3988162875175476
Reflections/train/blended/0468.png,0.04168997332453728,0.23197011649608612
Reflections/train/blended/0710.png,0.09112480282783508,0.4094622731208801
Reflections/train/blended/1090.png,0.01687769591808319,0.04422127082943916
Reflections/train/blended/0893.png,0.06704685837030411,0.6284865736961365
Reflections/train/blended/0718.png,0.06184346228837967,0.09227477014064789
Reflections/train/blended/0898.png,-0.09079618006944656,0.4168586730957031
Reflections/train/blended/0885.png,0.0882408544421196,0.31589066982269287
Reflections/train/blended/0272.png,0.002646113745868206,0.0665058046579361
Reflections/train/blended/0839.png,-0.008738690987229347,0.3580402135848999
Reflections/train/blended/0960.png,0.0636257603764534,0.2859466075897217
Reflections/train/blended/0964.png,0.11267903447151184,0.3363897204399109
Reflections/train/blended/1076.png,0.030568696558475494,0.18658730387687683
Reflections/train/blended/0238.png,0.06423284858465195,0.12891510128974915
Reflections/train/blended/1003.png,-0.010633435100317001,0.2255580872297287
Reflections/train/blended/0753.png,-0.13477285206317902,0.41381949186325073
Reflections/train/blended/0739.png,0.06946451961994171,0.11171913146972656
Reflections/train/blended/0669.png,-0.0014287333469837904,0.09485045075416565
Reflections/train/blended/0890.png,0.056315746158361435,0.23868337273597717
Reflections/train/blended/0004.png,0.02820143848657608,0.06550678610801697
Reflections/train/blended/0236.png,0.08286642283201218,0.3303738832473755
Reflections/train/blended/0466.png,0.09848898649215698,0.1251508742570877
Reflections/train/blended/0719.png,0.09675391018390656,0.23159180581569672
Reflections/train/blended/0409.png,0.01814436912536621,0.43680185079574585
Reflections/train/blended/0540.png,0.012201088480651379,0.13910779356956482
Reflections/train/blended/0271.png,0.0326894074678421,0.07921816408634186
Reflections/train/blended/0581.png,0.0649033784866333,0.19279728829860687
Reflections/train/blended/0603.png,0.03819771483540535,0.12226058542728424
Reflections/train/blended/0941.png,0.052822552621364594,0.2338549792766571
Reflections/train/blended/0386.png,0.11080219596624374,0.4334678649902344
Reflections/train/blended/0620.png,0.04389975965023041,0.1122354120016098
Reflections/train/blended/0813.png,0.0004917478654533625,0.0616648867726326
Reflections/train/blended/0403.png,0.010327903553843498,0.24016313254833221
Reflections/train/blended/0519.png,-0.01245081890374422,0.5869616270065308
Reflections/train/blended/0790.png,-0.10229422152042389,0.21514946222305298
Reflections/train/blended/0911.png,0.0754086822271347,0.38332173228263855
Reflections/train/blended/0452.png,0.0681736096739769,0.1583109050989151
Reflections/train/blended/0372.png,0.0023364191874861717,0.15149913728237152
Reflections/train/blended/1029.png,0.035466715693473816,0.1875663548707962
Reflections/train/blended/0597.png,0.02438390627503395,0.041549574583768845
Reflections/train/blended/0397.png,0.1114768385887146,0.4096951186656952
Reflections/train/blended/1093.png,0.1299872100353241,0.2505752742290497
Reflections/train/blended/0689.png,-0.1242620050907135,0.1483444720506668
Reflections/train/blended/0456.png,0.06421191990375519,0.2710818648338318
Reflections/train/blended/0255.png,0.036240383982658386,0.06792528927326202
Reflections/train/blended/1073.png,0.05458970367908478,0.1678089052438736
Reflections/train/blended/0994.png,0.05726124346256256,0.5888687372207642
Reflections/train/blended/0602.png,0.04182911291718483,0.14872193336486816
Reflections/train/blended/0434.png,0.035897091031074524,0.32001757621765137
Reflections/train/blended/1019.png,0.135915607213974,0.38484281301498413
Reflections/train/blended/0523.png,0.040483444929122925,0.4162862300872803
Reflections/train/blended/0647.png,0.10052841156721115,0.33398890495300293
Reflections/train/blended/0390.png,0.0037603373639285564,0.34141361713409424
Reflections/train/blended/0849.png,0.019853869453072548,0.20522230863571167
Reflections/train/blended/0594.png,-0.05346010625362396,0.7117892503738403
Reflections/train/blended/0021.png,-0.00022704299772158265,0.06344903260469437
Reflections/train/blended/0735.png,0.04326644167304039,0.24927878379821777
Reflections/train/blended/0978.png,0.04191375523805618,0.1897345781326294
Reflections/train/blended/0656.png,0.059644393622875214,0.26638340950012207
Reflections/train/blended/0633.png,0.07836608588695526,0.35507044196128845
Reflections/train/blended/0754.png,0.05167427659034729,0.11992903053760529
Reflections/train/blended/0428.png,-0.016510747373104095,0.44881734251976013
Reflections/train/blended/0619.png,0.11414490640163422,0.32014966011047363
Reflections/train/blended/0654.png,0.02919035591185093,0.05997556820511818
Reflections/train/blended/0371.png,0.02866925299167633,0.47296613454818726
Reflections/train/blended/0234.png,0.029090004041790962,0.2282228320837021
Reflections/train/blended/0836.png,0.0005951342172920704,0.26956111192703247
Reflections/train/blended/0771.png,0.009219877421855927,0.07834818959236145
Reflections/train/blended/0696.png,0.09050354361534119,0.20687931776046753
Reflections/train/blended/0808.png,-0.05912533402442932,0.15157443284988403
Reflections/train/blended/0599.png,0.05356878042221069,0.13662347197532654
Reflections/train/blended/0999.png,-0.049346938729286194,0.1480863094329834
Reflections/train/blended/0751.png,-0.025710411369800568,0.3741472363471985
Reflections/train/blended/0323.png,0.03552987799048424,0.3558686077594757
Reflections/train/blended/0649.png,0.051080524921417236,0.21764637529850006
Reflections/train/blended/0724.png,0.015066081658005714,0.03472036123275757
Reflections/train/blended/0652.png,0.014286499470472336,0.42143458127975464
Reflections/train/blended/0865.png,0.20139068365097046,0.4611722230911255
Reflections/train/blended/0843.png,-0.056502532213926315,0.18373918533325195
Reflections/train/blended/0895.png,0.01927703432738781,0.10045109689235687
Reflections/train/blended/0293.png,0.08136814832687378,0.5897010564804077
Reflections/train/blended/0870.png,0.1640826165676117,0.33636194467544556
Reflections/train/blended/0577.png,0.057393863797187805,0.09748297184705734
Reflections/train/blended/0358.png,0.06544257700443268,0.29561135172843933
Reflections/train/blended/0778.png,0.011968644335865974,0.12893207371234894
Reflections/train/blended/0803.png,0.014128684997558594,0.3132862448692322
Reflections/train/blended/0736.png,0.11284281313419342,0.4036107361316681
Reflections/train/blended/0919.png,0.014284233562648296,0.01735697314143181
Reflections/train/blended/0569.png,0.05595439299941063,0.22963827848434448
Reflections/train/blended/0665.png,0.029013831168413162,0.11755821108818054
Reflections/train/blended/0979.png,0.09011027216911316,0.20618610084056854
Reflections/train/blended/0772.png,0.007156053092330694,0.21996614336967468
Reflections/train/blended/0248.png,0.02962925285100937,0.08872751146554947
Reflections/train/blended/0494.png,0.07481725513935089,0.2977588176727295
Reflections/train/blended/0307.png,0.08724379539489746,0.4380496144294739
Reflections/train/blended/0823.png,0.13508422672748566,0.49912846088409424
Reflections/train/blended/0583.png,0.13648849725723267,0.32111454010009766
Reflections/train/blended/0874.png,0.04948671907186508,0.13170234858989716
Reflections/train/blended/0982.png,0.15859590470790863,0.45726847648620605
Reflections/train/blended/0981.png,0.05490130931138992,0.25425586104393005
Reflections/train/blended/0344.png,0.13882674276828766,0.34386980533599854
Reflections/train/blended/0534.png,0.0317680723965168,0.1408303678035736
Reflections/train/blended/1083.png,0.04750325530767441,0.10432490706443787
Reflections/train/blended/0690.png,0.006826871074736118,0.03381729871034622
Reflections/train/blended/0023.png,0.03977920114994049,0.06338107585906982
Reflections/train/blended/0841.png,0.010178664699196815,0.288862943649292
Reflections/train/blended/0833.png,0.058254800736904144,0.37662744522094727
Reflections/train/blended/0826.png,-0.00785193219780922,0.26561760902404785
Reflections/train/blended/0983.png,0.01472550630569458,0.36958158016204834
Reflections/train/blended/0765.png,0.019201461225748062,0.30179956555366516
Reflections/train/blended/1009.png,0.03897421061992645,0.12293367087841034
Reflections/train/blended/1005.png,-0.02866552770137787,0.058377575129270554
Reflections/train/blended/0029.png,0.006700553465634584,0.2588534355163574
Reflections/train/blended/0703.png,0.03338565677404404,0.2829083204269409
Reflections/train/blended/1033.png,0.1237797737121582,0.5898197889328003
Reflections/train/blended/0448.png,0.036308396607637405,0.11892368644475937
Reflections/train/blended/0447.png,0.05092174559831619,0.1006404384970665
Reflections/train/blended/1089.png,0.11946844309568405,0.26269474625587463
Reflections/train/blended/0661.png,-0.049888286739587784,0.230837881565094
Reflections/train/blended/0714.png,0.004942418076097965,0.07267674803733826
Reflections/train/blended/0478.png,0.07892736792564392,0.167606920003891
Reflections/train/blended/0609.png,0.06158953905105591,0.423552930355072
Reflections/train/blended/0462.png,0.02108524739742279,0.3733406662940979
Reflections/train/blended/0413.png,0.018438199535012245,0.23672884702682495
Reflections/train/blended/0770.png,0.045272957533597946,0.23681524395942688
Reflections/train/blended/1070.png,0.14418229460716248,0.2023291289806366
Reflections/train/blended/0624.png,0.02528218738734722,0.06906627118587494
Reflections/train/blended/0454.png,0.041171565651893616,0.1742781698703766
Reflections/train/blended/0538.png,0.027494028210639954,0.4407626688480377
Reflections/train/blended/0923.png,0.09234153479337692,0.3505055904388428
Reflections/train/blended/0313.png,0.10338696092367172,0.239811509847641
Reflections/train/blended/0858.png,0.1279054582118988,0.3410845100879669
Reflections/train/blended/0706.png,0.015599148347973824,0.131557434797287
Reflections/train/blended/0296.png,0.02041141502559185,0.4475715458393097
Reflections/train/blended/0621.png,0.052167858928442,0.14320039749145508
Reflections/train/blended/0406.png,0.08497468382120132,0.22255250811576843
Reflections/train/blended/0490.png,0.013581402599811554,0.2462177723646164
Reflections/train/blended/0721.png,0.042226701974868774,0.10107466578483582
Reflections/train/blended/0636.png,-0.07561671733856201,0.2749854326248169
Reflections/train/blended/0776.png,0.043046850711107254,0.26081228256225586
Reflections/train/blended/0645.png,0.055797189474105835,0.10218612849712372
Reflections/train/blended/0838.png,-0.042641736567020416,0.22345329821109772
Reflections/train/blended/0550.png,0.027477920055389404,0.36888742446899414
Reflections/train/blended/0956.png,0.04017934948205948,0.4247540235519409
Reflections/train/blended/0421.png,0.04353152960538864,0.4579271972179413
Reflections/train/blended/1008.png,0.0184871144592762,0.05217243731021881
Reflections/train/blended/0987.png,0.0595962256193161,0.11926760524511337
Reflections/train/blended/0793.png,0.018445121124386787,0.2664012610912323
Reflections/train/blended/0847.png,0.11698781698942184,0.44712719321250916
Reflections/train/blended/0237.png,0.11928419023752213,0.1526673287153244
Reflections/train/blended/0546.png,0.07186481356620789,0.23504191637039185
Reflections/train/blended/0305.png,0.07945616543292999,0.22518399357795715
Reflections/train/blended/0402.png,0.17403709888458252,0.4641626179218292
Reflections/train/blended/0560.png,0.001789959380403161,0.040960587561130524
Reflections/train/blended/0417.png,0.08182886987924576,0.15407732129096985
Reflections/train/blended/0596.png,0.0739642083644867,0.15464884042739868
Reflections/train/blended/0595.png,0.07637354731559753,0.24220451712608337
Reflections/train/blended/0822.png,0.12479986995458603,0.3671201169490814
Reflections/train/blended/0556.png,0.03828682750463486,0.23616787791252136
Reflections/train/blended/0666.png,-0.09591785073280334,0.5925658941268921
Reflections/train/blended/0887.png,0.09042757749557495,0.31198468804359436
Reflections/train/blended/0792.png,0.0031239388044923544,0.09605696052312851
Reflections/train/blended/1014.png,0.025878313928842545,0.04614932835102081
Reflections/train/blended/0996.png,0.028976133093237877,0.09908057004213333
Reflections/train/blended/0904.png,0.10127395391464233,0.22324196994304657
Reflections/train/blended/0379.png,0.1944451779127121,0.517615795135498
Reflections/train/blended/0321.png,0.03291840851306915,0.2504149079322815
Reflections/train/blended/0467.png,0.08031429350376129,0.37713950872421265
Reflections/train/blended/0320.png,-0.02067071944475174,0.1347106397151947
Reflections/train/blended/0508.png,0.014957466162741184,0.18678411841392517
Reflections/train/blended/0925.png,0.1344272345304489,0.6857858300209045
Reflections/train/blended/0310.png,-0.005011470522731543,0.28645262122154236
Reflections/train/blended/0553.png,0.05295690894126892,0.1720033586025238
Reflections/train/blended/0800.png,0.04591390863060951,0.2641509175300598
Reflections/train/blended/0552.png,0.03487140312790871,0.26552581787109375
Reflections/train/blended/1063.png,0.0886467844247818,0.27855783700942993
Reflections/train/blended/0607.png,0.071963369846344,0.12065690755844116
Reflections/train/blended/0708.png,-0.02753942459821701,0.27623939514160156
Reflections/train/blended/0283.png,0.024130262434482574,0.06278407573699951
Reflections/train/blended/0514.png,0.03638759255409241,0.05178435146808624
Reflections/train/blended/0461.png,-0.04246226325631142,0.2853296995162964
Reflections/train/blended/0285.png,0.014374504797160625,0.1506742238998413
Reflections/train/blended/1091.png,0.03549300506711006,0.3711189925670624
Reflections/train/blended/0410.png,0.09775453805923462,0.3374096751213074
Reflections/train/blended/0000.png,0.019878575578331947,0.19139523804187775
Reflections/train/blended/0913.png,0.09831848740577698,0.2356225550174713
Reflections/train/blended/0629.png,0.03817233443260193,0.08350512385368347
Reflections/train/blended/0749.png,0.03454282507300377,0.21150025725364685
Reflections/train/blended/0939.png,0.05057942867279053,0.16904869675636292
Reflections/train/blended/1062.png,0.013804225251078606,0.4815235137939453
Reflections/train/blended/0557.png,0.02620624005794525,0.10814253985881805
Reflections/train/blended/0709.png,-0.09848588705062866,0.11200108379125595
Reflections/train/blended/1085.png,0.05738537386059761,0.1532261222600937
Reflections/train/blended/0722.png,0.040166132152080536,0.17572835087776184
Reflections/train/blended/0233.png,-0.0018738523358479142,0.05105455964803696
Reflections/train/blended/0908.png,0.018104027956724167,0.09677030891180038
Reflections/train/blended/0288.png,0.028923209756612778,0.6188442707061768
Reflections/train/blended/0743.png,0.04302992671728134,0.1514313817024231
Reflections/train/blended/0926.png,0.012967429123818874,0.029971836134791374
Reflections/train/blended/0474.png,0.058787040412425995,0.15956544876098633
Reflections/train/blended/0868.png,-0.05321526899933815,0.5050404071807861
Reflections/train/blended/0965.png,0.07130821794271469,0.24929702281951904
Reflections/train/blended/0499.png,0.1328725516796112,0.5176128149032593
Reflections/train/blended/0265.png,-0.012158580124378204,0.23964613676071167
Reflections/train/blended/0779.png,0.06683285534381866,0.24415814876556396
Reflections/train/blended/0510.png,0.09358794242143631,0.3866797685623169
Reflections/train/blended/0024.png,0.028729714453220367,0.055242933332920074
Reflections/train/blended/0374.png,0.012863017618656158,0.32407593727111816
Reflections/train/blended/0388.png,0.0836188793182373,0.4627704620361328
Reflections/train/blended/0687.png,0.07270397990942001,0.27493104338645935
Reflections/train/blended/0988.png,0.04624711349606514,0.18849031627178192
Reflections/train/blended/0677.png,0.020788628607988358,0.10703493654727936
Reflections/train/blended/0684.png,0.05335821956396103,0.22895585000514984
Reflections/train/blended/0315.png,-0.012910012155771255,0.18770483136177063
Reflections/train/blended/0623.png,0.014674805104732513,0.02538261003792286
Reflections/train/blended/0796.png,-0.006721417885273695,0.05208730325102806
Reflections/train/blended/0892.png,0.004281996283680201,0.09675370156764984
Reflections/train/blended/0292.png,0.1240357905626297,0.33768466114997864
Reflections/train/blended/0244.png,0.023105759173631668,0.04570598155260086
Reflections/train/blended/0515.png,0.13453762233257294,0.26392319798469543
Reflections/train/blended/0862.png,0.048112109303474426,0.11527630686759949
Reflections/train/blended/0496.png,-0.10273668169975281,0.3947804570198059
Reflections/train/blended/0989.png,0.059457361698150635,0.509517252445221
Reflections/train/blended/0363.png,-0.01746922731399536,0.1604318618774414
Reflections/train/blended/0476.png,0.01238948293030262,0.34738975763320923
Reflections/train/blended/0829.png,-0.0238613560795784,0.21992063522338867
Reflections/train/blended/0022.png,0.03870651125907898,0.08315089344978333
Reflections/train/blended/0469.png,0.061861034482717514,0.1929786056280136
Reflections/train/blended/0903.png,0.04321686178445816,0.5031759738922119
Reflections/train/blended/0507.png,0.06760741770267487,0.4130975902080536
Reflections/train/blended/0992.png,0.018761157989501953,0.04008448123931885
Reflections/train/blended/0875.png,0.01006251759827137,0.32074666023254395
Reflections/train/blended/1022.png,0.11108733713626862,0.2710700035095215
Reflections/train/blended/0584.png,0.03875007852911949,0.2924345135688782
Reflections/train/blended/0370.png,0.041316114366054535,0.2637866139411926
Reflections/train/blended/0883.png,0.06447228789329529,0.2524814009666443
Reflections/train/blended/0828.png,0.029705971479415894,0.3670785129070282
Reflections/train/blended/0536.png,-0.007525130640715361,0.19273194670677185
Reflections/train/blended/0936.png,-0.12056295573711395,0.5702853202819824
Reflections/train/blended/0020.png,-0.023086467757821083,0.01833110861480236
Reflections/train/blended/1020.png,0.08132210373878479,0.3462725877761841
Reflections/train/blended/0995.png,0.048503339290618896,0.6330195665359497
Reflections/train/blended/0980.png,0.052335262298583984,0.1846371591091156
Reflections/train/blended/0593.png,-0.05305270105600357,0.6831006407737732
Reflections/train/blended/0773.png,0.014269177801907063,0.04023144394159317
Reflections/train/blended/0420.png,0.079594686627388,0.5140315890312195
Reflections/train/blended/0961.png,0.0946996808052063,0.3200274109840393
Reflections/train/blended/0902.png,0.14329922199249268,0.36030668020248413
Reflections/train/blended/0901.png,0.13110871613025665,0.18906761705875397
Reflections/train/blended/0694.png,0.05865108594298363,0.3824920654296875
Reflections/train/blended/0334.png,0.032189659774303436,0.273861289024353
Reflections/train/blended/0604.png,0.03154286742210388,0.08634128421545029
Reflections/train/blended/1079.png,0.06513607501983643,0.1391272246837616
Reflections/train/blended/0966.png,0.029567336663603783,0.23547479510307312
Reflections/train/blended/0284.png,0.10326611250638962,0.26251184940338135
Reflections/train/blended/0844.png,0.09439866244792938,0.18848899006843567
Reflections/train/blended/0438.png,0.15982685983181,0.32983675599098206
Reflections/train/blended/0012.png,-0.02383781224489212,0.01897003874182701
Reflections/train/blended/0322.png,0.04641023278236389,0.23615238070487976
Reflections/train/blended/0731.png,0.04733150452375412,0.07087616622447968
Reflections/train/blended/0986.png,0.02192411571741104,0.09288398921489716
Reflections/train/blended/0258.png,0.012008743360638618,0.07740987837314606
Reflections/train/blended/0827.png,0.11588671803474426,0.3970823287963867
Reflections/train/blended/0470.png,0.08935480564832687,0.515637993812561
Reflections/train/blended/0349.png,-0.0010491872671991587,0.3724557161331177
Reflections/train/blended/0929.png,0.04392440617084503,0.07743211835622787
Reflections/train/blended/0014.png,0.020353013649582863,0.026976408436894417
Reflections/train/blended/0921.png,0.056465260684490204,0.1165667250752449
Reflections/train/blended/0350.png,0.04897886514663696,0.1758860945701599
Reflections/train/blended/0522.png,-0.12116757035255432,0.2300107777118683
Reflections/train/blended/1056.png,0.10691045969724655,0.3491548001766205
Reflections/train/blended/0880.png,-0.06311105191707611,0.20951293408870697
Reflections/train/blended/1082.png,0.09226307272911072,0.12368002533912659
Reflections/train/blended/0511.png,0.10515104234218597,0.1885988414287567
Reflections/train/blended/0760.png,0.019666939973831177,0.11022020876407623
Reflections/train/blended/0767.png,0.02498854510486126,0.15925997495651245
Reflections/train/blended/0650.png,0.029071543365716934,0.5056893229484558
Reflections/train/blended/0541.png,0.13685232400894165,0.41792502999305725
Reflections/train/blended/0632.png,0.02856438048183918,0.058681655675172806
Reflections/train/blended/0299.png,0.29060569405555725,0.7728438377380371
Reflections/train/blended/0805.png,-0.06325879693031311,0.2676886320114136
Reflections/train/blended/0365.png,0.023908540606498718,0.3174593448638916
Reflections/train/blended/0261.png,0.1739397794008255,0.3033313453197479
Reflections/train/blended/0010.png,0.024176115170121193,0.35890525579452515
Reflections/train/blended/1043.png,0.04155200719833374,0.3826431632041931
Reflections/train/blended/0231.png,0.03484556823968887,0.11399318277835846
Reflections/train/blended/0328.png,0.18994390964508057,0.6472966074943542
Reflections/train/blended/0391.png,0.06897241622209549,0.3002961277961731
Reflections/train/blended/0483.png,0.16857048869132996,0.4398600459098816
Reflections/train/blended/0707.png,0.019789276644587517,0.2568061053752899
Reflections/train/blended/0373.png,0.05779965594410896,0.2468724548816681
Reflections/train/blended/0359.png,0.10424628108739853,0.39870572090148926
Reflections/train/blended/0384.png,0.058990709483623505,0.5768496990203857
Reflections/train/blended/0235.png,0.03587142750620842,0.07404392957687378
Reflections/train/blended/0634.png,-0.0789409875869751,0.5898637771606445
Reflections/train/blended/0852.png,0.03244585543870926,0.15836292505264282
Reflections/train/blended/0784.png,0.03650135546922684,0.05706341192126274
Reflections/train/blended/0352.png,-0.07591310888528824,0.26631665229797363
Reflections/train/blended/0915.png,0.05461025983095169,0.16967709362506866
Reflections/train/blended/0587.png,0.07073689997196198,0.33334600925445557
Reflections/train/blended/1030.png,0.08297211676836014,0.2742633521556854
Reflections/train/blended/0426.png,0.040129102766513824,0.4492154121398926
Reflections/train/blended/1049.png,0.05255395919084549,0.20351004600524902
Reflections/train/blended/0973.png,0.010235067456960678,0.07294812798500061
Reflections/train/blended/0254.png,0.1767750233411789,0.3811272084712982
Reflections/train/blended/0489.png,0.03281498700380325,0.32297277450561523
Reflections/train/blended/0327.png,0.0677403062582016,0.38597869873046875
Reflections/train/blended/0680.png,0.03195870667695999,0.09447632730007172
Reflections/train/blended/0886.png,0.09599530696868896,0.3065028190612793
Reflections/train/blended/0425.png,0.11031089723110199,0.5727278590202332
Reflections/train/blended/0984.png,0.12544021010398865,0.21099430322647095
Reflections/train/blended/1044.png,-0.011978622525930405,0.5459074974060059
Reflections/train/blended/0524.png,0.08435003459453583,0.3560490012168884
Reflections/train/blended/0498.png,0.049627698957920074,0.2250528484582901
Reflections/train/blended/0497.png,0.1746216118335724,0.6505648493766785
Reflections/train/blended/0598.png,0.015268930234014988,0.11138905584812164
Reflections/train/blended/1087.png,0.031197242438793182,0.1336844265460968
Reflections/train/blended/0768.png,0.0774841383099556,0.1996748149394989
Reflections/train/blended/0951.png,0.11042675375938416,0.4323206841945648
Reflections/train/blended/0811.png,0.135474294424057,0.19035883247852325
Reflections/train/blended/0520.png,0.10630134493112564,0.3170992136001587
Reflections/train/blended/0282.png,0.028196198865771294,0.06253452599048615
Reflections/train/blended/1013.png,0.019084684550762177,0.04373396188020706
Reflections/train/blended/0651.png,0.03499247506260872,0.45985767245292664
Reflections/train/blended/1068.png,0.05576734617352486,0.19773250818252563
Reflections/train/blended/0787.png,0.12863001227378845,0.31297436356544495
Reflections/train/blended/0018.png,0.012709088623523712,0.01543145440518856
Reflections/train/blended/0385.png,0.09809227287769318,0.5778157711029053
Reflections/train/blended/0001.png,-0.017261849716305733,0.039173319935798645
Reflections/train/blended/1057.png,0.06942865252494812,0.2653748393058777
Reflections/train/blended/0500.png,0.0751446858048439,0.32824206352233887
Reflections/train/blended/0783.png,-0.012362722307443619,0.09280131012201309
Reflections/train/blended/0830.png,0.024752823635935783,0.4524056315422058
Reflections/train/blended/0998.png,0.19332149624824524,0.45396125316619873
Reflections/train/blended/0899.png,0.20831485092639923,0.7647695541381836
Reflections/train/blended/0698.png,0.011516818776726723,0.08901307731866837
Reflections/train/blended/0944.png,0.07882161438465118,0.1833381950855255
Reflections/train/blended/1092.png,0.09660327434539795,0.33241117000579834
Reflections/train/blended/1026.png,-0.0015649497509002686,0.7092196345329285
Reflections/train/blended/0606.png,0.05945847928524017,0.17963701486587524
Reflections/train/blended/0812.png,0.027633685618638992,0.09016384184360504
Reflections/train/blended/0997.png,0.07369193434715271,0.3860529959201813
Reflections/train/blended/0643.png,0.09450891613960266,0.3721190094947815
Reflections/train/blended/0806.png,0.10682204365730286,0.32834234833717346
Reflections/train/blended/0411.png,0.027605604380369186,0.0968787670135498
Reflections/train/blended/0336.png,0.04378601536154747,0.1108950525522232
Reflections/train/blended/1075.png,0.04842690750956535,0.3712292015552521
Reflections/train/blended/0567.png,0.05370085686445236,0.15099842846393585
Reflections/train/blended/0408.png,0.0002747858234215528,0.12496529519557953
Reflections/train/blended/0528.png,0.04470740631222725,0.20958837866783142
Reflections/train/blended/0543.png,0.036181576550006866,0.23930306732654572
Reflections/train/blended/0555.png,0.07645321637392044,0.19554805755615234
Reflections/train/blended/0431.png,0.0541224405169487,0.4718990921974182
Reflections/train/blended/0954.png,0.005335808265954256,0.2592029571533203
Reflections/train/blended/0471.png,0.07386231422424316,0.30164915323257446
Reflections/train/blended/0585.png,0.10699495673179626,0.1920962780714035
Reflections/train/blended/0279.png,0.11373410373926163,0.47598981857299805
Reflections/train/blended/0537.png,0.02235228195786476,0.15610775351524353
Reflections/train/blended/0733.png,0.00551198236644268,0.11619322001934052
Reflections/train/blended/0586.png,0.052787896245718,0.49952492117881775
Reflections/train/blended/0335.png,0.05452998727560043,0.2596563696861267
Reflections/train/blended/0840.png,0.03533727675676346,0.11444079875946045
Reflections/train/blended/0002.png,0.12646935880184174,0.39272597432136536
Reflections/train/blended/0473.png,0.03305378183722496,0.13273340463638306
Reflections/train/blended/0775.png,0.04558827728033066,0.15859714150428772
Reflections/train/blended/1051.png,0.02241109311580658,0.3336428105831146
Reflections/train/blended/0243.png,0.08614632487297058,0.39111632108688354
Reflections/train/blended/0832.png,0.06358005106449127,0.3725566267967224
Reflections/train/blended/1007.png,-0.004065567161887884,0.11622196435928345
Reflections/train/blended/0842.png,0.077882319688797,0.255312979221344
Reflections/train/blended/0700.png,0.02223333902657032,0.09610052406787872
Reflections/train/blended/0484.png,0.14180980622768402,0.43834373354911804
Reflections/train/blended/0533.png,0.02497287094593048,0.32567036151885986
Reflections/train/blended/0465.png,-0.037994980812072754,0.15058499574661255
Reflections/train/blended/0728.png,-0.007011597044765949,0.02607676386833191
Reflections/train/blended/0959.png,0.0680978000164032,0.2791827619075775
Reflections/train/blended/0755.png,0.05059488117694855,0.1322220116853714
Reflections/train/blended/0414.png,0.009743086993694305,0.025889351963996887
Reflections/train/blended/0616.png,0.08219663798809052,0.2647542953491211
Reflections/train/blended/0481.png,0.03311953321099281,0.3864784240722656
Reflections/train/blended/0008.png,0.07913078367710114,0.2980850636959076
Reflections/train/blended/1015.png,0.0664505884051323,0.14593014121055603
Reflections/train/blended/0657.png,-0.07306782901287079,0.12295059114694595
Reflections/train/blended/1035.png,0.049482718110084534,0.43010249733924866
Reflections/train/blended/1001.png,0.01869000494480133,0.3189986050128937
Reflections/train/blended/1046.png,-0.017119836062192917,0.236404687166214
Reflections/train/blended/1050.png,-0.04297095909714699,0.10879884660243988
Reflections/train/blended/0245.png,0.011927423067390919,0.029965003952383995
Reflections/train/blended/0610.png,0.024244122207164764,0.12502194941043854
Reflections/train/blended/0727.png,0.02856443077325821,0.053339313715696335
Reflections/train/blended/0673.png,0.025699447840452194,0.30733585357666016
Reflections/train/blended/0329.png,0.15351131558418274,0.5519652366638184
Reflections/train/blended/0785.png,-0.006405265536159277,0.03965283930301666
Reflections/train/blended/0882.png,0.0470384918153286,0.3602756857872009
Reflections/train/blended/0430.png,0.03093772381544113,0.5000823140144348
Reflections/train/blended/0278.png,0.06257307529449463,0.12467856705188751
Reflections/train/blended/0894.png,0.0392860546708107,0.1263381987810135
Reflections/train/blended/0256.png,0.06388595700263977,0.13585668802261353
Reflections/train/blended/0347.png,0.1597679853439331,0.5939576625823975
Reflections/train/blended/0525.png,0.14907342195510864,0.540847897529602
Reflections/train/blended/0443.png,0.08589547872543335,0.24089349806308746
Reflections/train/blended/0746.png,0.060650624334812164,0.2115301787853241
Reflections/train/blended/0381.png,0.20494458079338074,0.4310101270675659
Reflections/train/blended/0764.png,0.10408467799425125,0.1962253451347351
Reflections/train/blended/0814.png,0.04305526614189148,0.4886341392993927
Reflections/train/blended/0817.png,0.09053416550159454,0.6019246578216553
Reflections/train/blended/0509.png,0.12263938784599304,0.3051149845123291
Reflections/train/blended/0791.png,-0.04972376674413681,0.37638765573501587
Reflections/train/blended/0626.png,0.04618425294756889,0.33243751525878906
Reflections/train/blended/1059.png,-0.13082458078861237,0.5426081418991089
Reflections/train/blended/0860.png,0.08567772060632706,0.33867406845092773
Reflections/train/blended/0574.png,0.01307614054530859,0.025717882439494133
Reflections/train/blended/0863.png,0.11499887704849243,0.3000417947769165
Reflections/train/blended/0705.png,0.1331033855676651,0.2653619050979614
Reflections/train/blended/0324.png,0.13962304592132568,0.49164384603500366
Reflections/train/blended/1011.png,0.026590628549456596,0.36904290318489075
Reflections/train/blended/1061.png,0.04908852279186249,0.20806649327278137
Reflections/train/blended/0725.png,0.02426476590335369,0.06373226642608643
Reflections/train/blended/0896.png,0.08086103200912476,0.27959007024765015
Reflections/train/blended/0900.png,0.1694868952035904,0.6669198274612427
Reflections/train/blended/0611.png,0.0856400653719902,0.15502698719501495
Reflections/train/blended/1094.png,0.0912427306175232,0.1644616425037384
Reflections/train/blended/0389.png,-0.006498257629573345,0.2817392349243164
Reflections/train/blended/1028.png,0.06091702729463577,0.29569727182388306
Reflections/train/blended/0247.png,0.026398973539471626,0.053099505603313446
Reflections/train/blended/0810.png,0.008231024257838726,0.26137563586235046
Reflections/train/blended/0750.png,0.05412096902728081,0.3264864683151245
Reflections/train/blended/0630.png,0.11053647100925446,0.27383649349212646
Reflections/train/blended/0377.png,0.15640680491924286,0.42939889430999756
Reflections/train/blended/0774.png,0.05940410494804382,0.186898335814476
Reflections/train/blended/0028.png,0.07908034324645996,0.21598124504089355
Reflections/train/blended/0582.png,0.07558094710111618,0.23769578337669373
Reflections/train/blended/0605.png,0.03948887437582016,0.06964415311813354
Reflections/train/blended/0400.png,0.08374360203742981,0.31311890482902527
Reflections/train/blended/0505.png,0.050729960203170776,0.35117971897125244
Reflections/train/blended/0436.png,0.007964974269270897,0.240342378616333
Reflections/train/blended/1066.png,-0.05020776391029358,0.11916235089302063
Reflections/train/blended/0878.png,0.10616809129714966,0.3248530626296997
Reflections/train/blended/0912.png,0.07893091440200806,0.3145158588886261
Reflections/train/blended/0676.png,0.03172150254249573,0.05532292276620865
Reflections/train/blended/0786.png,-0.05604869872331619,0.1918899416923523
Reflections/train/blended/0741.png,0.03961026668548584,0.2155587375164032
Reflections/train/blended/0442.png,0.0020788172259926796,0.13165612518787384
Reflections/train/blended/0262.png,0.046192243695259094,0.09910442680120468
Reflections/train/blended/0547.png,0.07987627387046814,0.24483484029769897
Reflections/train/blended/0682.png,0.031199801713228226,0.3068513572216034
Reflections/train/blended/1040.png,0.02749781310558319,0.21083849668502808
Reflections/train/blended/0664.png,0.049403704702854156,0.08862365782260895
Reflections/train/blended/0415.png,-0.0005220038001425564,-0.0005220038001425564
Reflections/train/blended/0820.png,0.048699069768190384,0.3009567856788635
Reflections/train/blended/0691.png,0.032639339566230774,0.19080021977424622
Reflections/train/blended/1086.png,0.06894621253013611,0.28165924549102783
Reflections/train/blended/0580.png,0.06788837909698486,0.12171761691570282
Reflections/train/blended/0423.png,0.0902460366487503,0.5320456027984619
Reflections/train/blended/0579.png,0.04767299443483353,0.10173936188220978
Reflections/train/blended/0993.png,0.014034518972039223,0.029849059879779816
Reflections/train/blended/0692.png,0.10067668557167053,0.7138787508010864
Reflections/train/blended/0762.png,0.00844031386077404,0.11290278285741806
Reflections/train/blended/0937.png,0.03761950880289078,0.7840942740440369
Reflections/train/blended/0488.png,0.10398559272289276,0.4100559949874878
Reflections/train/blended/0794.png,0.0038815441075712442,0.013403658755123615
Reflections/train/blended/0331.png,0.14984557032585144,0.3935632109642029
Reflections/train/blended/0815.png,0.004518825560808182,0.47069770097732544
Reflections/train/blended/0343.png,0.09298187494277954,0.3675082325935364
Reflections/train/blended/0738.png,-0.03620731085538864,0.0701775848865509
Reflections/train/blended/0477.png,-0.05336066707968712,0.35610437393188477
Reflections/train/blended/0019.png,0.06355850398540497,0.1286269724369049
Reflections/train/blended/0354.png,-0.012178639881312847,0.37253159284591675
Reflections/train/blended/0449.png,0.035569194704294205,0.2601873278617859
Reflections/train/blended/0356.png,0.05775251239538193,0.22237731516361237
Reflections/train/blended/1002.png,-0.0725688487291336,0.18700385093688965
Reflections/train/blended/0455.png,0.025959597900509834,0.11540630459785461
Reflections/train/blended/0788.png,0.11365380883216858,0.17620936036109924
Reflections/train/blended/0818.png,-0.013851042836904526,0.2912091314792633
Reflections/train/blended/1069.png,0.03280157595872879,0.1965947449207306
Reflections/train/blended/0614.png,0.09145364165306091,0.28967925906181335
Reflections/train/blended/0366.png,0.057895585894584656,0.2632507085800171
Reflections/train/blended/1016.png,0.08127197623252869,0.21822240948677063
Reflections/train/blended/0642.png,0.13143524527549744,0.6825016736984253
Reflections/train/blended/0758.png,0.007102990057319403,0.12281955033540726
Reflections/train/blended/0300.png,0.016648678109049797,0.18367590010166168
Reflections/train/blended/0289.png,0.11891701817512512,0.42272546887397766
Reflections/train/blended/0542.png,0.05972854793071747,0.20710782706737518
Reflections/train/blended/1021.png,0.03462477773427963,0.10859094560146332
Reflections/train/blended/0927.png,0.038310036063194275,0.1834448277950287
Reflections/train/blended/0799.png,-0.005473524332046509,0.07114210724830627
Reflections/train/blended/0678.png,0.05333691090345383,0.09039066731929779
Reflections/train/blended/0716.png,-0.017323333770036697,0.08866772055625916
Reflections/train/blended/0251.png,0.06234359368681908,0.14476746320724487
Reflections/train/blended/1065.png,-0.03722482919692993,0.19447016716003418
Reflections/train/blended/0025.png,0.027453694492578506,0.07921016216278076
Reflections/train/blended/0909.png,0.0478096567094326,0.15143007040023804
Reflections/train/blended/0747.png,0.057186324149370193,0.31915926933288574
Reflections/train/blended/1053.png,0.024163439869880676,0.45408499240875244
Reflections/train/blended/0679.png,-0.004205797798931599,0.06542697548866272
Reflections/train/blended/0240.png,0.012571565806865692,0.09320351481437683
Reflections/train/blended/1052.png,0.07081253081560135,0.2030663788318634
Reflections/train/blended/0504.png,0.055835358798503876,0.46774300932884216
Reflections/train/blended/0591.png,-0.03742815554141998,0.7448360323905945
Reflections/train/blended/0027.png,0.1634572446346283,0.4010165333747864
Reflections/train/blended/0949.png,0.0051927040331065655,0.39951276779174805
Reflections/train/blended/0639.png,0.020576784387230873,0.1300462782382965
Reflections/train/blended/0991.png,0.05449790507555008,0.21781983971595764
Reflections/train/blended/0879.png,0.06752835214138031,0.15503743290901184
Reflections/train/blended/0404.png,-0.06278117001056671,0.4254545569419861
Reflections/train/blended/0970.png,0.06300865113735199,0.4075404107570648
Reflections/train/blended/0943.png,0.03425482660531998,0.2556508481502533
Reflections/train/blended/0368.png,-0.014242080971598625,0.08054313063621521
Reflections/train/blended/0615.png,0.020949233323335648,0.0515558198094368
Reflections/train/blended/1060.png,0.14303863048553467,0.449893057346344
Reflections/train/blended/0777.png,0.03065033257007599,0.12499870359897614
Reflections/train/blended/1095.png,0.008052998222410679,0.15909245610237122
Reflections/train/blended/0854.png,0.1648123860359192,0.46516162157058716
Reflections/train/blended/0005.png,0.02479735016822815,0.10017531365156174
Reflections/train/blended/0539.png,0.025732483714818954,0.20032715797424316
Reflections/train/blended/1080.png,0.03976849466562271,0.07952920347452164
Reflections/train/blended/0851.png,0.16480907797813416,0.27969199419021606
Reflections/train/blended/0276.png,0.04254062473773956,0.18423600494861603
Reflections/train/blended/0957.png,0.04981943964958191,0.19860924780368805
Reflections/train/blended/0326.png,0.07234068214893341,0.23580202460289001
Reflections/train/blended/0869.png,0.09988716244697571,0.2976250648498535
Reflections/train/blended/1024.png,0.05466832220554352,0.1142585426568985
Reflections/train/blended/1042.png,0.11885659396648407,0.42381197214126587
Reflections/train/blended/0531.png,0.012272568419575691,0.4469729959964752
Reflections/train/blended/0701.png,0.02849266305565834,0.319308340549469
Reflections/train/blended/0922.png,0.034505583345890045,0.05912012606859207
Reflections/train/blended/0376.png,-0.004208022262901068,0.22796882688999176
Reflections/train/blended/0955.png,0.13547059893608093,0.3344199061393738
Reflections/train/blended/0435.png,-0.09932055324316025,0.2586800158023834
Reflections/train/blended/0953.png,-0.017773248255252838,0.2278609275817871
Reflections/train/blended/0399.png,0.018774069845676422,0.3222532272338867
Reflections/train/blended/0463.png,0.0398736372590065,0.3761519193649292
Reflections/train/blended/0485.png,0.16837957501411438,0.28498610854148865
Reflections/train/blended/0482.png,0.07333042472600937,0.22680385410785675
Reflections/train/blended/0769.png,-0.0028123927768319845,0.048436038196086884
Reflections/train/blended/0361.png,0.12710091471672058,0.32124748826026917
Reflections/train/blended/1031.png,0.04238841310143471,0.2602245807647705
Reflections/train/blended/0888.png,0.1842518150806427,0.4639243483543396
Reflections/train/blended/0942.png,0.03318629786372185,0.2836904227733612
Reflections/train/blended/0549.png,0.044093191623687744,0.32911354303359985
Reflections/train/blended/0357.png,0.06980274617671967,0.24641314148902893
Reflections/train/blended/0280.png,0.01562543585896492,0.24225082993507385
Reflections/train/blended/0935.png,-0.0033734641037881374,0.0521535649895668
Reflections/train/blended/0565.png,0.036319952458143234,0.22034701704978943
Reflections/train/blended/0422.png,0.008455092087388039,0.36926084756851196
Reflections/train/blended/0891.png,0.04567212611436844,0.2919918894767761
Reflections/train/blended/0364.png,0.013320209458470345,0.35133761167526245
Reflections/train/blended/0302.png,-0.02682134509086609,0.4439891278743744
Reflections/train/blended/0395.png,0.034370504319667816,0.25118571519851685
Reflections/train/blended/0732.png,0.023354332894086838,0.25053590536117554
Reflections/train/blended/0848.png,0.06044043228030205,0.3769487142562866
Reflections/train/blended/0637.png,0.0887107402086258,0.27615195512771606
Reflections/train/blended/0380.png,0.02629963494837284,0.3388872444629669
Reflections/train/blended/0493.png,0.09317107498645782,0.2653060853481293
Reflections/train/blended/0831.png,0.02348097786307335,0.1808691769838333
Reflections/train/blended/0502.png,0.12540218234062195,0.294734388589859
Reflections/train/blended/0930.png,-0.2460109144449234,0.308868408203125
Reflections/train/blended/0260.png,0.10417204350233078,0.31093502044677734
Reflections/train/blended/0918.png,0.18443116545677185,0.36130040884017944
Reflections/train/blended/0757.png,0.041754938662052155,0.07158766686916351
Reflections/train/blended/0564.png,0.021493233740329742,0.16783830523490906
Reflections/train/blended/0268.png,0.01578143611550331,0.08571086823940277
Reflections/train/blended/0668.png,0.03871947154402733,0.08971087634563446
Reflections/train/blended/0625.png,0.03496300429105759,0.04924626648426056
Reflections/train/blended/0659.png,0.0656110942363739,0.15900841355323792
Reflections/train/blended/0877.png,0.08313547074794769,0.203311026096344
Reflections/train/blended/0859.png,0.11575829982757568,0.30469703674316406
Reflections/train/blended/0308.png,0.04882349073886871,0.4889794588088989
Reflections/train/blended/0407.png,-0.021101845428347588,0.15872184932231903
Reflections/train/blended/0638.png,0.019765734672546387,0.4924825429916382
Reflections/train/blended/0674.png,0.12882328033447266,0.26357442140579224
Reflections/train/blended/1058.png,0.0015146309742704034,0.012188661843538284
Reflections/train/blended/0850.png,0.10533933341503143,0.2645103335380554
Reflections/train/blended/0362.png,0.03739456087350845,0.2875204086303711
Reflections/train/blended/0744.png,-0.00043550063855946064,0.18990394473075867
Reflections/train/blended/0798.png,0.10546356439590454,0.8109085559844971
Reflections/train/blended/0723.png,0.01674468070268631,0.13017933070659637
Reflections/train/blended/0873.png,0.027906373143196106,0.12376189231872559
Reflections/train/blended/0730.png,0.05621252581477165,0.1765335500240326
Reflections/train/blended/0277.png,0.017622269690036774,0.41233235597610474
Reflections/train/blended/0952.png,0.06687591969966888,0.304099977016449
Reflections/train/blended/0932.png,0.04501098021864891,0.42963099479675293
Reflections/train/blended/0977.png,0.006922821514308453,0.08008916676044464
Reflections/train/blended/0622.png,0.03533267229795456,0.16448506712913513
Reflections/train/blended/0009.png,-0.019914356991648674,0.7065710425376892
Reflections/train/blended/0635.png,-0.04091634228825569,0.6743237972259521
Reflections/train/blended/0658.png,0.03343989700078964,0.42294085025787354
Reflections/train/blended/1034.png,0.068021759390831,0.6786984205245972
Reflections/train/blended/0250.png,0.07844121754169464,0.11045156419277191
Reflections/train/blended/0267.png,-0.01793317124247551,0.5223456621170044
Reflections/train/blended/0429.png,-0.05161623656749725,0.2253018617630005
Reflections/train/blended/0535.png,-0.01831577904522419,0.12027096748352051
Reflections/train/blended/0526.png,0.02649686299264431,0.24111664295196533
Reflections/train/blended/0346.png,0.09383101761341095,0.3826353847980499
Reflections/train/blended/0269.png,0.12453880906105042,0.2678903043270111
Reflections/train/blended/0906.png,0.012851528823375702,0.07880127429962158
Reflections/train/blended/1074.png,0.03013962134718895,0.15270794928073883
Reflections/train/blended/0287.png,0.22669854760169983,0.5406649112701416
Reflections/train/blended/0653.png,0.030858103185892105,0.06342977285385132
Reflections/train/blended/0382.png,0.0978180468082428,0.2600567936897278
Reflections/train/blended/0312.png,0.08379656821489334,0.3505617678165436
Reflections/train/blended/0257.png,0.1509798765182495,0.3101091682910919
Reflections/train/blended/0663.png,-0.006564200855791569,0.1735832691192627
Reflections/train/blended/0627.png,0.08562653511762619,0.2288898229598999
Reflections/train/blended/0745.png,0.03375332057476044,0.2315661609172821
Reflections/train/blended/0845.png,0.019672097638249397,0.1855546534061432
Reflections/train/blended/0232.png,0.010213560424745083,0.023738766089081764
Reflections/train/blended/0458.png,0.03207904472947121,0.3015575706958771
Reflections/train/blended/0897.png,0.09936931729316711,0.3932918906211853
Reflections/train/blended/0855.png,0.05373668298125267,0.7322858572006226
Reflections/train/blended/0976.png,0.05230504274368286,0.08942627906799316
Reflections/train/blended/0916.png,0.11257794499397278,0.37011614441871643
Reflections/train/blended/0281.png,0.047087088227272034,0.2902911901473999
Reflections/train/blended/0781.png,-0.04246734082698822,0.03678569942712784
Reflections/train/blended/0962.png,0.017400560900568962,0.5081530809402466
Reflections/train/blended/0660.png,0.06691677868366241,0.1696763038635254
Reflections/train/blended/0503.png,-0.0021689042914658785,0.5689230561256409
Reflections/train/blended/0338.png,0.09204131364822388,0.16280144453048706
Reflections/train/blended/0387.png,0.06432266533374786,0.3266181945800781
Reflections/train/blended/0572.png,0.10554036498069763,0.3962459862232208
Reflections/train/blended/0416.png,-0.01929766684770584,0.2868395149707794
Reflections/train/blended/0729.png,0.06799501180648804,0.41205599904060364
Reflections/train/blended/0946.png,0.09948628395795822,0.28655508160591125
Reflections/train/blended/0641.png,0.08135484158992767,0.12805800139904022
Reflections/train/blended/0398.png,0.0352337621152401,0.22386549413204193
Reflections/train/blended/0383.png,0.025794953107833862,0.35940617322921753
Reflections/train/blended/0437.png,-0.0005820774240419269,0.2215179204940796
Reflections/train/blended/0601.png,0.018619081005454063,0.05238177627325058
Reflections/train/blended/0720.png,0.00984247773885727,0.03716633841395378
Reflections/train/blended/0264.png,0.05184916779398918,0.2864611744880676
Reflections/train/blended/0309.png,0.029035698622465134,0.0927111953496933
Reflections/train/blended/0924.png,0.045124076306819916,0.18910911679267883
Reflections/train/blended/0026.png,0.05251371115446091,0.21026837825775146
Reflections/train/blended/0756.png,-0.0077242860570549965,0.03636091575026512
Reflections/train/blended/0789.png,-0.11656820774078369,0.23451437056064606
Reflections/train/blended/0963.png,0.08361922204494476,0.24474772810935974
Reflections/train/blended/0551.png,-0.06564686447381973,0.253283828496933
Reflections/train/blended/0934.png,0.06558527052402496,0.25181353092193604
Reflections/train/blended/0695.png,0.04922778159379959,0.17743295431137085
Reflections/train/blended/0252.png,0.009771523997187614,0.02036098949611187
Reflections/train/blended/0782.png,0.06724567711353302,0.20629744231700897
Reflections/train/blended/0015.png,0.009263159707188606,0.04155001416802406
Reflections/train/blended/0938.png,0.17533287405967712,0.6487505435943604
Reflections/train/blended/0861.png,0.07982762902975082,0.27341583371162415
Reflections/train/blended/0578.png,0.0021206573583185673,0.0031231262255460024
Reflections/train/blended/0306.png,0.009890141896903515,0.028598904609680176
Reflections/train/blended/0571.png,0.03223824501037598,0.2742750644683838
Reflections/train/blended/0931.png,0.041547052562236786,0.16966208815574646
Reflections/train/blended/0672.png,0.0316498726606369,0.10879503190517426
Reflections/train/blended/0544.png,0.07952515780925751,0.21657083928585052
Reflections/train/blended/0575.png,0.027593005448579788,0.058243170380592346
Fog/ACDC/test/GOPR0476_frame_000761_rgb_anon.png,0.010012143291532993,0.03186255693435669
Fog/ACDC/test/GP020475_frame_000100_rgb_anon.png,0.012516112066805363,0.044612035155296326
Fog/ACDC/test/GP020475_frame_000061_rgb_anon.png,0.03779304027557373,0.07815255224704742
Fog/ACDC/test/GOPR0476_frame_000152_rgb_anon.png,0.03668580204248428,0.08568981289863586
Fog/ACDC/test/GOPR0476_frame_000442_rgb_anon.png,0.02506604790687561,0.0684911459684372
Fog/ACDC/test/GOPR0475_frame_001060_rgb_anon.png,0.006251949816942215,0.020175818353891373
Fog/ACDC/test/GOPR0475_frame_000281_rgb_anon.png,0.0318816713988781,0.08707061409950256
Fog/ACDC/test/GOPR0476_frame_000962_rgb_anon.png,0.01755134016275406,0.03573627024888992
Fog/ACDC/test/GOPR0476_frame_000424_rgb_anon.png,0.024945616722106934,0.0587790310382843
Fog/ACDC/test/GOPR0475_frame_000235_rgb_anon.png,0.05062020570039749,0.07885871827602386
Fog/ACDC/test/GOPR0476_frame_000879_rgb_anon.png,0.017578180879354477,0.04542627930641174
Fog/ACDC/test/GOPR0475_frame_000677_rgb_anon.png,0.019098255783319473,0.0364500992000103
Fog/ACDC/test/GOPR0475_frame_000197_rgb_anon.png,0.009870508685708046,0.043453119695186615
Fog/ACDC/test/GOPR0475_frame_000174_rgb_anon.png,0.00979436095803976,0.032502397894859314
Fog/ACDC/test/GOPR0476_frame_000916_rgb_anon.png,0.018915267661213875,0.05850493907928467
Fog/ACDC/test/GOPR0475_frame_001006_rgb_anon.png,0.025519486516714096,0.0597381554543972
Fog/ACDC/test/GOPR0476_frame_000246_rgb_anon.png,0.02456073835492134,0.056286852806806564
Fog/ACDC/test/GOPR0476_frame_000107_rgb_anon.png,0.02690698951482773,0.042766131460666656
Fog/ACDC/test/GOPR0475_frame_000049_rgb_anon.png,0.012845817022025585,0.028896406292915344
Fog/ACDC/test/GOPR0476_frame_000255_rgb_anon.png,0.015460405498743057,0.028522774577140808
Fog/ACDC/test/GOPR0475_frame_000203_rgb_anon.png,0.015861578285694122,0.03043960966169834
Fog/ACDC/test/GOPR0476_frame_001039_rgb_anon.png,0.01132347621023655,0.02389535680413246
Fog/ACDC/test/GOPR0476_frame_000952_rgb_anon.png,0.016722166910767555,0.028559817001223564
Fog/ACDC/test/GP020475_frame_000130_rgb_anon.png,0.01315365917980671,0.052274204790592194
Fog/ACDC/test/GOPR0475_frame_000727_rgb_anon.png,0.015644744038581848,0.03135370463132858
Fog/ACDC/test/GOPR0476_frame_000137_rgb_anon.png,0.02966807223856449,0.05695151537656784
Fog/ACDC/test/GOPR0475_frame_000209_rgb_anon.png,0.019807428121566772,0.036566346883773804
Fog/ACDC/test/GOPR0475_frame_000611_rgb_anon.png,0.030700312927365303,0.05562862381339073
Fog/ACDC/test/GOPR0475_frame_000588_rgb_anon.png,0.02064644545316696,0.03972164914011955
Fog/ACDC/test/GOPR0475_frame_000812_rgb_anon.png,0.05247856304049492,0.12750983238220215
Fog/ACDC/test/GOPR0476_frame_001029_rgb_anon.png,0.020704932510852814,0.05371430143713951
Fog/ACDC/test/GOPR0476_frame_000284_rgb_anon.png,0.026297368109226227,0.045063748955726624
Fog/ACDC/test/GOPR0476_frame_000775_rgb_anon.png,0.02140556275844574,0.03958503156900406
Fog/ACDC/test/GP020475_frame_000088_rgb_anon.png,0.015188131481409073,0.031576842069625854
Fog/ACDC/test/GOPR0475_frame_000786_rgb_anon.png,0.016105877235531807,0.030009014531970024
Fog/ACDC/test/GP020475_frame_000006_rgb_anon.png,0.008378712460398674,0.04209015518426895
Fog/ACDC/test/GOPR0475_frame_000380_rgb_anon.png,0.005317517556250095,0.02466973289847374
Fog/ACDC/test/GOPR0476_frame_000089_rgb_anon.png,0.017019109800457954,0.03591426461935043
Fog/ACDC/test/GOPR0475_frame_000670_rgb_anon.png,0.0385257750749588,0.07710209488868713
Fog/ACDC/test/GP020475_frame_000302_rgb_anon.png,0.03957872837781906,0.09407114237546921
Fog/ACDC/test/GOPR0476_frame_000899_rgb_anon.png,0.025730140507221222,0.05409584194421768
Fog/ACDC/test/GOPR0475_frame_000154_rgb_anon.png,0.020791327580809593,0.04258156195282936
Fog/ACDC/test/GOPR0476_frame_000362_rgb_anon.png,0.015978829935193062,0.031054319813847542
Fog/ACDC/test/GOPR0476_frame_000594_rgb_anon.png,0.012071730569005013,0.02045845240354538
Fog/ACDC/test/GOPR0476_frame_001033_rgb_anon.png,0.020733101293444633,0.042537443339824677
Fog/ACDC/test/GOPR0475_frame_000881_rgb_anon.png,0.029717201367020607,0.05503927171230316
Fog/ACDC/test/GOPR0476_frame_000957_rgb_anon.png,0.01619473472237587,0.03606564179062843
Fog/ACDC/test/GP020475_frame_000001_rgb_anon.png,0.02307910844683647,0.05002795159816742
Fog/ACDC/test/GP020475_frame_000094_rgb_anon.png,0.008244199678301811,0.04700281098484993
Fog/ACDC/test/GOPR0476_frame_000935_rgb_anon.png,0.024243071675300598,0.03542573004961014
Fog/ACDC/test/GOPR0476_frame_000834_rgb_anon.png,0.024458952248096466,0.047445088624954224
Fog/ACDC/test/GOPR0475_frame_000624_rgb_anon.png,0.029938194900751114,0.10614896565675735
Fog/ACDC/test/GOPR0475_frame_000148_rgb_anon.png,0.03389168158173561,0.11062826216220856
Fog/ACDC/test/GOPR0475_frame_000185_rgb_anon.png,0.01653439737856388,0.025575263425707817
Fog/ACDC/test/GOPR0475_frame_000480_rgb_anon.png,0.014576438814401627,0.029309019446372986
Fog/ACDC/test/GOPR0476_frame_000889_rgb_anon.png,0.027178993448615074,0.05265001580119133
Fog/ACDC/test/GOPR0475_frame_000180_rgb_anon.png,0.00988343358039856,0.042193084955215454
Fog/ACDC/test/GOPR0475_frame_000686_rgb_anon.png,0.01719813421368599,0.035566478967666626
Fog/ACDC/test/GOPR0476_frame_000311_rgb_anon.png,0.024586115032434464,0.08375024795532227
Fog/ACDC/test/GOPR0475_frame_000862_rgb_anon.png,0.029557116329669952,0.05847713351249695
Fog/ACDC/test/GOPR0476_frame_000394_rgb_anon.png,0.02007788047194481,0.0471465103328228
Fog/ACDC/test/GP020475_frame_000033_rgb_anon.png,0.019431166350841522,0.0592958889901638
Fog/ACDC/test/GOPR0475_frame_000823_rgb_anon.png,0.08790110051631927,0.1653144359588623
Fog/ACDC/test/GOPR0475_frame_000300_rgb_anon.png,0.01596730947494507,0.03301549702882767
Fog/ACDC/test/GOPR0475_frame_000698_rgb_anon.png,0.03566848486661911,0.053548287600278854
Fog/ACDC/test/GP020475_frame_000125_rgb_anon.png,0.035169124603271484,0.05511153116822243
Fog/ACDC/test/GOPR0475_frame_000277_rgb_anon.png,0.0347750186920166,0.0964413434267044
Fog/ACDC/test/GOPR0476_frame_000142_rgb_anon.png,0.026100508868694305,0.04359814524650574
Fog/ACDC/test/GOPR0475_frame_000914_rgb_anon.png,0.01607605069875717,0.029105935245752335
Fog/ACDC/test/GP020475_frame_000189_rgb_anon.png,0.020149394869804382,0.03056887723505497
Fog/ACDC/test/GOPR0476_frame_001024_rgb_anon.png,0.024705585092306137,0.05065377801656723
Fog/ACDC/test/GP020475_frame_000109_rgb_anon.png,0.004018363077193499,0.04401537775993347
Fog/ACDC/test/GOPR0475_frame_000746_rgb_anon.png,0.035046517848968506,0.07326629757881165
Fog/ACDC/test/GOPR0475_frame_000708_rgb_anon.png,0.02063412219285965,0.044105902314186096
Fog/ACDC/test/GP020475_frame_000019_rgb_anon.png,0.01142050139605999,0.026436464861035347
Fog/ACDC/test/GOPR0475_frame_000844_rgb_anon.png,0.04183347523212433,0.09148664772510529
Fog/ACDC/test/GOPR0475_frame_000560_rgb_anon.png,0.015798503533005714,0.034034959971904755
Fog/ACDC/test/GOPR0476_frame_000910_rgb_anon.png,0.01784408465027809,0.03526962548494339
Fog/ACDC/test/GOPR0476_frame_000084_rgb_anon.png,0.024186046794056892,0.05585755407810211
Fog/ACDC/test/GOPR0476_frame_000894_rgb_anon.png,0.013965364545583725,0.026655003428459167
Fog/ACDC/test/GOPR0475_frame_000400_rgb_anon.png,0.010652543976902962,0.030095448717474937
Fog/ACDC/test/GOPR0476_frame_000382_rgb_anon.png,0.015259083360433578,0.02929951623082161
Fog/ACDC/test/GOPR0475_frame_000544_rgb_anon.png,0.018285084515810013,0.03519246727228165
Fog/ACDC/test/GOPR0476_frame_001055_rgb_anon.png,0.019453488290309906,0.03288447484374046
Fog/ACDC/test/GOPR0475_frame_000568_rgb_anon.png,0.01135255303233862,0.027588771656155586
Fog/ACDC/test/GOPR0475_frame_000908_rgb_anon.png,0.024784643203020096,0.042328424751758575
Fog/ACDC/test/GOPR0476_frame_001002_rgb_anon.png,0.04423324018716812,0.07586178183555603
Fog/ACDC/test/GOPR0476_frame_000940_rgb_anon.png,0.0196330938488245,0.043734386563301086
Fog/ACDC/test/GOPR0475_frame_000320_rgb_anon.png,0.0040948763489723206,0.03584616631269455
Fog/ACDC/test/GOPR0475_frame_000817_rgb_anon.png,0.0284261554479599,0.13755303621292114
Fog/ACDC/test/GP020475_frame_000282_rgb_anon.png,0.011341258883476257,0.01748366467654705
Fog/ACDC/test/GP020475_frame_000199_rgb_anon.png,0.01581050455570221,0.03589445352554321
Fog/ACDC/test/GOPR0475_frame_000528_rgb_anon.png,0.023756813257932663,0.05158455669879913
Fog/ACDC/test/GOPR0475_frame_000556_rgb_anon.png,0.014227688312530518,0.02723747491836548
Fog/ACDC/test/GOPR0475_frame_000285_rgb_anon.png,0.021001014858484268,0.03881877660751343
Fog/ACDC/test/GOPR0476_frame_000798_rgb_anon.png,0.02702242136001587,0.0566331185400486
Fog/ACDC/test/GOPR0476_frame_000854_rgb_anon.png,0.042675942182540894,0.09422764182090759
Fog/ACDC/test/GOPR0476_frame_000259_rgb_anon.png,0.04073483496904373,0.062165070325136185
Fog/ACDC/test/GOPR0476_frame_000921_rgb_anon.png,0.026368845254182816,0.04120148718357086
Fog/ACDC/test/GOPR0476_frame_000102_rgb_anon.png,0.030769921839237213,0.051509566605091095
Fog/ACDC/test/GP020475_frame_000173_rgb_anon.png,0.015085151419043541,0.04010439291596413
Fog/ACDC/test/GOPR0476_frame_000469_rgb_anon.png,0.03062812238931656,0.08563670516014099
Fog/ACDC/test/GOPR0476_frame_000351_rgb_anon.png,0.02514653652906418,0.07625815272331238
Fog/ACDC/test/GP020475_frame_000081_rgb_anon.png,0.018695415928959846,0.03516554832458496
Fog/ACDC/test/GOPR0476_frame_000884_rgb_anon.png,0.0283774696290493,0.05633213371038437
Fog/ACDC/test/GOPR0476_frame_000508_rgb_anon.png,0.022855866700410843,0.04695412516593933
Fog/ACDC/test/GOPR0476_frame_000840_rgb_anon.png,0.020191259682178497,0.03683711588382721
Fog/ACDC/test/GOPR0476_frame_000071_rgb_anon.png,0.016731439158320427,0.029909556731581688
Fog/ACDC/test/GOPR0475_frame_000495_rgb_anon.png,0.02815292775630951,0.04937724024057388
Fog/ACDC/test/GOPR0476_frame_000982_rgb_anon.png,0.03000289388000965,0.05472199618816376
Fog/ACDC/test/GP020475_frame_000264_rgb_anon.png,0.02048483118414879,0.05601444095373154
Fog/ACDC/test/GOPR0476_frame_000416_rgb_anon.png,0.019367815926671028,0.03788880258798599
Fog/ACDC/test/GOPR0475_frame_000894_rgb_anon.png,0.01538736280053854,0.033792849630117416
Fog/ACDC/test/GOPR0476_frame_000076_rgb_anon.png,0.013362820260226727,0.030454833060503006
Fog/ACDC/test/GOPR0476_frame_000864_rgb_anon.png,0.021022548899054527,0.03733992576599121
Fog/ACDC/test/GOPR0476_frame_000056_rgb_anon.png,0.023165244609117508,0.04601265862584114
Fog/ACDC/test/GOPR0475_frame_000926_rgb_anon.png,0.012443692423403263,0.03610605001449585
Fog/ACDC/test/GP020475_frame_000140_rgb_anon.png,0.022610733285546303,0.03878351300954819
Fog/ACDC/test/GOPR0475_frame_000116_rgb_anon.png,0.039970725774765015,0.07415972650051117
Fog/ACDC/test/GOPR0475_frame_000135_rgb_anon.png,0.027485670521855354,0.05652222782373428
Fog/ACDC/test/GOPR0475_frame_000630_rgb_anon.png,0.02367660589516163,0.051823265850543976
Fog/ACDC/test/GOPR0475_frame_000703_rgb_anon.png,0.02824900671839714,0.05820979177951813
Fog/ACDC/test/GOPR0476_frame_000826_rgb_anon.png,0.0158538781106472,0.029299164190888405
Fog/ACDC/test/GP020475_frame_000054_rgb_anon.png,0.01980067417025566,0.05029425024986267
Fog/ACDC/test/GOPR0476_frame_000456_rgb_anon.png,0.022303394973278046,0.039393045008182526
Fog/ACDC/test/GOPR0476_frame_001019_rgb_anon.png,0.017044540494680405,0.02462674304842949
Fog/ACDC/test/GOPR0475_frame_000564_rgb_anon.png,0.012621523812413216,0.032602593302726746
Fog/ACDC/test/GOPR0476_frame_000180_rgb_anon.png,0.014673254452645779,0.024220068007707596
Fog/ACDC/test/GOPR0475_frame_000682_rgb_anon.png,0.010976619087159634,0.033321596682071686
Fog/ACDC/test/GOPR0475_frame_000873_rgb_anon.png,0.03631442412734032,0.07631711661815643
Fog/ACDC/test/GOPR0476_frame_000850_rgb_anon.png,0.02721726894378662,0.04741985350847244
Fog/ACDC/test/GOPR0475_frame_000735_rgb_anon.png,0.0009985339129343629,0.06085186079144478
Fog/ACDC/test/GOPR0475_frame_000260_rgb_anon.png,0.021809011697769165,0.09478180855512619
Fog/ACDC/test/GP020475_frame_000229_rgb_anon.png,0.0239532683044672,0.04067746549844742
Fog/ACDC/test/GOPR0475_frame_000128_rgb_anon.png,0.01864597387611866,0.03324349224567413
Fog/ACDC/test/GOPR0476_frame_000020_rgb_anon.png,0.02731373906135559,0.05056494101881981
Fog/ACDC/test/GOPR0475_frame_000690_rgb_anon.png,0.021791333332657814,0.04183842986822128
Fog/ACDC/test/GOPR0475_frame_000247_rgb_anon.png,0.018612131476402283,0.035840220749378204
Fog/ACDC/test/GOPR0475_frame_000723_rgb_anon.png,-0.004748654551804066,0.0671951100230217
Fog/ACDC/test/GP020475_frame_000011_rgb_anon.png,0.007915467023849487,0.018397677689790726
Fog/ACDC/test/GOPR0475_frame_000289_rgb_anon.png,0.014349624514579773,0.040463849902153015
Fog/ACDC/test/GOPR0475_frame_000360_rgb_anon.png,0.0196920745074749,0.03718283399939537
Fog/ACDC/test/GOPR0475_frame_000920_rgb_anon.png,0.012294776737689972,0.02452901378273964
Fog/ACDC/test/GOPR0476_frame_000187_rgb_anon.png,0.01744046062231064,0.02654116600751877
Fog/ACDC/test/GOPR0476_frame_000399_rgb_anon.png,0.020188238471746445,0.05043045058846474
Fog/ACDC/test/GOPR0476_frame_001015_rgb_anon.png,0.021419312804937363,0.032902296632528305
Fog/ACDC/test/GOPR0476_frame_000528_rgb_anon.png,0.02111794613301754,0.03470093011856079
Fog/ACDC/test/GOPR0476_frame_000080_rgb_anon.png,0.01654066890478134,0.04279591143131256
Fog/ACDC/test/GP020475_frame_000119_rgb_anon.png,0.030520308762788773,0.06380251049995422
Fog/ACDC/test/GOPR0475_frame_000161_rgb_anon.png,0.016328733414411545,0.03480159863829613
Fog/ACDC/test/GOPR0475_frame_000191_rgb_anon.png,0.008506571874022484,0.017491275444626808
Fog/ACDC/test/GP020475_frame_000160_rgb_anon.png,0.0164487361907959,0.02644532546401024
Fog/ACDC/test/GOPR0475_frame_000900_rgb_anon.png,0.013882359489798546,0.03156370669603348
Fog/ACDC/test/GOPR0476_frame_000926_rgb_anon.png,0.008488958701491356,0.03163265436887741
Fog/ACDC/test/GOPR0476_frame_000241_rgb_anon.png,0.05357104539871216,0.1024554893374443
Fog/ACDC/test/GOPR0476_frame_000948_rgb_anon.png,0.01622055098414421,0.025138331577181816
Fog/ACDC/test/GOPR0475_frame_000252_rgb_anon.png,0.05537327378988266,0.14839452505111694
Fog/ACDC/test/GOPR0476_frame_000297_rgb_anon.png,0.005166518501937389,0.08947905898094177
Fog/ACDC/test/GOPR0475_frame_000293_rgb_anon.png,0.018488261848688126,0.029067333787679672
Fog/ACDC/test/GOPR0476_frame_001060_rgb_anon.png,0.016022853553295135,0.02885742112994194
Fog/ACDC/test/GOPR0475_frame_000740_rgb_anon.png,0.025022046640515327,0.08735920488834381
Fog/ACDC/test/GOPR0476_frame_000368_rgb_anon.png,0.022914137691259384,0.05059146508574486
Fog/ACDC/test/GOPR0476_frame_000036_rgb_anon.png,0.021459974348545074,0.04303036257624626
Fog/ACDC/test/GOPR0475_frame_000168_rgb_anon.png,0.01226907130330801,0.02745496667921543
Fog/ACDC/test/GOPR0476_frame_000264_rgb_anon.png,0.02169233001768589,0.034966617822647095
Fog/ACDC/test/GOPR0476_frame_000788_rgb_anon.png,0.018752731382846832,0.03878623992204666
Fog/ACDC/test/GOPR0475_frame_000488_rgb_anon.png,-0.006133565213531256,0.0412089079618454
Fog/ACDC/test/GOPR0475_frame_000606_rgb_anon.png,0.016343172639608383,0.05941313877701759
Fog/ACDC/test/GOPR0476_frame_000874_rgb_anon.png,0.01644377037882805,0.031747739762067795
Fog/ACDC/test/GOPR0476_frame_000462_rgb_anon.png,0.016106009483337402,0.03774639219045639
Fog/ACDC/test/GOPR0476_frame_000357_rgb_anon.png,0.02298278547823429,0.08334106206893921
Fog/ACDC/test/GOPR0476_frame_000098_rgb_anon.png,0.011459603905677795,0.02826106548309326
Fog/ACDC/test/GOPR0476_frame_000859_rgb_anon.png,0.028339911252260208,0.05685686692595482
Fog/ACDC/test/GOPR0476_frame_000028_rgb_anon.png,0.0363626554608345,0.05217251554131508
Fog/ACDC/test/GOPR0475_frame_000501_rgb_anon.png,0.010235888883471489,0.04995160177350044
Fog/ACDC/test/GOPR0475_frame_000440_rgb_anon.png,0.019370974972844124,0.03904946148395538
Fog/ACDC/test/GOPR0476_frame_000133_rgb_anon.png,0.02911505661904812,0.06633831560611725
Fog/ACDC/test/GP020475_frame_000179_rgb_anon.png,0.014695304445922375,0.036584362387657166
Fog/ACDC/test/GP020475_frame_000194_rgb_anon.png,0.033248595893383026,0.09117772430181503
Fog/ACDC/test/GOPR0475_frame_000867_rgb_anon.png,0.030485820025205612,0.10672260820865631
Fog/ACDC/test/GOPR0476_frame_000904_rgb_anon.png,0.023622598499059677,0.03314128518104553
Fog/ACDC/test/GOPR0475_frame_000508_rgb_anon.png,0.045671604573726654,0.08790640532970428
Fog/ACDC/test/GOPR0476_frame_000127_rgb_anon.png,0.014779563993215561,0.024441521614789963
Fog/ACDC/test/GOPR0475_frame_000694_rgb_anon.png,0.03180398792028427,0.07748991250991821
Fog/ACDC/test/GOPR0476_frame_000094_rgb_anon.png,0.020749658346176147,0.03837939351797104
Fog/ACDC/test/GP020475_frame_000292_rgb_anon.png,0.025818340480327606,0.05003085732460022
Fog/ACDC/test/GOPR0475_frame_000619_rgb_anon.png,0.03399815410375595,0.058380573987960815
Fog/ACDC/test/GOPR0475_frame_000273_rgb_anon.png,0.02456146851181984,0.0534307137131691
Fog/ACDC/test/GP020475_frame_000135_rgb_anon.png,0.015007579699158669,0.03074640966951847
Fog/ACDC/test/GOPR0476_frame_000869_rgb_anon.png,0.014752645045518875,0.02546556107699871
Fog/ACDC/test/GOPR0475_frame_000041_rgb_anon.png,0.025592803955078125,0.08271139860153198
Fog/ACDC/test/GOPR0475_frame_000122_rgb_anon.png,0.01434156484901905,0.029636044055223465
Fog/ACDC/test/GOPR0475_frame_000799_rgb_anon.png,0.03865666314959526,0.07660231739282608
Fog/ACDC/test/GOPR0476_frame_000331_rgb_anon.png,0.016634583473205566,0.0362311452627182
Fog/ACDC/test/GOPR0476_frame_000251_rgb_anon.png,0.01813916116952896,0.036717042326927185
Fog/ACDC/test/GOPR0476_frame_000481_rgb_anon.png,0.012402577325701714,0.03693929314613342
Fog/ACDC/test/GOPR0476_frame_000518_rgb_anon.png,0.021311189979314804,0.04480747878551483
Fog/ACDC/test/GOPR0475_frame_000856_rgb_anon.png,0.02455488219857216,0.04554878547787666
Fog/ACDC/test/GOPR0476_frame_000781_rgb_anon.png,0.012333352118730545,0.025464754551649094
Fog/ACDC/test/GOPR0475_frame_000256_rgb_anon.png,0.06178673356771469,0.21833130717277527
Fog/ACDC/test/GOPR0476_frame_000931_rgb_anon.png,0.02008596435189247,0.06165888160467148
Fog/ACDC/test/GP020475_frame_000184_rgb_anon.png,0.017732467502355576,0.02985144406557083
Fog/ACDC/test/GOPR0475_frame_000718_rgb_anon.png,0.03515204042196274,0.08291041851043701
Fog/ACDC/test/GOPR0476_frame_000389_rgb_anon.png,0.02056954801082611,0.04002280905842781
Fog/ACDC/test/GP020475_frame_000015_rgb_anon.png,0.014352347701787949,0.026310740038752556
Fog/ACDC/test/GOPR0476_frame_000845_rgb_anon.png,0.020471785217523575,0.03686884045600891
Fog/ACDC/test/GOPR0475_frame_000804_rgb_anon.png,0.0414709635078907,0.1255798041820526
Fog/ACDC/test/GOPR0476_frame_000001_rgb_anon.png,0.01678488217294216,0.030459322035312653
Fog/ACDC/test/GOPR0475_frame_000550_rgb_anon.png,0.036713793873786926,0.08693818002939224
Fog/ACDC/test/GOPR0476_frame_000475_rgb_anon.png,0.02741265296936035,0.046226032078266144
Fog/ACDC/test/GOPR0475_frame_000886_rgb_anon.png,0.0326373353600502,0.06723329424858093
Fog/ACDC/test/GOPR0475_frame_000096_rgb_anon.png,0.03484304994344711,0.06151888519525528
Fog/ACDC/test/GOPR0476_frame_000944_rgb_anon.png,0.016275955364108086,0.0832180455327034
Fog/ACDC/test/GOPR0476_frame_000769_rgb_anon.png,0.011508245952427387,0.01943400874733925
Fog/ACDC/test/GOPR0476_frame_000429_rgb_anon.png,0.011654892936348915,0.03913456201553345
Fog/ACDC/test/GOPR0476_frame_001011_rgb_anon.png,0.026742687448859215,0.04191145300865173
Fog/ACDC/test/GOPR0476_frame_001007_rgb_anon.png,0.006869449280202389,0.022905895486474037
Fog/ACDC/test/GOPR0475_frame_000939_rgb_anon.png,0.03077526204288006,0.0922698825597763
Fog/ACDC/test/GOPR0475_frame_000269_rgb_anon.png,0.010363118723034859,0.024518080055713654
Fog/ACDC/test/GOPR0476_frame_000501_rgb_anon.png,0.036242302507162094,0.06168239563703537
Fog/ACDC/test/GP020475_frame_000249_rgb_anon.png,0.018451157957315445,0.04746709764003754
Fog/ACDC/test/GP020475_frame_000050_rgb_anon.png,0.03284801170229912,0.06552446633577347
Fog/ACDC/test/GP020475_frame_000209_rgb_anon.png,0.023412438109517097,0.04296230152249336
Fog/ACDC/test/GOPR0475_frame_000215_rgb_anon.png,0.012459814548492432,0.033311039209365845
Fog/ACDC/test/GP020475_frame_000037_rgb_anon.png,0.029537450522184372,0.07649373263120651
Fog/ACDC/test/GOPR0475_frame_000650_rgb_anon.png,0.02739744260907173,0.04024070128798485
Fog/ACDC/test/GOPR0475_frame_000731_rgb_anon.png,-0.003383846487849951,0.045624084770679474
Fog/ACDC/test/GP020475_frame_000204_rgb_anon.png,0.036531295627355576,0.06137701869010925
Fog/ACDC/test/GOPR0476_frame_000523_rgb_anon.png,0.012312592938542366,0.03943042829632759
Fog/ACDC/test/GOPR0476_frame_000172_rgb_anon.png,0.013777103275060654,0.0221126489341259
Fog/ACDC/train/GOPR0478_frame_000992_rgb_anon.png,0.1682930737733841,0.3326129913330078
Fog/ACDC/train/GP020478_frame_000016_rgb_anon.png,0.01209939643740654,0.023044154047966003
Fog/ACDC/train/GP010478_frame_001024_rgb_anon.png,0.01229521818459034,0.03470871224999428
Fog/ACDC/train/GP010475_frame_000270_rgb_anon.png,0.0182017982006073,0.044687479734420776
Fog/ACDC/train/GP010477_frame_000200_rgb_anon.png,0.004938082303851843,0.01933109760284424
Fog/ACDC/train/GP010475_frame_000191_rgb_anon.png,0.040038347244262695,0.11034448444843292
Fog/ACDC/train/GP010478_frame_000037_rgb_anon.png,0.05782749503850937,0.09472143650054932
Fog/ACDC/train/GP010477_frame_000204_rgb_anon.png,0.010199131444096565,0.026095882058143616
Fog/ACDC/train/GP020478_frame_000142_rgb_anon.png,0.007018015719950199,0.017857849597930908
Fog/ACDC/train/GP010478_frame_000195_rgb_anon.png,0.02972259745001793,0.0654803141951561
Fog/ACDC/train/GP010475_frame_000491_rgb_anon.png,0.025186438113451004,0.055670589208602905
Fog/ACDC/train/GOPR0478_frame_000676_rgb_anon.png,0.1185058206319809,0.2894815504550934
Fog/ACDC/train/GP010477_frame_000393_rgb_anon.png,0.006901072803884745,0.017773576080799103
Fog/ACDC/train/GP010477_frame_000661_rgb_anon.png,0.01917603425681591,0.08339840173721313
Fog/ACDC/train/GP020478_frame_000026_rgb_anon.png,0.007536548655480146,0.015332129783928394
Fog/ACDC/train/GP010477_frame_000265_rgb_anon.png,0.015641875565052032,0.041683927178382874
Fog/ACDC/train/GP010478_frame_000065_rgb_anon.png,0.046426184475421906,0.09818461537361145
Fog/ACDC/train/GP010476_frame_000181_rgb_anon.png,0.030621342360973358,0.06595209240913391
Fog/ACDC/train/GP020478_frame_000103_rgb_anon.png,0.008081579580903053,0.046174488961696625
Fog/ACDC/train/GP010476_frame_000142_rgb_anon.png,0.030638398602604866,0.09817685186862946
Fog/ACDC/train/GP010478_frame_000392_rgb_anon.png,0.024482354521751404,0.04260409623384476
Fog/ACDC/train/GOPR0478_frame_001017_rgb_anon.png,0.011330547742545605,0.056614600121974945
Fog/ACDC/train/GP010478_frame_000932_rgb_anon.png,0.008522102609276772,0.0527033656835556
Fog/ACDC/train/GP010478_frame_000444_rgb_anon.png,0.03798093646764755,0.05353913828730583
Fog/ACDC/train/GOPR0478_frame_000243_rgb_anon.png,0.0047706542536616325,0.08399255573749542
Fog/ACDC/train/GOPR0478_frame_000140_rgb_anon.png,0.011486406438052654,0.019765108823776245
Fog/ACDC/train/GP010475_frame_000125_rgb_anon.png,0.014954020269215107,0.04371905326843262
Fog/ACDC/train/GOPR0479_frame_000418_rgb_anon.png,0.012570585124194622,0.03145190328359604
Fog/ACDC/train/GP010478_frame_000965_rgb_anon.png,0.15314911305904388,0.3113380968570709
Fog/ACDC/train/GP010475_frame_001058_rgb_anon.png,0.01713736727833748,0.058698128908872604
Fog/ACDC/train/GP010475_frame_000597_rgb_anon.png,0.021672405302524567,0.06381120532751083
Fog/ACDC/train/GP010475_frame_000295_rgb_anon.png,0.043212320655584335,0.0923176109790802
Fog/ACDC/train/GP010477_frame_000361_rgb_anon.png,0.017711341381072998,0.06396014988422394
Fog/ACDC/train/GOPR0478_frame_000977_rgb_anon.png,0.16110558807849884,0.5044591426849365
Fog/ACDC/train/GP010476_frame_000031_rgb_anon.png,0.022351020947098732,0.044577933847904205
Fog/ACDC/train/GP010475_frame_000006_rgb_anon.png,0.012194782495498657,0.054574135690927505
Fog/ACDC/train/GOPR0479_frame_000119_rgb_anon.png,0.005446272902190685,0.043048955500125885
Fog/ACDC/train/GOPR0478_frame_000304_rgb_anon.png,0.028292188420891762,0.048184752464294434
Fog/ACDC/train/GP010477_frame_000137_rgb_anon.png,0.01752440072596073,0.027920681983232498
Fog/ACDC/train/GP010478_frame_000972_rgb_anon.png,0.04381789267063141,0.06460550427436829
Fog/ACDC/train/GP010477_frame_000257_rgb_anon.png,0.056343719363212585,0.14276298880577087
Fog/ACDC/train/GOPR0478_frame_000328_rgb_anon.png,0.022277086973190308,0.03878462314605713
Fog/ACDC/train/GP010475_frame_000265_rgb_anon.png,0.011556480079889297,0.024975553154945374
Fog/ACDC/train/GOPR0478_frame_000628_rgb_anon.png,0.02418264001607895,0.0530230775475502
Fog/ACDC/train/GOPR0477_frame_001018_rgb_anon.png,0.029493235051631927,0.05654074251651764
Fog/ACDC/train/GP010475_frame_000541_rgb_anon.png,0.022384073585271835,0.04936199635267258
Fog/ACDC/train/GP010478_frame_000317_rgb_anon.png,0.02843611314892769,0.06804166734218597
Fog/ACDC/train/GP010475_frame_000278_rgb_anon.png,0.016025757417082787,0.0314713716506958
Fog/ACDC/train/GP010475_frame_000145_rgb_anon.png,0.030901193618774414,0.07306614518165588
Fog/ACDC/train/GP010477_frame_000196_rgb_anon.png,0.025216715410351753,0.05239848047494888
Fog/ACDC/train/GP010475_frame_000831_rgb_anon.png,0.016125112771987915,0.031877756118774414
Fog/ACDC/train/GP010478_frame_001002_rgb_anon.png,0.01843080297112465,0.03675215691328049
Fog/ACDC/train/GP010476_frame_000120_rgb_anon.png,0.023812592029571533,0.042247384786605835
Fog/ACDC/train/GP020478_frame_000062_rgb_anon.png,0.013917570933699608,0.02718421258032322
Fog/ACDC/train/GP010477_frame_000577_rgb_anon.png,0.04008220136165619,0.06353455781936646
Fog/ACDC/train/GOPR0480_frame_000123_rgb_anon.png,0.019186535850167274,0.029181109741330147
Fog/ACDC/train/GOPR0479_frame_000406_rgb_anon.png,0.013747574761509895,0.0373898521065712
Fog/ACDC/train/GOPR0477_frame_000742_rgb_anon.png,0.02738797850906849,0.07381343841552734
Fog/ACDC/train/GP010478_frame_000326_rgb_anon.png,0.02889133244752884,0.051551129668951035
Fog/ACDC/train/GP010477_frame_000401_rgb_anon.png,0.015947576612234116,0.04196963086724281
Fog/ACDC/train/GP010478_frame_001029_rgb_anon.png,0.02411838248372078,0.0352243147790432
Fog/ACDC/train/GP010478_frame_000162_rgb_anon.png,0.011269643902778625,0.028758753091096878
Fog/ACDC/train/GOPR0477_frame_000625_rgb_anon.png,0.028899800032377243,0.05664762109518051
Fog/ACDC/train/GP010478_frame_000500_rgb_anon.png,0.15361304581165314,0.37912243604660034
Fog/ACDC/train/GP010475_frame_000592_rgb_anon.png,0.027239566668868065,0.04841410368680954
Fog/ACDC/train/GP010475_frame_000795_rgb_anon.png,0.028790567070245743,0.05399522930383682
Fog/ACDC/train/GP010478_frame_000798_rgb_anon.png,0.013418257236480713,0.03232960402965546
Fog/ACDC/train/GP010477_frame_000143_rgb_anon.png,0.011111468076705933,0.02512391284108162
Fog/ACDC/train/GOPR0478_frame_000668_rgb_anon.png,0.020539388060569763,0.035813458263874054
Fog/ACDC/train/GP010477_frame_000581_rgb_anon.png,0.01738213747739792,0.04471106827259064
Fog/ACDC/train/GOPR0478_frame_000564_rgb_anon.png,0.018231652677059174,0.03969540074467659
Fog/ACDC/train/GP010475_frame_000688_rgb_anon.png,0.005996696650981903,0.03647478297352791
Fog/ACDC/train/GP010475_frame_000694_rgb_anon.png,0.01294620055705309,0.023922519758343697
Fog/ACDC/train/GP010477_frame_000224_rgb_anon.png,0.018621038645505905,0.04334481060504913
Fog/ACDC/train/GP010476_frame_000051_rgb_anon.png,0.016415681689977646,0.039663657546043396
Fog/ACDC/train/GOPR0477_frame_000253_rgb_anon.png,0.01772831752896309,0.029024899005889893
Fog/ACDC/train/GP010478_frame_001012_rgb_anon.png,0.01709713786840439,0.04683113098144531
Fog/ACDC/train/GOPR0477_frame_000474_rgb_anon.png,0.01459464617073536,0.04648889601230621
Fog/ACDC/train/GP010475_frame_000320_rgb_anon.png,0.018202021718025208,0.05484834313392639
Fog/ACDC/train/GOPR0479_frame_000318_rgb_anon.png,-0.0004963481333106756,0.02190946787595749
Fog/ACDC/train/GP010475_frame_000801_rgb_anon.png,0.015712860971689224,0.158431276679039
Fog/ACDC/train/GOPR0479_frame_000195_rgb_anon.png,0.01147506944835186,0.03185458108782768
Fog/ACDC/train/GP010477_frame_000605_rgb_anon.png,0.024941015988588333,0.036162592470645905
Fog/ACDC/train/GOPR0478_frame_000153_rgb_anon.png,0.017984870821237564,0.026841750368475914
Fog/ACDC/train/GP010476_frame_000281_rgb_anon.png,0.03059842810034752,0.11139334738254547
Fog/ACDC/train/GP010475_frame_000346_rgb_anon.png,0.01743469014763832,0.03676643595099449
Fog/ACDC/train/GP010477_frame_000568_rgb_anon.png,0.02407734841108322,0.054040707647800446
Fog/ACDC/train/GOPR0480_frame_000210_rgb_anon.png,0.013185782358050346,0.04570622369647026
Fog/ACDC/train/GOPR0478_frame_000554_rgb_anon.png,0.03920690715312958,0.06536389887332916
Fog/ACDC/train/GP010476_frame_000063_rgb_anon.png,0.01780775934457779,0.038651399314403534
Fog/ACDC/train/GP010477_frame_000248_rgb_anon.png,0.017592426389455795,0.03403761237859726
Fog/ACDC/train/GP010477_frame_000274_rgb_anon.png,0.013669447973370552,0.02539747767150402
Fog/ACDC/train/GP020478_frame_000038_rgb_anon.png,0.013956774957478046,0.0570894218981266
Fog/ACDC/train/GP020478_frame_000086_rgb_anon.png,0.006597550585865974,0.02497865818440914
Fog/ACDC/train/GOPR0477_frame_001014_rgb_anon.png,0.07488009333610535,0.11725811660289764
Fog/ACDC/train/GP010478_frame_000584_rgb_anon.png,0.008733607828617096,0.05047474056482315
Fog/ACDC/train/GP010475_frame_000444_rgb_anon.png,0.039568185806274414,0.07777111232280731
Fog/ACDC/train/GP010475_frame_000141_rgb_anon.png,0.023853808641433716,0.0673377513885498
Fog/ACDC/train/GP010475_frame_000567_rgb_anon.png,0.030589494854211807,0.05569232627749443
Fog/ACDC/train/GP010478_frame_000266_rgb_anon.png,0.02937828190624714,0.11894980072975159
Fog/ACDC/train/GOPR0477_frame_000229_rgb_anon.png,0.02697627618908882,0.041636500507593155
Fog/ACDC/train/GOPR0477_frame_000870_rgb_anon.png,0.014063366688787937,0.02978592738509178
Fog/ACDC/train/GP010475_frame_000316_rgb_anon.png,0.01840474084019661,0.06877736747264862
Fog/ACDC/train/GP010478_frame_000710_rgb_anon.png,0.014763720333576202,0.032064154744148254
Fog/ACDC/train/GOPR0478_frame_000211_rgb_anon.png,0.02308860421180725,0.06608857214450836
Fog/ACDC/train/GP010477_frame_000164_rgb_anon.png,0.009340865537524223,0.026051416993141174
Fog/ACDC/train/GP010477_frame_000169_rgb_anon.png,0.024322379380464554,0.07765133678913116
Fog/ACDC/train/GP010475_frame_000043_rgb_anon.png,0.019890764728188515,0.06180722266435623
Fog/ACDC/train/GOPR0480_frame_000029_rgb_anon.png,0.015909774228930473,0.037876203656196594
Fog/ACDC/train/GOPR0478_frame_000937_rgb_anon.png,0.014057351276278496,0.024695217609405518
Fog/ACDC/train/GP010478_frame_000531_rgb_anon.png,0.0655030906200409,0.11691814661026001
Fog/ACDC/train/GOPR0477_frame_000489_rgb_anon.png,0.01027199998497963,0.027786076068878174
Fog/ACDC/train/GP020478_frame_000189_rgb_anon.png,0.030225075781345367,0.059100959450006485
Fog/ACDC/train/GP010475_frame_000505_rgb_anon.png,0.019010694697499275,0.07447763532400131
Fog/ACDC/train/GP010478_frame_000882_rgb_anon.png,0.03408704325556755,0.060767319053411484
Fog/ACDC/train/GOPR0478_frame_000539_rgb_anon.png,0.03515953570604324,0.06120047718286514
Fog/ACDC/train/GOPR0478_frame_000239_rgb_anon.png,0.013328207656741142,0.02778599224984646
Fog/ACDC/train/GOPR0477_frame_000599_rgb_anon.png,0.04044027253985405,0.06877060979604721
Fog/ACDC/train/GP010478_frame_000630_rgb_anon.png,0.008093536831438541,0.04680558294057846
Fog/ACDC/train/GP020478_frame_000184_rgb_anon.png,0.024730999022722244,0.05679613724350929
Fog/ACDC/train/GP010475_frame_000561_rgb_anon.png,0.02112528495490551,0.031721532344818115
Fog/ACDC/train/GP010476_frame_000084_rgb_anon.png,0.01964431442320347,0.034467313438653946
Fog/ACDC/train/GOPR0478_frame_000215_rgb_anon.png,0.014769339933991432,0.024716095998883247
Fog/ACDC/train/GP010475_frame_000308_rgb_anon.png,0.024871904402971268,0.05706889182329178
Fog/ACDC/train/GOPR0478_frame_000647_rgb_anon.png,0.03634926304221153,0.07637891918420792
Fog/ACDC/train/GP010478_frame_000808_rgb_anon.png,0.020163754001259804,0.04648348689079285
Fog/ACDC/train/GOPR0478_frame_000075_rgb_anon.png,-0.006122231483459473,0.08259539306163788
Fog/ACDC/train/GOPR0478_frame_000574_rgb_anon.png,0.0073848203755915165,0.04887528717517853
Fog/ACDC/train/GOPR0477_frame_000865_rgb_anon.png,0.01459508016705513,0.04461609199643135
Fog/ACDC/train/GP020478_frame_000138_rgb_anon.png,0.008261969313025475,0.01308274082839489
Fog/ACDC/train/GP010477_frame_000289_rgb_anon.png,0.018608959391713142,0.0487925261259079
Fog/ACDC/train/GP010478_frame_000167_rgb_anon.png,0.02703450620174408,0.06109113246202469
Fog/ACDC/train/GP010478_frame_000614_rgb_anon.png,0.022916577756404877,0.07578184455633163
Fog/ACDC/train/GP010475_frame_000070_rgb_anon.png,-0.002658753888681531,0.5401301383972168
Fog/ACDC/train/GOPR0477_frame_000957_rgb_anon.png,0.023539647459983826,0.06398838758468628
Fog/ACDC/train/GP010475_frame_000631_rgb_anon.png,0.03574572503566742,0.06417979300022125
Fog/ACDC/train/GOPR0477_frame_001006_rgb_anon.png,0.036989834159612656,0.06230279058218002
Fog/ACDC/train/GP010478_frame_000377_rgb_anon.png,0.015663992613554,0.0340699627995491
Fog/ACDC/train/GP010477_frame_000633_rgb_anon.png,0.012394910678267479,0.08387614041566849
Fog/ACDC/train/GP010475_frame_000762_rgb_anon.png,0.019214676693081856,0.055785808712244034
Fog/ACDC/train/GOPR0477_frame_000223_rgb_anon.png,0.03781978040933609,0.06331406533718109
Fog/ACDC/train/GP010476_frame_000199_rgb_anon.png,0.014594711363315582,0.030114054679870605
Fog/ACDC/train/GP010478_frame_000428_rgb_anon.png,0.015840794891119003,0.05356847122311592
Fog/ACDC/train/GP010476_frame_000610_rgb_anon.png,0.015541533008217812,0.11435851454734802
Fog/ACDC/train/GP010475_frame_000587_rgb_anon.png,0.01858394220471382,0.0381014421582222
Fog/ACDC/train/GP010477_frame_000563_rgb_anon.png,0.015738610178232193,0.027896642684936523
Fog/ACDC/train/GOPR0477_frame_000876_rgb_anon.png,0.01999005302786827,0.03676491230726242
Fog/ACDC/train/GP010478_frame_000858_rgb_anon.png,0.005599556490778923,0.0901031494140625
Fog/ACDC/train/GP010478_frame_000820_rgb_anon.png,0.013323484919965267,0.0220484659075737
Fog/ACDC/train/GP010475_frame_000514_rgb_anon.png,0.010232321918010712,0.02255352772772312
Fog/ACDC/train/GP010475_frame_000131_rgb_anon.png,0.0625033974647522,0.1456412374973297
Fog/ACDC/train/GOPR0477_frame_000374_rgb_anon.png,0.03646739572286606,0.07775063812732697
Fog/ACDC/train/GP010478_frame_000096_rgb_anon.png,0.027601538226008415,0.07568348944187164
Fog/ACDC/train/GP010475_frame_001048_rgb_anon.png,0.01819082349538803,0.029807819053530693
Fog/ACDC/train/GP010478_frame_000870_rgb_anon.png,0.001053930725902319,0.1684541404247284
Fog/ACDC/train/GP020478_frame_000042_rgb_anon.png,0.05627640336751938,0.1407214105129242
Fog/ACDC/train/GP020478_frame_000095_rgb_anon.png,0.01191396452486515,0.02489522472023964
Fog/ACDC/train/GP010478_frame_000208_rgb_anon.png,0.025050954893231392,0.09275829792022705
Fog/ACDC/train/GOPR0478_frame_000632_rgb_anon.png,0.011418940499424934,0.03778082877397537
Fog/ACDC/train/GOPR0477_frame_000778_rgb_anon.png,0.011583592742681503,0.08613155037164688
Fog/ACDC/train/GP010476_frame_000204_rgb_anon.png,0.011219087056815624,0.03571698069572449
Fog/ACDC/train/GOPR0477_frame_000815_rgb_anon.png,0.007966365665197372,0.034349460154771805
Fog/ACDC/train/GOPR0478_frame_000930_rgb_anon.png,0.04086553677916527,0.05874112993478775
Fog/ACDC/train/GP010477_frame_000253_rgb_anon.png,0.03259176388382912,0.08310640603303909
Fog/ACDC/train/GP010476_frame_000289_rgb_anon.png,0.023981848731637,0.08293761312961578
Fog/ACDC/train/GOPR0477_frame_001010_rgb_anon.png,0.025067180395126343,0.07249437272548676
Fog/ACDC/train/GP010477_frame_000621_rgb_anon.png,0.01125781238079071,0.031459990888834
Fog/ACDC/train/GP010475_frame_000342_rgb_anon.png,0.041663866490125656,0.09587471187114716
Fog/ACDC/train/GOPR0477_frame_000706_rgb_anon.png,0.03539768606424332,0.06206398457288742
Fog/ACDC/train/GOPR0478_frame_000191_rgb_anon.png,0.025520578026771545,0.05185765400528908
Fog/ACDC/train/GOPR0477_frame_000732_rgb_anon.png,0.015297330915927887,0.029102474451065063
Fog/ACDC/train/GP010478_frame_000515_rgb_anon.png,0.02378281205892563,0.04865696281194687
Fog/ACDC/train/GOPR0478_frame_000144_rgb_anon.png,0.011054366827011108,0.025207363069057465
Fog/ACDC/train/GP010475_frame_000286_rgb_anon.png,0.024434585124254227,0.041204601526260376
Fog/ACDC/train/GOPR0477_frame_000761_rgb_anon.png,0.02362910844385624,0.05527019500732422
Fog/ACDC/train/GP010477_frame_000188_rgb_anon.png,0.014256022870540619,0.04936695843935013
Fog/ACDC/train/GP010475_frame_000481_rgb_anon.png,0.024945270270109177,0.041060466319322586
Fog/ACDC/train/GP010475_frame_000815_rgb_anon.png,0.01829741708934307,0.06226125359535217
Fog/ACDC/train/GP010475_frame_000290_rgb_anon.png,0.008687449619174004,0.04447203129529953
Fog/ACDC/train/GP010478_frame_000116_rgb_anon.png,0.10071323812007904,0.24116361141204834
Fog/ACDC/train/GP010475_frame_000787_rgb_anon.png,0.015888355672359467,0.03877411037683487
Fog/ACDC/train/GP020478_frame_000115_rgb_anon.png,0.020645009353756905,0.04183652251958847
Fog/ACDC/train/GP010477_frame_000241_rgb_anon.png,0.013066930696368217,0.023880671709775925
Fog/ACDC/train/GP010475_frame_000449_rgb_anon.png,0.009717654436826706,0.018810633569955826
Fog/ACDC/train/GOPR0478_frame_000364_rgb_anon.png,0.017026321962475777,0.04041185975074768
Fog/ACDC/train/GOPR0478_frame_001006_rgb_anon.png,0.020084165036678314,0.0829332023859024
Fog/ACDC/train/GP020478_frame_000320_rgb_anon.png,0.02110818773508072,0.048303425312042236
Fog/ACDC/train/GP010478_frame_000888_rgb_anon.png,0.02255566418170929,0.0636688768863678
Fog/ACDC/train/GP010478_frame_000382_rgb_anon.png,0.026678865775465965,0.05960167944431305
Fog/ACDC/train/GP010477_frame_000315_rgb_anon.png,0.014428541995584965,0.030656855553388596
Fog/ACDC/train/GOPR0478_frame_000148_rgb_anon.png,0.029628509655594826,0.04821300134062767
Fog/ACDC/train/GOPR0478_frame_000569_rgb_anon.png,0.014963093213737011,0.03335379809141159
Fog/ACDC/train/GP010475_frame_000714_rgb_anon.png,0.013377286493778229,0.022758428007364273
Fog/ACDC/train/GP010478_frame_000283_rgb_anon.png,0.009346719831228256,0.029732121154665947
Fog/ACDC/train/GOPR0478_frame_000263_rgb_anon.png,0.021024128422141075,0.1299673318862915
Fog/ACDC/train/GP010478_frame_000591_rgb_anon.png,0.02600809931755066,0.039412908256053925
Fog/ACDC/train/GP010478_frame_001019_rgb_anon.png,0.01205839030444622,0.02430953085422516
Fog/ACDC/train/GOPR0478_frame_000203_rgb_anon.png,0.015136326663196087,0.04874833673238754
Fog/ACDC/train/GOPR0478_frame_000299_rgb_anon.png,0.015718702226877213,0.031154505908489227
Fog/ACDC/train/GOPR0477_frame_000939_rgb_anon.png,0.023826733231544495,0.03697271645069122
Fog/ACDC/train/GP010478_frame_000186_rgb_anon.png,0.02871813252568245,0.06483590602874756
Fog/ACDC/train/GP010475_frame_000150_rgb_anon.png,0.036639224737882614,0.07000934332609177
Fog/ACDC/train/GP020478_frame_000078_rgb_anon.png,0.0026103982236236334,0.02222655899822712
Fog/ACDC/train/GP010478_frame_000152_rgb_anon.png,0.01449538953602314,0.03370613604784012
Fog/ACDC/train/GOPR0478_frame_000460_rgb_anon.png,0.01131347008049488,0.0361332967877388
Fog/ACDC/train/GOPR0478_frame_000031_rgb_anon.png,0.0475049763917923,0.07152670621871948
Fog/ACDC/train/GP010475_frame_000476_rgb_anon.png,0.01601390540599823,0.040309786796569824
Fog/ACDC/train/GP010478_frame_000824_rgb_anon.png,0.006920472253113985,0.020976142957806587
Fog/ACDC/train/GP010475_frame_000304_rgb_anon.png,0.029330462217330933,0.06242021918296814
Fog/ACDC/train/GOPR0477_frame_000039_rgb_anon.png,0.021043051034212112,0.05615014582872391
Fog/ACDC/train/GOPR0478_frame_000199_rgb_anon.png,0.022426802664995193,0.047358833253383636
Fog/ACDC/train/GOPR0480_frame_000077_rgb_anon.png,0.01636568270623684,0.02713344804942608
Fog/ACDC/train/GP010478_frame_000387_rgb_anon.png,0.11874857544898987,0.22497856616973877
Fog/ACDC/train/GP010477_frame_000040_rgb_anon.png,0.026701945811510086,0.08805583417415619
Fog/ACDC/train/GP010476_frame_000026_rgb_anon.png,0.025011951103806496,0.03555542975664139
Fog/ACDC/train/GOPR0478_frame_000271_rgb_anon.png,0.02362286113202572,0.09433774650096893
Fog/ACDC/train/GP010477_frame_000269_rgb_anon.png,0.013092206791043282,0.030470658093690872
Fog/ACDC/train/GOPR0477_frame_000746_rgb_anon.png,0.014670808799564838,0.03001491352915764
Fog/ACDC/train/GP010476_frame_000285_rgb_anon.png,0.08084200322628021,0.1896558254957199
Fog/ACDC/train/GP010478_frame_000510_rgb_anon.png,0.01961696892976761,0.10686178505420685
Fog/ACDC/train/GP010476_frame_000114_rgb_anon.png,0.01701722852885723,0.031219109892845154
Fog/ACDC/train/GOPR0478_frame_000443_rgb_anon.png,0.038619112223386765,0.07081972062587738
Fog/ACDC/train/GOPR0477_frame_000335_rgb_anon.png,0.01489662379026413,0.06484586745500565
Fog/ACDC/train/GP010477_frame_000573_rgb_anon.png,0.019202452152967453,0.030807938426733017
Fog/ACDC/train/GP010475_frame_000176_rgb_anon.png,0.013650305569171906,0.027036350220441818
Fog/ACDC/train/GP010476_frame_000242_rgb_anon.png,0.04003622382879257,0.0869806706905365
Fog/ACDC/train/GOPR0477_frame_000806_rgb_anon.png,0.024675030261278152,0.0705781877040863
Fog/ACDC/train/GOPR0477_frame_000824_rgb_anon.png,0.021425630897283554,0.0427871011197567
Fog/ACDC/train/GP010476_frame_000301_rgb_anon.png,0.026974713429808617,0.04737012833356857
Fog/ACDC/train/GOPR0478_frame_000195_rgb_anon.png,0.026208359748125076,0.05986640602350235
Fog/ACDC/train/GOPR0478_frame_000588_rgb_anon.png,0.03960753232240677,0.06367240846157074
Fog/ACDC/train/GOPR0478_frame_000549_rgb_anon.png,0.032092608511447906,0.048696570098400116
Fog/ACDC/train/GOPR0480_frame_000066_rgb_anon.png,0.011658740229904652,0.020190522074699402
Fog/ACDC/train/GP010477_frame_000601_rgb_anon.png,0.013794193044304848,0.042598407715559006
Fog/ACDC/train/GOPR0478_frame_000660_rgb_anon.png,0.02784333936870098,0.04742906987667084
Fog/ACDC/train/GP010478_frame_000302_rgb_anon.png,0.02234448865056038,0.0692949891090393
Fog/ACDC/train/GP010477_frame_000208_rgb_anon.png,0.010554689913988113,0.022426847368478775
Fog/ACDC/train/GP010478_frame_000624_rgb_anon.png,0.019866880029439926,0.044263798743486404
Fog/ACDC/train/GP010475_frame_000300_rgb_anon.png,0.015256545506417751,0.04621298611164093
Fog/ACDC/train/GP010477_frame_000506_rgb_anon.png,0.015267912298440933,0.03439997136592865
Fog/ACDC/train/GP010478_frame_000495_rgb_anon.png,0.1251383125782013,0.1913214772939682
Fog/ACDC/train/GP020478_frame_000123_rgb_anon.png,0.011140070855617523,0.020720504224300385
Fog/ACDC/train/GP010478_frame_000921_rgb_anon.png,0.03865140676498413,0.061800144612789154
Fog/ACDC/train/GP010475_frame_000282_rgb_anon.png,0.023268111050128937,0.06461688876152039
Fog/ACDC/train/GP010478_frame_000536_rgb_anon.png,0.01970190554857254,0.031136833131313324
Fog/ACDC/train/GP010475_frame_000607_rgb_anon.png,0.025624457746744156,0.044662460684776306
Fog/ACDC/train/GP010478_frame_000603_rgb_anon.png,0.010372293181717396,0.022562356665730476
Fog/ACDC/train/GP010475_frame_000021_rgb_anon.png,0.02700801193714142,0.04937276989221573
Fog/ACDC/train/GOPR0478_frame_000279_rgb_anon.png,0.02058384194970131,0.046104490756988525
Fog/ACDC/train/GP010478_frame_000230_rgb_anon.png,0.027109865099191666,0.04941480979323387
Fog/ACDC/train/GP010478_frame_000900_rgb_anon.png,0.02596062608063221,0.10610564053058624
Fog/ACDC/train/GP010476_frame_000073_rgb_anon.png,0.013853889890015125,0.026874400675296783
Fog/ACDC/train/GP020478_frame_000030_rgb_anon.png,0.012208886444568634,0.03648412972688675
Fog/ACDC/train/GP010477_frame_000127_rgb_anon.png,0.03258475661277771,0.05646603927016258
Fog/ACDC/train/GOPR0478_frame_000045_rgb_anon.png,0.018972735852003098,0.0690186396241188
Fog/ACDC/train/GP010475_frame_000378_rgb_anon.png,0.039342544972896576,0.09601174294948578
Fog/ACDC/train/GOPR0479_frame_000326_rgb_anon.png,0.003961746580898762,0.07763972878456116
Fog/ACDC/train/GOPR0478_frame_000702_rgb_anon.png,0.04721948131918907,0.1484922170639038
Fog/ACDC/train/GP010476_frame_000131_rgb_anon.png,0.018267277628183365,0.033429697155952454
Fog/ACDC/train/GOPR0478_frame_000917_rgb_anon.png,0.024899810552597046,0.050276149064302444
Fog/ACDC/train/GOPR0478_frame_000219_rgb_anon.png,0.016904637217521667,0.05392055958509445
Fog/ACDC/train/GOPR0478_frame_000247_rgb_anon.png,0.008115649223327637,0.01536225713789463
Fog/ACDC/train/GOPR0477_frame_000368_rgb_anon.png,0.036752186715602875,0.08201619982719421
Fog/ACDC/train/GP010475_frame_000398_rgb_anon.png,0.017440374940633774,0.03306311368942261
Fog/ACDC/train/GP010475_frame_000413_rgb_anon.png,0.008559020236134529,0.03856661915779114
Fog/ACDC/train/GOPR0478_frame_000672_rgb_anon.png,0.04399782419204712,0.08360953629016876
Fog/ACDC/train/GP010476_frame_000018_rgb_anon.png,0.017528265714645386,0.028446204960346222
Fog/ACDC/train/GP010475_frame_000029_rgb_anon.png,0.017884939908981323,0.03377893939614296
Fog/ACDC/train/GOPR0477_frame_000353_rgb_anon.png,0.034303538501262665,0.07510436326265335
Fog/ACDC/train/GP010475_frame_001015_rgb_anon.png,0.03373086825013161,0.05868799239397049
Fog/ACDC/train/GOPR0478_frame_000275_rgb_anon.png,0.011855034157633781,0.04871005564928055
Fog/ACDC/train/GOPR0478_frame_000207_rgb_anon.png,0.025839393958449364,0.08078975975513458
Fog/ACDC/train/GOPR0477_frame_000917_rgb_anon.png,0.025710780173540115,0.04918888211250305
Fog/ACDC/train/GP010475_frame_000037_rgb_anon.png,0.011206511408090591,0.07424026727676392
Fog/ACDC/train/GP010478_frame_000781_rgb_anon.png,0.02585940808057785,0.05210844427347183
Fog/ACDC/train/GP010477_frame_000671_rgb_anon.png,0.00960309524089098,0.01828288845717907
Fog/ACDC/train/GP020478_frame_000006_rgb_anon.png,0.011491045355796814,0.028072761371731758
Fog/ACDC/train/GOPR0478_frame_000987_rgb_anon.png,0.1274237483739853,0.15229669213294983
Fog/ACDC/train/GP010478_frame_000321_rgb_anon.png,0.020218949764966965,0.03804735466837883
Fog/ACDC/train/GP010477_frame_000019_rgb_anon.png,0.02987314760684967,0.05926690623164177
Fog/ACDC/train/GP010477_frame_000095_rgb_anon.png,0.023069212213158607,0.08366404473781586
Fog/ACDC/train/GP010475_frame_000500_rgb_anon.png,0.012990837916731834,0.09791059046983719
Fog/ACDC/train/GP010478_frame_001061_rgb_anon.png,0.02579473704099655,0.04211884364485741
Fog/ACDC/train/GP010478_frame_000482_rgb_anon.png,0.0871017724275589,0.1360798478126526
Fog/ACDC/train/GP010478_frame_000350_rgb_anon.png,0.012325204908847809,0.035721249878406525
Fog/ACDC/train/GOPR0478_frame_000447_rgb_anon.png,0.03376159071922302,0.0546540692448616
Fog/ACDC/train/GOPR0478_frame_000526_rgb_anon.png,0.023573337122797966,0.04862963408231735
Fog/ACDC/train/GP010478_frame_000215_rgb_anon.png,0.0318140983581543,0.058510251343250275
Fog/ACDC/train/GP020478_frame_000311_rgb_anon.png,0.03339150920510292,0.06877928227186203
Fog/ACDC/train/GOPR0479_frame_000394_rgb_anon.png,0.011256529949605465,0.03149084374308586
Fog/ACDC/train/GOPR0478_frame_000943_rgb_anon.png,0.13904884457588196,0.17229154706001282
Fog/ACDC/train/GP010478_frame_000071_rgb_anon.png,0.027454040944576263,0.04769980534911156
Fog/ACDC/train/GOPR0478_frame_000340_rgb_anon.png,0.011240562424063683,0.02942342311143875
Fog/ACDC/train/GP010478_frame_000076_rgb_anon.png,0.08256445825099945,0.18898877501487732
Fog/ACDC/train/GOPR0477_frame_000341_rgb_anon.png,0.016179203987121582,0.06078188121318817
Fog/ACDC/train/GOPR0477_frame_000387_rgb_anon.png,0.03714124858379364,0.08174976706504822
Fog/ACDC/train/GP010475_frame_000601_rgb_anon.png,0.01301354169845581,0.024428557604551315
Fog/ACDC/train/GP010478_frame_001039_rgb_anon.png,0.02437979355454445,0.06956715881824493
Fog/ACDC/train/GP020478_frame_000171_rgb_anon.png,0.004695893730968237,0.08731156587600708
Fog/ACDC/train/GP010478_frame_000127_rgb_anon.png,0.015377998352050781,0.033568546175956726
Fog/ACDC/train/GP010478_frame_000101_rgb_anon.png,0.03630974888801575,0.07220746576786041
Fog/ACDC/train/GP010475_frame_000274_rgb_anon.png,0.010310854762792587,0.029215551912784576
Fog/ACDC/train/GP010478_frame_000044_rgb_anon.png,0.011491615325212479,0.08717796206474304
Fog/ACDC/train/GP020478_frame_000066_rgb_anon.png,0.03151248022913933,0.0652633011341095
Fog/ACDC/train/GP010475_frame_000408_rgb_anon.png,0.013964222744107246,0.04257165640592575
Fog/ACDC/train/GP010478_frame_000372_rgb_anon.png,0.012371974065899849,0.02974635921418667
Fog/ACDC/train/GP010478_frame_000121_rgb_anon.png,0.039355237036943436,0.09145425260066986
Fog/ACDC/train/GOPR0478_frame_000346_rgb_anon.png,0.018744315952062607,0.03261931985616684
Fog/ACDC/train/GP020478_frame_000058_rgb_anon.png,0.00802704133093357,0.014516067691147327
Fog/ACDC/train/GP010476_frame_000078_rgb_anon.png,0.015067357569932938,0.03409265726804733
Fog/ACDC/train/GOPR0477_frame_000688_rgb_anon.png,0.007066622376441956,0.026153480634093285
Fog/ACDC/train/GOPR0477_frame_000183_rgb_anon.png,0.027502231299877167,0.0597725510597229
Fog/ACDC/train/GP010475_frame_000808_rgb_anon.png,0.013482159934937954,0.0314754918217659
Fog/ACDC/train/GP010477_frame_000589_rgb_anon.png,0.024808531627058983,0.05055771768093109
Fog/ACDC/train/GP010477_frame_000617_rgb_anon.png,0.02681068517267704,0.07638998329639435
Fog/ACDC/train/GP010478_frame_000182_rgb_anon.png,0.012241305783390999,0.04398423433303833
Fog/ACDC/train/GP010475_frame_000453_rgb_anon.png,0.006157286930829287,0.10668592154979706
Fog/ACDC/train/GOPR0478_frame_000505_rgb_anon.png,0.028339499607682228,0.04999713599681854
Fog/ACDC/train/GP010475_frame_000419_rgb_anon.png,0.027927663177251816,0.06618042290210724
Fog/ACDC/train/GP010477_frame_000297_rgb_anon.png,0.023251986131072044,0.0315939299762249
Fog/ACDC/train/GP020478_frame_000326_rgb_anon.png,0.037543125450611115,0.08801610767841339
Fog/ACDC/train/GP010476_frame_000270_rgb_anon.png,0.008793286979198456,0.017587177455425262
Fog/ACDC/train/GP010477_frame_000384_rgb_anon.png,0.010246360674500465,0.021791720762848854
Fog/ACDC/train/GP010475_frame_000185_rgb_anon.png,0.02413167804479599,0.06719109416007996
Fog/ACDC/train/GOPR0478_frame_000227_rgb_anon.png,0.008342025801539421,0.02083544433116913
Fog/ACDC/train/GOPR0477_frame_000953_rgb_anon.png,0.0485319159924984,0.32745468616485596
Fog/ACDC/train/GP020478_frame_000021_rgb_anon.png,0.034563299268484116,0.06405460089445114
Fog/ACDC/train/GOPR0477_frame_000525_rgb_anon.png,0.07480806112289429,0.10811738669872284
Fog/ACDC/train/GP010475_frame_000613_rgb_anon.png,0.01913461647927761,0.035206638276576996
Fog/ACDC/train/GP020478_frame_000099_rgb_anon.png,0.014270903542637825,0.03313067555427551
Fog/ACDC/train/GOPR0478_frame_000037_rgb_anon.png,0.03392760455608368,0.06928350031375885
Fog/ACDC/train/GOPR0477_frame_000727_rgb_anon.png,0.017951112240552902,0.04160677641630173
Fog/ACDC/train/GOPR0477_frame_000549_rgb_anon.png,0.04202919080853462,0.09440013021230698
Fog/ACDC/train/GOPR0478_frame_000334_rgb_anon.png,0.02874727174639702,0.05385245010256767
Fog/ACDC/train/GOPR0478_frame_000177_rgb_anon.png,0.018779180943965912,0.04935106635093689
Fog/ACDC/train/GP010477_frame_000100_rgb_anon.png,0.011349398642778397,0.02634180337190628
Fog/ACDC/train/GP020478_frame_000220_rgb_anon.png,0.03200077638030052,0.060468822717666626
Fog/ACDC/train/GOPR0478_frame_000624_rgb_anon.png,0.05403881147503853,0.08374984562397003
Fog/ACDC/train/GOPR0478_frame_000439_rgb_anon.png,0.13520607352256775,0.286989688873291
Fog/ACDC/train/GP010475_frame_000582_rgb_anon.png,0.019727107137441635,0.03976697474718094
Fog/ACDC/train/GOPR0477_frame_000834_rgb_anon.png,0.012834591791033745,0.02430000901222229
Fog/ACDC/train/GOPR0477_frame_000802_rgb_anon.png,0.010614004917442799,0.10805150866508484
Fog/ACDC/train/GOPR0477_frame_000774_rgb_anon.png,0.010530239902436733,0.022102952003479004
Fog/ACDC/train/GOPR0478_frame_000267_rgb_anon.png,-0.010866247117519379,0.06315279006958008
Fog/ACDC/train/GP010477_frame_000154_rgb_anon.png,0.020365487784147263,0.0695529580116272
Fog/ACDC/train/GP020478_frame_000197_rgb_anon.png,0.05394168570637703,0.1147487610578537
Fog/ACDC/train/GP010475_frame_000754_rgb_anon.png,0.038173820823431015,0.13962948322296143
Fog/ACDC/train/GP010477_frame_000625_rgb_anon.png,0.011444151401519775,0.02323993854224682
Fog/ACDC/train/GP020478_frame_000130_rgb_anon.png,0.014080867171287537,0.02729339897632599
Fog/ACDC/train/GP020478_frame_000151_rgb_anon.png,0.009649911895394325,0.050962284207344055
Fog/ACDC/train/GP010477_frame_000365_rgb_anon.png,0.016904858872294426,0.03126740828156471
Fog/ACDC/train/GOPR0478_frame_000451_rgb_anon.png,0.08796252310276031,0.20538458228111267
Fog/ACDC/train/GP020478_frame_000241_rgb_anon.png,0.020042819902300835,0.06037706881761551
Fog/ACDC/train/GOPR0477_frame_000665_rgb_anon.png,0.04382002726197243,0.08969027549028397
Fog/ACDC/train/GP010478_frame_001045_rgb_anon.png,0.005879963282495737,0.038226790726184845
Fog/ACDC/train/GP010475_frame_000212_rgb_anon.png,0.010850498452782631,0.022022239863872528
Fog/ACDC/train/GOPR0477_frame_000924_rgb_anon.png,0.018391985446214676,0.037262603640556335
Fog/ACDC/train/GOPR0478_frame_000017_rgb_anon.png,0.02487453818321228,0.03677409514784813
Fog/ACDC/train/GOPR0478_frame_000235_rgb_anon.png,0.006890715099871159,0.01387825794517994
Fog/ACDC/train/GP010475_frame_000734_rgb_anon.png,0.017971033230423927,0.03382258117198944
Fog/ACDC/train/GP010476_frame_000095_rgb_anon.png,0.03251435607671738,0.05493038892745972
Fog/ACDC/train/GP020478_frame_000074_rgb_anon.png,0.023995954543352127,0.05408719182014465
Fog/ACDC/train/GP010477_frame_000446_rgb_anon.png,0.010814172215759754,0.022619150578975677
Fog/ACDC/train/GP020478_frame_000107_rgb_anon.png,0.015766069293022156,0.03157100826501846
Fog/ACDC/train/GP020478_frame_000001_rgb_anon.png,0.026188597083091736,0.05191880464553833
Fog/ACDC/train/GOPR0478_frame_000028_rgb_anon.png,0.034623805433511734,0.060930341482162476
Fog/ACDC/train/GP010475_frame_000090_rgb_anon.png,0.03541777282953262,0.058764390647411346
Fog/ACDC/train/GOPR0477_frame_000756_rgb_anon.png,0.03522036224603653,0.0705394297838211
Fog/ACDC/train/GP010475_frame_000462_rgb_anon.png,0.00783936120569706,0.021443145349621773
Fog/ACDC/train/GP010478_frame_000828_rgb_anon.png,0.016867924481630325,0.03508557751774788
Fog/ACDC/train/GP010478_frame_000331_rgb_anon.png,0.014463234692811966,0.02848120406270027
Fog/ACDC/train/GP010477_frame_000056_rgb_anon.png,0.07242686301469803,0.10037282109260559
Fog/ACDC/train/GP010477_frame_000001_rgb_anon.png,0.034204453229904175,0.08959630131721497
Fog/ACDC/train/GP010477_frame_000261_rgb_anon.png,0.04861415922641754,0.17732229828834534
Fog/ACDC/train/GP010477_frame_000559_rgb_anon.png,0.012940031476318836,0.029398087412118912
Fog/ACDC/train/GP010475_frame_000358_rgb_anon.png,0.0420532263815403,0.09659303724765778
Fog/ACDC/train/GP010475_frame_000351_rgb_anon.png,0.02535676211118698,0.05196739733219147
Fog/ACDC/train/GOPR0480_frame_000072_rgb_anon.png,0.036162592470645905,0.08923614770174026
Fog/ACDC/train/GP010475_frame_000486_rgb_anon.png,0.012470496818423271,0.02598528005182743
Fog/ACDC/train/GOPR0477_frame_000737_rgb_anon.png,0.07027833163738251,0.13135668635368347
Fog/ACDC/train/GP010478_frame_000854_rgb_anon.png,0.02565867081284523,0.045192278921604156
Fog/ACDC/train/GOPR0477_frame_000561_rgb_anon.png,0.0642278641462326,0.1454559862613678
Fog/ACDC/train/GP010478_frame_000597_rgb_anon.png,0.03802115097641945,0.052451297640800476
Fog/ACDC/train/GOPR0478_frame_000041_rgb_anon.png,0.006199429277330637,0.0284834336489439
Fog/ACDC/train/GP010477_frame_000666_rgb_anon.png,0.01975136809051037,0.03347661718726158
Fog/ACDC/train/GOPR0477_frame_000633_rgb_anon.png,0.031473517417907715,0.19515393674373627
Fog/ACDC/train/GP010477_frame_000609_rgb_anon.png,0.009926384314894676,0.01933959871530533
Fog/ACDC/train/GOPR0479_frame_000047_rgb_anon.png,0.016790900379419327,0.03356466442346573
Fog/ACDC/train/GP010475_frame_000202_rgb_anon.png,0.024712905287742615,0.0541844479739666
Fog/ACDC/train/GP010475_frame_000207_rgb_anon.png,0.03614846616983414,0.07589208334684372
Fog/ACDC/train/GP010477_frame_000309_rgb_anon.png,0.03570573031902313,0.05736172944307327
Fog/ACDC/train/GP020478_frame_000134_rgb_anon.png,0.01448696106672287,0.04280431941151619
Fog/ACDC/train/GOPR0477_frame_000007_rgb_anon.png,0.023157242685556412,0.0634821355342865
Fog/ACDC/train/GP010478_frame_000928_rgb_anon.png,0.024908866733312607,0.048077479004859924
Fog/ACDC/train/GP020478_frame_000090_rgb_anon.png,0.005619329400360584,0.02184264361858368
Fog/ACDC/train/GP010475_frame_001033_rgb_anon.png,0.009899290278553963,0.02018333412706852
Fog/ACDC/train/GOPR0478_frame_000544_rgb_anon.png,0.022415433079004288,0.11620888859033585
Fog/ACDC/train/GP020478_frame_000235_rgb_anon.png,0.0698731318116188,0.12805306911468506
Fog/ACDC/train/GP010476_frame_000161_rgb_anon.png,0.023408062756061554,0.04565001279115677
Fog/ACDC/train/GOPR0477_frame_000722_rgb_anon.png,0.02631501853466034,0.05250944197177887
Fog/ACDC/train/GP010476_frame_000125_rgb_anon.png,0.016603313386440277,0.03220287710428238
Fog/ACDC/train/GOPR0478_frame_000382_rgb_anon.png,0.01287873089313507,0.027901791036128998
Fog/ACDC/train/GOPR0478_frame_000923_rgb_anon.png,0.02516687475144863,0.04156029224395752
Fog/ACDC/train/GP010475_frame_000758_rgb_anon.png,0.023555438965559006,0.06993301957845688
Fog/ACDC/train/GOPR0477_frame_000929_rgb_anon.png,0.027349773794412613,0.05063550919294357
Fog/ACDC/train/GP010478_frame_000794_rgb_anon.png,0.014342889189720154,0.033392198383808136
Fog/ACDC/train/GP010476_frame_000137_rgb_anon.png,0.023774221539497375,0.04208431392908096
Fog/ACDC/train/GP010478_frame_000997_rgb_anon.png,0.017374375835061073,0.023899247869849205
Fog/ACDC/train/GP010478_frame_001034_rgb_anon.png,0.028635486960411072,0.06948691606521606
Fog/ACDC/train/GP010475_frame_000338_rgb_anon.png,0.025966189801692963,0.04998209327459335
Fog/ACDC/train/GOPR0477_frame_000839_rgb_anon.png,0.014075806364417076,0.03472909703850746
Fog/ACDC/train/GP010478_frame_000766_rgb_anon.png,0.011729756370186806,0.04134811833500862
Fog/ACDC/train/GP010475_frame_000312_rgb_anon.png,0.029269151389598846,0.054267577826976776
Fog/ACDC/train/GP010475_frame_000457_rgb_anon.png,0.02185792475938797,0.04395773261785507
Fog/ACDC/train/GP010475_frame_000330_rgb_anon.png,0.02359890192747116,0.06189212203025818
Fog/ACDC/train/GP010478_frame_000989_rgb_anon.png,0.012600190937519073,0.022327234968543053
Fog/ACDC/train/GOPR0478_frame_000520_rgb_anon.png,0.02313392236828804,0.04466836154460907
Fog/ACDC/train/GOPR0477_frame_001002_rgb_anon.png,0.03489281237125397,0.08896349370479584
Fog/ACDC/train/GP010475_frame_001053_rgb_anon.png,0.02167361043393612,0.07008884847164154
Fog/ACDC/train/GP010476_frame_000022_rgb_anon.png,0.015221115201711655,0.024095196276903152
Fog/ACDC/train/GOPR0478_frame_000500_rgb_anon.png,0.03455361723899841,0.081855908036232
Fog/ACDC/train/GP020478_frame_000225_rgb_anon.png,0.02686789631843567,0.05083921551704407
Fog/ACDC/train/GOPR0478_frame_000313_rgb_anon.png,0.01283721998333931,0.021175574511289597
Fog/ACDC/train/GP010478_frame_000448_rgb_anon.png,0.03686410188674927,0.06286608427762985
Fog/ACDC/train/GP010478_frame_000849_rgb_anon.png,0.02469726838171482,0.06821711361408234
Fog/ACDC/train/GP010477_frame_000348_rgb_anon.png,0.017242375761270523,0.03299707919359207
Fog/ACDC/train/GOPR0479_frame_000031_rgb_anon.png,0.023182537406682968,0.04533357545733452
Fog/ACDC/train/GP010475_frame_001038_rgb_anon.png,0.03140675276517868,0.06254369020462036
Fog/ACDC/train/GP010475_frame_001024_rgb_anon.png,0.01668637990951538,0.03266623616218567
Fog/ACDC/train/GP010478_frame_000275_rgb_anon.png,0.029534228146076202,0.07838646322488785
Fog/ACDC/train/GP010476_frame_000010_rgb_anon.png,0.00639170128852129,0.01870936155319214
Fog/ACDC/train/GOPR0477_frame_000934_rgb_anon.png,0.10336261987686157,0.1549452692270279
Fog/ACDC/train/GP010478_frame_000307_rgb_anon.png,0.02285282500088215,0.051853276789188385
Fog/ACDC/train/GP010478_frame_000279_rgb_anon.png,0.013536941260099411,0.03205361217260361
Fog/ACDC/train/GP010475_frame_000334_rgb_anon.png,0.019584376364946365,0.06059920787811279
Fog/ACDC/train/GOPR0477_frame_000700_rgb_anon.png,0.030678462237119675,0.0630643293261528
Fog/ACDC/train/GP010478_frame_000786_rgb_anon.png,0.014921972528100014,0.028709949925541878
Fog/ACDC/train/GOPR0477_frame_000829_rgb_anon.png,0.021351341158151627,0.04169062525033951
Fog/ACDC/train/GP010478_frame_000312_rgb_anon.png,0.022605791687965393,0.03226735070347786
Fog/ACDC/train/GP010475_frame_000709_rgb_anon.png,0.01736317202448845,0.04219282045960426
Fog/ACDC/train/GOPR0477_frame_000888_rgb_anon.png,0.04708307236433029,0.07274577021598816
Fog/ACDC/train/GP010477_frame_000357_rgb_anon.png,0.014297791756689548,0.03121393360197544
Fog/ACDC/train/GOPR0477_frame_000492_rgb_anon.png,0.021695749834179878,0.04753508418798447
Fog/ACDC/train/GOPR0477_frame_000073_rgb_anon.png,0.027628667652606964,0.0498695969581604
Fog/ACDC/train/GP010478_frame_000337_rgb_anon.png,0.029694586992263794,0.051708005368709564
Fog/ACDC/train/GOPR0479_frame_000073_rgb_anon.png,0.021518811583518982,0.058692410588264465
Fog/ACDC/train/GP010475_frame_000097_rgb_anon.png,0.013976597227156162,0.04992419481277466
Fog/ACDC/train/GP010477_frame_000678_rgb_anon.png,0.011348271742463112,0.029776453971862793
Fog/ACDC/train/GP010478_frame_000051_rgb_anon.png,0.023706205189228058,0.03628629446029663
Fog/ACDC/train/GOPR0478_frame_000369_rgb_anon.png,0.013270502910017967,0.03364746645092964
Fog/ACDC/train/GP010477_frame_000293_rgb_anon.png,0.011648202314972878,0.03926168382167816
Fog/ACDC/train/GOPR0478_frame_000223_rgb_anon.png,0.01184338890016079,0.030016858130693436
Fog/ACDC/train/GP010478_frame_000803_rgb_anon.png,0.008919334039092064,0.015500389039516449
Fog/ACDC/train/GP010475_frame_000136_rgb_anon.png,0.05130638927221298,0.12294003367424011
Fog/ACDC/train/GP010477_frame_000377_rgb_anon.png,0.06144142895936966,0.2454940676689148
Fog/ACDC/train/GOPR0478_frame_000620_rgb_anon.png,0.09399181604385376,0.16910739243030548
Fog/ACDC/train/GP010476_frame_000255_rgb_anon.png,0.012339368462562561,0.022044364362955093
Fog/ACDC/train/GP010478_frame_000924_rgb_anon.png,0.024666793644428253,0.08093452453613281
Fog/ACDC/train/GP010477_frame_000373_rgb_anon.png,0.019532307982444763,0.11784321814775467
Fog/ACDC/train/GOPR0478_frame_000159_rgb_anon.png,0.012281022034585476,0.035268887877464294
Fog/ACDC/train/GP010478_frame_000981_rgb_anon.png,0.011894246563315392,0.038749199360609055
Fog/ACDC/train/GOPR0477_frame_000677_rgb_anon.png,0.03515918552875519,0.08419357985258102
Fog/ACDC/train/GP010478_frame_000961_rgb_anon.png,0.015441445633769035,0.02711048349738121
Fog/ACDC/train/GOPR0478_frame_000515_rgb_anon.png,0.01905662938952446,0.03447747230529785
Fog/ACDC/train/GP020478_frame_000178_rgb_anon.png,0.027797654271125793,0.09628438204526901
Fog/ACDC/train/GOPR0478_frame_000559_rgb_anon.png,0.05105488374829292,0.09373302757740021
Fog/ACDC/train/GOPR0477_frame_000571_rgb_anon.png,0.022483166307210922,0.042371682822704315
Fog/ACDC/train/GP010476_frame_000006_rgb_anon.png,0.016479164361953735,0.02937612682580948
Fog/ACDC/train/GP010478_frame_000191_rgb_anon.png,0.02869839034974575,0.05821482464671135
Fog/ACDC/train/GOPR0477_frame_000217_rgb_anon.png,0.0882815346121788,0.2735028564929962
Fog/ACDC/train/GP010475_frame_000102_rgb_anon.png,0.03460809215903282,0.0928257554769516
Fog/ACDC/train/GP010477_frame_000220_rgb_anon.png,0.0563974529504776,0.11298727989196777
Fog/ACDC/train/GP010476_frame_000001_rgb_anon.png,0.021041158586740494,0.039648957550525665
Fog/ACDC/train/GP010477_frame_000284_rgb_anon.png,0.016752399504184723,0.031200427561998367
Fog/ACDC/train/GOPR0477_frame_000516_rgb_anon.png,0.007819656282663345,0.024746671319007874
Fog/ACDC/train/GP010476_frame_000108_rgb_anon.png,0.021469581872224808,0.03549935668706894
Fog/ACDC/train/GP010477_frame_000148_rgb_anon.png,0.00843039434403181,0.02294372394680977
Fog/ACDC/train/GP010478_frame_000271_rgb_anon.png,0.026440754532814026,0.05132447928190231
Fog/ACDC/train/GP010478_frame_000556_rgb_anon.png,0.022532671689987183,0.04717787727713585
Fog/ACDC/train/GOPR0477_frame_000498_rgb_anon.png,0.03000115044414997,0.07386209070682526
Fog/ACDC/train/GOPR0477_frame_000897_rgb_anon.png,0.01863141357898712,0.04934663325548172
Fog/ACDC/train/GOPR0480_frame_000215_rgb_anon.png,0.006423318292945623,0.013855949975550175
Fog/ACDC/train/GP020478_frame_000111_rgb_anon.png,0.015002201311290264,0.030251942574977875
Fog/ACDC/train/GP010476_frame_000194_rgb_anon.png,0.025374215096235275,0.04095357656478882
Fog/ACDC/train/GP010475_frame_001020_rgb_anon.png,0.02875833585858345,0.052488066256046295
Fog/ACDC/train/GP010475_frame_000434_rgb_anon.png,0.020405031740665436,0.05578029528260231
Fog/ACDC/train/GP010477_frame_000159_rgb_anon.png,0.020686160773038864,0.05428396537899971
Fog/ACDC/train/GP010475_frame_000495_rgb_anon.png,0.01864079013466835,0.06745347380638123
Fog/ACDC/train/GP010476_frame_000014_rgb_anon.png,0.03125513345003128,0.06266461312770844
Fog/ACDC/train/GP010478_frame_000032_rgb_anon.png,0.019141003489494324,0.04826333373785019
Fog/ACDC/train/GP010475_frame_000767_rgb_anon.png,0.01970870979130268,0.03461995720863342
Fog/ACDC/train/GOPR0478_frame_000533_rgb_anon.png,0.023734869435429573,0.043909117579460144
Fog/ACDC/train/GP010477_frame_000426_rgb_anon.png,0.014772223308682442,0.05796201527118683
Fog/ACDC/train/GP010475_frame_000013_rgb_anon.png,0.02219436690211296,0.04409598559141159
Fog/ACDC/train/GP020478_frame_000119_rgb_anon.png,0.010963940992951393,0.02981552481651306
Fog/ACDC/train/GP010476_frame_000068_rgb_anon.png,0.0120162358507514,0.029693879187107086
Fog/ACDC/train/GP010477_frame_000121_rgb_anon.png,0.032166872173547745,0.04868818819522858
Fog/ACDC/train/GP010478_frame_000091_rgb_anon.png,0.01164208073168993,0.022244291380047798
Fog/ACDC/train/GP010477_frame_000192_rgb_anon.png,0.028196388855576515,0.08186833560466766
Fog/ACDC/train/GP010476_frame_000147_rgb_anon.png,0.00944487378001213,0.022641567513346672
Fog/ACDC/train/GP010475_frame_000699_rgb_anon.png,0.015788689255714417,0.02799612656235695
Fog/ACDC/train/GP020478_frame_000146_rgb_anon.png,0.00618638563901186,0.017723122611641884
Fog/ACDC/train/GP010475_frame_000050_rgb_anon.png,0.009852203540503979,0.032289668917655945
Fog/ACDC/train/GP010477_frame_000212_rgb_anon.png,0.010107637383043766,0.031754426658153534
Fog/ACDC/train/GP010478_frame_000608_rgb_anon.png,0.014897335320711136,0.028150159865617752
Fog/ACDC/train/GP010477_frame_000353_rgb_anon.png,0.010388247668743134,0.024293389171361923
Fog/ACDC/train/GP010476_frame_000297_rgb_anon.png,0.028602339327335358,0.07002384215593338
Fog/ACDC/train/GOPR0477_frame_000682_rgb_anon.png,0.025865426287055016,0.042935729026794434
Fog/ACDC/train/GOPR0477_frame_000214_rgb_anon.png,0.0199576485902071,0.05583177134394646
Fog/ACDC/train/GOPR0478_frame_000387_rgb_anon.png,0.12656456232070923,0.21238549053668976
Fog/ACDC/train/GP010477_frame_000177_rgb_anon.png,0.019140835851430893,0.03748076409101486
Fog/ACDC/train/GP010478_frame_000361_rgb_anon.png,0.02075110375881195,0.041582826524972916
Fog/ACDC/train/GOPR0477_frame_000711_rgb_anon.png,-0.0019757640548050404,0.08346205949783325
Fog/ACDC/train/GOPR0477_frame_000782_rgb_anon.png,0.03610394150018692,0.07470937818288803
Fog/ACDC/train/GP010475_frame_000651_rgb_anon.png,0.02369486540555954,0.038360923528671265
Fog/ACDC/train/GP020478_frame_000201_rgb_anon.png,0.02051462046802044,0.03565247356891632
Fog/ACDC/train/GOPR0477_frame_000553_rgb_anon.png,0.059204116463661194,0.10783350467681885
Fog/ACDC/train/GP010478_frame_000665_rgb_anon.png,0.027346007525920868,0.05923764407634735
Fog/ACDC/train/GP010478_frame_000293_rgb_anon.png,0.020011382177472115,0.04120586812496185
Fog/ACDC/train/GP010477_frame_000116_rgb_anon.png,0.028945215046405792,0.049152642488479614
Fog/ACDC/train/GOPR0477_frame_000459_rgb_anon.png,0.03150194138288498,0.07933801412582397
Fog/ACDC/train/GP010477_frame_000302_rgb_anon.png,0.011562731117010117,0.03468892350792885
Fog/ACDC/train/GP020478_frame_000082_rgb_anon.png,0.023082949221134186,0.0365576297044754
Fog/ACDC/train/GOPR0478_frame_000510_rgb_anon.png,0.01922660879790783,0.049540925770998
Fog/ACDC/train/GP010478_frame_000058_rgb_anon.png,0.027109738439321518,0.08523321151733398
Fog/ACDC/train/GOPR0477_frame_000717_rgb_anon.png,0.03267504274845123,0.06986065953969955
Fog/ACDC/train/GOPR0478_frame_000358_rgb_anon.png,0.013661911711096764,0.021811287850141525
Fog/ACDC/train/GP010478_frame_000985_rgb_anon.png,0.03935585916042328,0.06978277862071991
Fog/ACDC/train/GOPR0478_frame_000187_rgb_anon.png,-0.0013555755140259862,0.09709455072879791
Fog/ACDC/train/GP020478_frame_000034_rgb_anon.png,0.009575160220265388,0.021053645759820938
Fog/ACDC/train/GOPR0478_frame_000021_rgb_anon.png,0.012538651004433632,0.03239442780613899
Fog/ACDC/train/GOPR0478_frame_000642_rgb_anon.png,0.021180827170610428,0.06097551807761192
Fog/ACDC/train/GP010475_frame_000472_rgb_anon.png,0.013180254958570004,0.0370829775929451
Fog/ACDC/train/GP020478_frame_000126_rgb_anon.png,0.011196723207831383,0.019115054979920387
Fog/ACDC/train/GOPR0478_frame_000579_rgb_anon.png,0.013804340735077858,0.06443844735622406
Fog/ACDC/train/GP010475_frame_000113_rgb_anon.png,0.0061163874343037605,0.04706057161092758
Fog/ACDC/train/GP010478_frame_000111_rgb_anon.png,0.026244189590215683,0.05804584175348282
Fog/ACDC/train/GOPR0478_frame_000319_rgb_anon.png,0.009762679226696491,0.021627847105264664
Fog/ACDC/train/GOPR0477_frame_000025_rgb_anon.png,0.06011555343866348,0.1320681869983673
Fog/ACDC/train/GP010475_frame_001043_rgb_anon.png,0.02587806060910225,0.06000663340091705
Fog/ACDC/train/GOPR0477_frame_000949_rgb_anon.png,0.02550036460161209,0.05209951102733612
Fog/ACDC/train/GP010477_frame_000585_rgb_anon.png,0.007068473845720291,0.021762629970908165
Fog/ACDC/train/GOPR0478_frame_000435_rgb_anon.png,0.09038767963647842,0.4789511561393738
Fog/ACDC/train/GP010477_frame_000044_rgb_anon.png,0.0292041078209877,0.07803798466920853
Fog/ACDC/train/GP010477_frame_000597_rgb_anon.png,0.013955781236290932,0.04172917827963829
Fog/ACDC/train/GP020478_frame_000335_rgb_anon.png,0.013354877009987831,0.05290481448173523
Fog/ACDC/train/GOPR0478_frame_000283_rgb_anon.png,0.01031267549842596,0.032761890441179276
Fog/ACDC/train/GP020478_frame_000070_rgb_anon.png,0.03106296807527542,0.05008513480424881
Fog/ACDC/train/GOPR0477_frame_000810_rgb_anon.png,0.014610011130571365,0.03502286598086357
Fog/ACDC/train/GP010475_frame_001028_rgb_anon.png,0.020103489980101585,0.041494619101285934
Fog/ACDC/train/GOPR0478_frame_000291_rgb_anon.png,0.019700899720191956,0.027588877826929092
Fog/ACDC/train/GOPR0477_frame_000819_rgb_anon.png,0.015326733700931072,0.052086640149354935
Fog/ACDC/train/GOPR0478_frame_000287_rgb_anon.png,0.014682809822261333,0.02586154080927372
Fog/ACDC/train/GP010478_frame_000399_rgb_anon.png,0.024257123470306396,0.0371406190097332
Fog/ACDC/train/GOPR0478_frame_000055_rgb_anon.png,0.0563686341047287,0.15065664052963257
Fog/ACDC/train/GOPR0477_frame_000860_rgb_anon.png,0.01544239278882742,0.028767038136720657
Fog/ACDC/train/GOPR0478_frame_000882_rgb_anon.png,0.044327203184366226,0.08245843648910522
Fog/ACDC/train/GP010478_frame_000895_rgb_anon.png,0.03706134110689163,0.0888717770576477
Fog/ACDC/train/GOPR0477_frame_000323_rgb_anon.png,0.010782386176288128,0.04264359176158905
Fog/ACDC/train/GOPR0478_frame_000982_rgb_anon.png,0.2339186668395996,0.42539024353027344
Fog/ACDC/train/GOPR0477_frame_000465_rgb_anon.png,0.02845219522714615,0.07785484194755554
Fog/ACDC/train/GOPR0478_frame_000182_rgb_anon.png,0.03251108527183533,0.06927371025085449
Fog/ACDC/train/GP010476_frame_000102_rgb_anon.png,0.05217801779508591,0.08572263270616531
Fog/ACDC/train/GP010477_frame_000387_rgb_anon.png,0.06920690089464188,0.09276583790779114
Fog/ACDC/train/GP010477_frame_000183_rgb_anon.png,0.028408903628587723,0.06607036292552948
Fog/ACDC/train/GOPR0477_frame_001027_rgb_anon.png,0.032095786184072495,0.06967328488826752
Fog/ACDC/train/GOPR0478_frame_000049_rgb_anon.png,0.0011209099320694804,0.09306161105632782
Fog/ACDC/train/GOPR0478_frame_000025_rgb_anon.png,0.018438905477523804,0.0343596376478672
Fog/ACDC/train/GP010478_frame_001052_rgb_anon.png,0.02137891948223114,0.06272807717323303
Fog/ACDC/train/GP010478_frame_000790_rgb_anon.png,0.005725817754864693,0.05104074254631996
Fog/ACDC/train/GP010478_frame_000864_rgb_anon.png,0.020816337317228317,0.053575627505779266
Fog/ACDC/train/GP010475_frame_000704_rgb_anon.png,0.013156923465430737,0.026123013347387314
Fog/ACDC/train/GP010478_frame_000816_rgb_anon.png,0.013917628675699234,0.029611866921186447
Fog/ACDC/train/GOPR0477_frame_000798_rgb_anon.png,0.03985452651977539,0.05869261920452118
Fog/ACDC/train/GP010478_frame_000812_rgb_anon.png,0.015429122373461723,0.06754045933485031
Fog/ACDC/train/GOPR0478_frame_000132_rgb_anon.png,0.021355442702770233,0.03332347050309181
Fog/ACDC/train/GOPR0477_frame_000486_rgb_anon.png,0.02017705701291561,0.05505926162004471
Fog/ACDC/train/GOPR0477_frame_000673_rgb_anon.png,0.04344254732131958,0.07236774265766144
Fog/ACDC/train/GP020478_frame_000329_rgb_anon.png,0.032102398574352264,0.05881904065608978
Fog/ACDC/train/GOPR0478_frame_000374_rgb_anon.png,0.012489156797528267,0.04407832399010658
Fog/ACDC/train/GP010476_frame_000058_rgb_anon.png,0.025401894003152847,0.04739222675561905
Fog/ACDC/train/GOPR0479_frame_000199_rgb_anon.png,0.005705666728317738,0.04090546816587448
Fog/ACDC/train/GP010478_frame_000200_rgb_anon.png,0.05015487223863602,0.09705542027950287
Fog/ACDC/train/GOPR0478_frame_000323_rgb_anon.png,0.01302308775484562,0.02536155842244625
Fog/ACDC/train/GP010478_frame_000905_rgb_anon.png,0.01183360256254673,0.02381926402449608
Fog/ACDC/train/GP010475_frame_000750_rgb_anon.png,0.03241431713104248,0.08346996456384659
Fog/ACDC/train/GOPR0477_frame_000882_rgb_anon.png,0.11170879751443863,0.2066371738910675
Fog/ACDC/train/GOPR0477_frame_001032_rgb_anon.png,0.016051357612013817,0.03129155933856964
Fog/ACDC/train/GP020478_frame_000046_rgb_anon.png,0.02413293346762657,0.04225839674472809
Fog/ACDC/train/GP010475_frame_000521_rgb_anon.png,0.012585209682583809,0.035687156021595
Fog/ACDC/train/GOPR0478_frame_000604_rgb_anon.png,0.05774904787540436,0.13603459298610687
Fog/STF/fog_dense/test/2018-10-08_08-10-40_03360.png,0.07528690993785858,0.24174386262893677
Fog/STF/fog_dense/test/2018-10-29_14-30-29_02430.png,-0.007084197364747524,0.2932951748371124
Fog/STF/fog_dense/test/2018-10-29_14-30-29_01300.png,-0.007549317087978125,0.022378209978342056
Fog/STF/fog_dense/test/2018-10-29_14-30-29_02100.png,0.023054419085383415,0.5425665974617004
Fog/STF/fog_dense/test/2018-10-08_08-50-46_03500.png,0.05176527798175812,0.07583404332399368
Fog/STF/fog_dense/test/2018-10-29_14-30-29_00540.png,0.00026685104239732027,0.12344278395175934
Fog/STF/fog_dense/test/2018-10-08_08-50-46_08370.png,0.09696146845817566,0.2851061224937439
Fog/STF/fog_dense/test/2018-10-29_14-30-29_01770.png,0.02358660288155079,0.046709589660167694
Fog/STF/fog_dense/test/2018-10-08_08-50-46_07280.png,-0.00594261335209012,0.34146738052368164
Fog/STF/fog_dense/test/2018-10-29_14-30-29_01780.png,-0.0074637350626289845,0.028209105134010315
Fog/STF/fog_dense/test/2018-10-29_14-30-29_01320.png,0.014890678226947784,0.04833684861660004
Fog/STF/fog_dense/test/2018-10-29_14-30-29_01330.png,0.021775318309664726,0.05288102477788925
Fog/STF/fog_dense/test/2018-10-08_08-10-40_02400.png,0.02293361723423004,0.03470676392316818
Fog/STF/fog_dense/test/2018-10-29_14-30-29_01620.png,-0.008141562342643738,0.43884995579719543
Fog/STF/fog_dense/test/2018-10-08_08-50-46_02300.png,0.04110728204250336,0.4192173480987549
Fog/STF/fog_dense/test/2018-10-08_08-50-46_05600.png,0.041258037090301514,0.39029958844184875
Fog/STF/fog_dense/test/2018-10-29_14-30-29_02090.png,-0.023740654811263084,0.260816752910614
Fog/STF/fog_dense/test/2018-10-29_16-00-52_01590.png,0.16791726648807526,0.5066410303115845
Fog/STF/fog_dense/test/2018-10-08_08-10-40_04200.png,0.053532689809799194,0.07044153660535812
Fog/STF/fog_dense/test/2018-10-29_16-00-52_00850.png,0.010637309402227402,0.22329802811145782
Fog/STF/fog_dense/test/2018-10-29_16-00-52_00990.png,0.01419565174728632,0.041037797927856445
Fog/STF/fog_dense/test/2018-02-12_09-34-22_00230.png,0.10733191668987274,0.18261200189590454
Fog/STF/fog_dense/test/2018-10-29_16-00-52_02670.png,0.084651418030262,0.1373649537563324
Fog/STF/fog_dense/test/2018-10-29_14-30-29_00500.png,-0.030514027923345566,0.2761962115764618
Fog/STF/fog_dense/test/2018-10-08_08-50-46_03300.png,0.13625749945640564,0.2088436484336853
Fog/STF/fog_dense/test/2018-10-08_08-50-46_04600.png,0.102042555809021,0.3530857264995575
Fog/STF/fog_dense/test/2018-10-08_08-50-46_08300.png,0.05635882914066315,0.3720276355743408
Fog/STF/fog_dense/test/2018-10-08_08-50-46_07300.png,0.022810328751802444,0.4457920789718628
Fog/STF/fog_dense/test/2018-10-08_08-50-46_02700.png,0.020340729504823685,0.052492111921310425
Fog/STF/fog_dense/test/2018-10-29_14-30-29_00570.png,-0.0059333303943276405,0.23269036412239075
Fog/STF/fog_dense/test/2018-10-29_14-30-29_01760.png,-0.02181089110672474,0.20587043464183807
Fog/STF/fog_dense/test/2018-10-29_14-30-29_02390.png,0.093722864985466,0.14901015162467957
Fog/STF/fog_dense/test/2018-10-08_08-10-40_02610.png,0.052909307181835175,0.14472801983356476
Fog/STF/fog_dense/test/2018-10-08_08-10-40_03230.png,0.11966836452484131,0.14249935746192932
Fog/STF/fog_dense/test/2018-10-08_08-50-46_06800.png,0.09303637593984604,0.2211175113916397
Fog/STF/fog_dense/test/2018-10-29_16-00-52_00960.png,0.020861469209194183,0.13323336839675903
Fog/STF/fog_dense/test/2018-10-08_08-10-40_03000.png,0.06467810273170471,0.5125082731246948
Fog/STF/fog_dense/test/2018-10-29_16-00-52_02400.png,0.04001014679670334,0.16577768325805664
Fog/STF/fog_dense/test/2018-10-08_08-10-40_02300.png,0.012844080105423927,0.04104373976588249
Fog/STF/fog_dense/test/2018-10-29_14-30-29_02570.png,0.02405218780040741,0.4247872233390808
Fog/STF/fog_dense/test/2018-10-29_14-30-29_01900.png,0.017229201272130013,0.4966650903224945
Fog/STF/fog_dense/test/2018-10-29_15-42-40_00200.png,0.11854449659585953,0.18161077797412872
Fog/STF/fog_dense/test/2018-10-29_14-30-29_00600.png,-0.015105338767170906,0.07586310058832169
Fog/STF/fog_dense/test/2018-10-29_16-00-52_00860.png,0.0011257878504693508,0.059647124260663986
Fog/STF/fog_dense/test/2018-10-29_14-30-29_00580.png,-0.03352842479944229,0.16546718776226044
Fog/STF/fog_dense/test/2018-10-29_16-00-52_01400.png,0.0310660470277071,0.36202532052993774
Fog/STF/fog_dense/test/2018-10-08_08-50-46_06200.png,-0.01973308064043522,0.14533033967018127
Fog/STF/fog_dense/test/2018-10-29_16-00-52_02440.png,0.05968569219112396,0.12041366845369339
Fog/STF/fog_dense/test/2018-10-08_08-50-46_08380.png,0.09672192484140396,0.3101258873939514
Fog/STF/fog_dense/test/2018-10-08_08-50-46_08390.png,0.0249080378562212,0.3344741463661194
Fog/STF/fog_dense/test/2018-10-29_16-00-52_04650.png,0.15143610537052155,0.24270308017730713
Fog/STF/fog_dense/test/2018-10-08_08-10-40_00510.png,0.057173702865839005,0.11291015148162842
Fog/STF/fog_dense/test/2018-10-08_08-10-40_03150.png,0.12247107923030853,0.3609600365161896
Fog/STF/fog_dense/test/2018-10-08_08-10-40_02730.png,0.01957726664841175,0.04107332229614258
Fog/STF/fog_dense/test/2018-10-08_08-10-40_02600.png,0.06353966146707535,0.15777280926704407
Fog/STF/fog_dense/test/2018-10-08_08-50-46_06600.png,0.09849633276462555,0.1513138711452484
Fog/STF/fog_dense/test/2018-10-08_08-50-46_06700.png,0.024921409785747528,0.22051216661930084
Fog/STF/fog_dense/test/2018-10-08_08-50-46_08000.png,0.06215542554855347,0.10486704856157303
Fog/STF/fog_dense/test/2018-10-29_14-30-29_02640.png,0.018198885023593903,0.03444575518369675
Fog/STF/fog_dense/test/2018-10-29_14-30-29_01400.png,0.02850111946463585,0.07624278217554092
Fog/STF/fog_dense/test/2018-10-29_14-30-29_01450.png,-0.007933037355542183,0.3786226511001587
Fog/STF/fog_dense/test/2018-10-29_14-30-29_02250.png,0.04939607158303261,0.14565718173980713
Fog/STF/fog_dense/test/2018-10-08_08-50-46_08630.png,0.034342750906944275,0.07530525326728821
Fog/STF/fog_dense/test/2018-10-08_08-50-46_03200.png,0.016220100224018097,0.03958335518836975
Fog/STF/fog_dense/test/2018-10-29_15-42-40_00700.png,0.07542760670185089,0.22195526957511902
Fog/STF/fog_dense/test/2018-10-29_14-30-29_01340.png,0.022388610988855362,0.04435611516237259
Fog/STF/fog_dense/test/2018-10-29_16-00-52_03500.png,0.039210233837366104,0.4697096049785614
Fog/STF/fog_dense/test/2018-10-08_08-10-40_00630.png,0.03930852189660072,0.18381132185459137
Fog/STF/fog_dense/test/2018-10-08_08-50-46_08620.png,0.03446144238114357,0.08566759526729584
Fog/STF/fog_dense/test/2018-10-29_14-30-29_01750.png,-0.01442268118262291,0.3574231266975403
Fog/STF/fog_dense/test/2018-10-08_08-10-40_03900.png,0.0756363794207573,0.10178118199110031
Fog/STF/fog_dense/test/2018-10-08_08-50-46_08660.png,0.06610788404941559,0.4421548843383789
Fog/STF/fog_dense/test/2018-10-08_08-10-40_03200.png,0.13331294059753418,0.3214290142059326
Fog/STF/fog_dense/test/2018-10-08_08-50-46_05900.png,0.01240640040487051,0.5088015198707581
Fog/STF/fog_dense/test/2018-10-08_08-50-46_06300.png,-0.0012614016886800528,0.024617383256554604
Fog/STF/fog_dense/test/2018-10-29_14-30-29_00510.png,0.01525951735675335,0.20547980070114136
Fog/STF/fog_dense/test/2018-10-08_08-10-40_00670.png,0.03125710040330887,0.08779849112033844
Fog/STF/fog_dense/test/2018-10-08_08-50-46_07780.png,0.10707856714725494,0.16458798944950104
Fog/STF/fog_dense/test/2018-10-29_14-30-29_01550.png,-0.04925410822033882,0.27989161014556885
Fog/STF/fog_dense/test/2018-10-08_08-50-46_08410.png,0.05637957155704498,0.33040088415145874
Fog/STF/fog_dense/test/2018-10-08_08-50-46_07900.png,-0.0005220186430960894,0.37075042724609375
Fog/STF/fog_dense/test/2018-10-08_08-50-46_08610.png,0.06400803476572037,0.10498839616775513
Fog/STF/fog_dense/test/2018-10-29_16-00-52_01000.png,0.024057239294052124,0.09236359596252441
Fog/STF/fog_dense/test/2018-10-29_14-30-29_02350.png,0.02849266305565834,0.12045412510633469
Fog/STF/fog_dense/test/2018-10-29_15-42-40_00300.png,0.07841433584690094,0.15799686312675476
Fog/STF/fog_dense/test/2018-10-08_08-50-46_05400.png,0.04025571420788765,0.08515730500221252
Fog/STF/fog_dense/test/2018-10-08_08-50-46_06000.png,0.09813865274190903,0.3326261043548584
Fog/STF/fog_dense/test/2018-10-08_08-50-46_06100.png,0.04528338462114334,0.2932668924331665
Fog/STF/fog_dense/test/2018-10-08_08-10-40_02530.png,0.022794051095843315,0.03799431771039963
Fog/STF/fog_dense/test/2018-10-08_08-50-46_03400.png,0.17222842574119568,0.22080650925636292
Fog/STF/fog_dense/test/2018-10-08_08-10-40_04400.png,0.07758985459804535,0.14357785880565643
Fog/STF/fog_dense/test/2018-10-29_16-00-52_01410.png,0.1407833695411682,0.6866660714149475
Fog/STF/fog_dense/test/2018-10-08_08-50-46_07690.png,0.06102772429585457,0.11165519058704376
Fog/STF/fog_dense/test/2018-10-29_14-30-29_02190.png,0.051464177668094635,0.5751993060112
Fog/STF/fog_dense/test/2018-10-29_14-30-29_02070.png,-0.0321970097720623,0.21946382522583008
Fog/STF/fog_dense/test/2018-10-08_08-50-46_07200.png,0.007336229085922241,0.4381488561630249
Fog/STF/fog_dense/test/2018-10-08_08-10-40_02620.png,0.08125310391187668,0.11973969638347626
Fog/STF/fog_dense/test/2018-10-08_08-50-46_08600.png,0.1073044091463089,0.21924401819705963
Fog/STF/fog_dense/test/2018-10-29_16-00-52_00880.png,0.02432679757475853,0.20613497495651245
Fog/STF/fog_dense/test/2018-10-29_14-30-29_02600.png,-0.027716178447008133,0.32167351245880127
Fog/STF/fog_dense/test/2018-10-08_08-50-46_08640.png,0.05563395470380783,0.16394196450710297
Fog/STF/fog_dense/test/2018-10-29_16-00-52_02300.png,0.07218680530786514,0.18322376906871796
Fog/STF/fog_dense/test/2018-10-08_08-50-46_08450.png,0.04176327586174011,0.3976915180683136
Fog/STF/fog_dense/test/2018-10-29_14-30-29_00450.png,-0.029344528913497925,0.14588122069835663
Fog/STF/fog_dense/test/2018-10-08_08-50-46_05800.png,0.08048306405544281,0.16193795204162598
Fog/STF/fog_dense/test/2018-10-08_08-50-46_07350.png,-0.021793827414512634,0.267778217792511
Fog/STF/fog_dense/test/2018-10-29_14-30-29_02630.png,-0.04490891098976135,0.06888782978057861
Fog/STF/fog_dense/test/2018-10-08_08-50-46_07320.png,-0.05083024501800537,0.2682739198207855
Fog/STF/fog_dense/test/2018-10-08_08-50-46_07600.png,0.025225801393389702,0.2785637080669403
Fog/STF/fog_dense/test/2018-10-29_15-42-40_00100.png,0.05182989686727524,0.26223045587539673
Fog/STF/fog_dense/test/2018-10-29_14-30-29_00550.png,0.0021309377625584602,0.09405039995908737
Fog/STF/fog_dense/test/2018-10-08_08-50-46_08360.png,0.05962272733449936,0.2988913655281067
Fog/STF/fog_dense/test/2018-10-29_14-30-29_00480.png,0.013775026425719261,0.07057416439056396
Fog/STF/fog_dense/test/2018-10-08_08-10-40_02550.png,0.01974239945411682,0.06028231978416443
Fog/STF/fog_dense/test/2018-10-08_08-50-46_07660.png,0.05312918871641159,0.4327707588672638
Fog/STF/fog_dense/test/2018-10-08_08-10-40_03400.png,0.09404157102108002,0.36761850118637085
Fog/STF/fog_dense/test/2018-10-08_08-50-46_07100.png,0.10263869166374207,0.3213003873825073
Fog/STF/fog_dense/test/2018-10-29_16-00-52_02660.png,0.031985215842723846,0.11149372160434723
Fog/STF/fog_dense/test/2018-10-08_08-50-46_07410.png,-0.007582185789942741,0.3982864022254944
Fog/STF/fog_dense/test/2018-10-08_08-50-46_07670.png,0.04799342155456543,0.36894920468330383
Fog/STF/fog_dense/test/2018-10-08_08-50-46_08330.png,0.025440335273742676,0.3538975715637207
Fog/STF/fog_dense/test/2018-10-08_08-10-40_02520.png,0.024154460057616234,0.06456378102302551
Fog/STF/fog_dense/test/2018-10-08_08-50-46_07400.png,-0.02024533599615097,0.4595089852809906
Fog/STF/fog_dense/test/2018-10-29_14-30-29_01310.png,-0.0002030429895967245,0.02396959811449051
Fog/STF/fog_dense/test/2018-10-29_14-30-29_00560.png,-0.03833898901939392,0.13755999505519867
Fog/STF/fog_dense/test/2018-10-29_14-30-29_00530.png,0.03635449707508087,0.25860244035720825
Fog/STF/fog_dense/test/2018-10-08_08-10-40_03040.png,0.036539528518915176,0.044808413833379745
Fog/STF/fog_dense/test/2018-10-08_08-10-40_03050.png,0.056316159665584564,0.0873991996049881
Fog/STF/fog_dense/test/2018-10-08_08-50-46_06400.png,0.11711376905441284,0.2722876965999603
Fog/STF/fog_dense/test/2018-10-29_16-00-52_02760.png,0.047272734344005585,0.08167199045419693
Fog/STF/fog_dense/test/2018-10-08_08-10-40_03020.png,0.06236855685710907,0.44893109798431396
Fog/STF/fog_dense/test/2018-10-29_14-30-29_01350.png,0.03245797008275986,0.05492929741740227
Fog/STF/fog_dense/test/2018-10-08_08-50-46_07370.png,0.02194230817258358,0.40773817896842957
Fog/STF/fog_dense/test/2018-10-08_08-50-46_08650.png,0.08643192052841187,0.46530500054359436
Fog/STF/fog_dense/test/2018-10-08_08-50-46_07580.png,0.07494938373565674,0.25199976563453674
Fog/STF/fog_dense/test/2018-02-12_09-34-22_00300.png,0.09969217330217361,0.3338366746902466
Fog/STF/fog_dense/test/2018-10-29_14-30-29_01000.png,0.03396305814385414,0.18068745732307434
Fog/STF/fog_dense/test/2018-10-29_14-30-29_02500.png,-0.07058234512805939,0.16420632600784302
Fog/STF/fog_dense/test/2018-10-08_08-50-46_04500.png,0.018844349309802055,0.030783165246248245
Fog/STF/fog_dense/test/2018-10-08_08-10-40_03100.png,0.1630038022994995,0.24830570816993713
Fog/STF/fog_dense/test/2018-10-29_14-30-29_02000.png,0.014563332311809063,0.3092619776725769
Fog/STF/fog_dense/test/2018-10-29_14-30-29_01030.png,0.06391925364732742,0.16357703506946564
Fog/STF/fog_dense/test/2018-10-08_08-50-46_06500.png,0.022523239254951477,0.02891882136464119
Fog/STF/fog_dense/test/2018-10-29_14-30-29_01710.png,0.008804526180028915,0.43158990144729614
Fog/STF/fog_dense/test/2018-02-12_09-34-22_00100.png,0.16034305095672607,0.4081902503967285
Fog/STF/fog_dense/test/2018-10-08_08-50-46_07950.png,0.046411506831645966,0.3236003518104553
Fog/STF/fog_dense/test/2018-10-08_08-10-40_02950.png,0.020218774676322937,0.06105201691389084
Fog/STF/fog_dense/test/2018-10-08_08-50-46_08420.png,0.0273429062217474,0.365955650806427
Fog/STF/fog_dense/test/2018-10-08_08-10-40_02440.png,0.011901644989848137,0.019303441047668457
Fog/STF/fog_dense/test/2018-10-08_08-50-46_07390.png,0.018079128116369247,0.5203367471694946
Fog/STF/fog_dense/test/2018-10-29_14-30-29_02080.png,-0.023074088618159294,0.1638413667678833
Fog/STF/fog_dense/test/2018-10-08_08-50-46_07380.png,-0.0043122731149196625,0.44508054852485657
Fog/STF/fog_dense/test/2018-10-08_08-50-46_08340.png,0.009104033000767231,0.2585189640522003
Fog/STF/fog_dense/test/2018-10-08_08-10-40_03800.png,0.028785482048988342,0.3319963216781616
Fog/STF/fog_dense/test/2018-10-29_14-30-29_01790.png,-0.04058690369129181,0.03469904512166977
Fog/STF/fog_dense/test/2018-10-29_14-30-29_00520.png,0.04600184038281441,0.21310588717460632
Fog/STF/fog_dense/test/2018-10-29_14-30-29_01740.png,0.0114503288641572,0.45687732100486755
Fog/STF/fog_dense/test/2018-10-29_14-30-29_01250.png,-0.020630689337849617,0.41303133964538574
Fog/STF/fog_dense/test/2018-10-29_14-30-29_00780.png,0.02053167298436165,0.490472674369812
Fog/STF/fog_dense/test/2018-10-29_16-00-52_04270.png,0.17673863470554352,0.5218151807785034
Fog/STF/fog_dense/test/2018-10-08_08-10-40_02900.png,0.04957718029618263,0.0762837827205658
Fog/STF/fog_dense/train/2018-10-29_15-09-31_00900.png,0.05013100802898407,0.18061980605125427
Fog/STF/fog_dense/train/2019-01-09_10-52-08_00000.png,0.050839491188526154,0.34099459648132324
Fog/STF/fog_dense/train/2018-10-29_16-12-02_01300.png,0.013864824548363686,0.030801156535744667
Fog/STF/fog_dense/train/2018-10-29_15-32-57_02640.png,0.05116536468267441,0.10371154546737671
Fog/STF/fog_dense/train/2018-10-29_15-46-53_02900.png,0.12719082832336426,0.3906027674674988
Fog/STF/fog_dense/train/2018-10-29_15-53-13_01800.png,-0.005249044857919216,0.19752028584480286
Fog/STF/fog_dense/train/2018-10-29_14-35-02_01840.png,0.036192700266838074,0.07535867393016815
Fog/STF/fog_dense/train/2018-10-29_15-32-57_00900.png,-0.036645203828811646,0.2320939302444458
Fog/STF/fog_dense/train/2018-10-29_15-07-47_00510.png,0.02647889405488968,0.05646587535738945
Fog/STF/fog_dense/train/2018-10-08_08-50-46_03500.png,0.05176527798175812,0.07583404332399368
Fog/STF/fog_dense/train/2018-10-08_08-50-46_08370.png,0.09696146845817566,0.2851061224937439
Fog/STF/fog_dense/train/2018-10-08_08-50-46_07280.png,-0.00594261335209012,0.34146738052368164
Fog/STF/fog_dense/train/2018-10-29_14-50-14_02550.png,0.025973591953516006,0.08819352090358734
Fog/STF/fog_dense/train/2018-10-29_15-19-12_00500.png,0.04899226129055023,0.46348828077316284
Fog/STF/fog_dense/train/2018-10-29_14-35-02_00760.png,0.11166831851005554,0.20973443984985352
Fog/STF/fog_dense/train/2018-10-08_08-50-46_02300.png,0.04110728204250336,0.4192173480987549
Fog/STF/fog_dense/train/2018-10-08_08-50-46_05600.png,0.041258037090301514,0.39029958844184875
Fog/STF/fog_dense/train/2018-10-29_16-00-52_01590.png,0.16791726648807526,0.5066410303115845
Fog/STF/fog_dense/train/2018-10-29_15-53-13_00100.png,0.01566394232213497,0.025934657081961632
Fog/STF/fog_dense/train/2018-10-29_14-35-02_02100.png,0.07613244652748108,0.12254419922828674
Fog/STF/fog_dense/train/2018-10-29_16-00-52_00850.png,0.010637309402227402,0.22329802811145782
Fog/STF/fog_dense/train/2018-10-29_15-25-20_00950.png,0.1188579648733139,0.40531420707702637
Fog/STF/fog_dense/train/2018-10-29_16-00-52_00990.png,0.01419565174728632,0.041037797927856445
Fog/STF/fog_dense/train/2018-10-29_14-35-02_01790.png,0.05598513036966324,0.11458748579025269
Fog/STF/fog_dense/train/2018-10-29_14-50-14_00300.png,0.1376301348209381,0.33285683393478394
Fog/STF/fog_dense/train/2018-10-29_15-46-53_01900.png,0.06604993343353271,0.10463010519742966
Fog/STF/fog_dense/train/2018-10-08_08-37-47_01900.png,0.08160832524299622,0.14192169904708862
Fog/STF/fog_dense/train/2018-02-12_09-34-22_00230.png,0.10733191668987274,0.18261200189590454
Fog/STF/fog_dense/train/2018-10-29_15-19-12_01700.png,0.05441214516758919,0.3862904906272888
Fog/STF/fog_dense/train/2018-10-29_16-00-52_02670.png,0.084651418030262,0.1373649537563324
Fog/STF/fog_dense/train/2018-10-08_08-50-46_03300.png,0.13625749945640564,0.2088436484336853
Fog/STF/fog_dense/train/2018-10-29_15-53-13_01200.png,0.08740942180156708,0.4230484068393707
Fog/STF/fog_dense/train/2018-10-29_14-35-02_01900.png,0.026987537741661072,0.04885534569621086
Fog/STF/fog_dense/train/2018-10-08_08-50-46_04600.png,0.102042555809021,0.3530857264995575
Fog/STF/fog_dense/train/2018-10-08_08-50-46_08300.png,0.05635882914066315,0.3720276355743408
Fog/STF/fog_dense/train/2018-10-29_15-46-53_02600.png,0.1072247326374054,0.39211010932922363
Fog/STF/fog_dense/train/2018-10-08_08-50-46_07300.png,0.022810328751802444,0.4457920789718628
Fog/STF/fog_dense/train/2018-10-08_08-50-46_02700.png,0.020340729504823685,0.052492111921310425
Fog/STF/fog_dense/train/2018-10-29_15-53-13_02300.png,0.1033138632774353,0.16333380341529846
Fog/STF/fog_dense/train/2018-10-29_15-37-43_01200.png,-0.006986005697399378,0.07619684934616089
Fog/STF/fog_dense/train/2018-10-29_15-19-12_00900.png,-0.01112841721624136,0.4052426815032959
Fog/STF/fog_dense/train/2018-10-29_14-50-14_01550.png,0.0837298110127449,0.22552073001861572
Fog/STF/fog_dense/train/2018-10-29_15-25-20_01500.png,-0.06421439349651337,0.39643368124961853
Fog/STF/fog_dense/train/2018-10-08_08-50-46_06800.png,0.09303637593984604,0.2211175113916397
Fog/STF/fog_dense/train/2018-10-29_15-32-57_01480.png,0.04833468794822693,0.37041300535202026
Fog/STF/fog_dense/train/2018-10-29_16-00-52_00960.png,0.020861469209194183,0.13323336839675903
Fog/STF/fog_dense/train/2018-10-08_08-27-03_01790.png,0.03581179678440094,0.4635877013206482
Fog/STF/fog_dense/train/2018-10-29_15-09-31_01940.png,0.08744677901268005,0.18755340576171875
Fog/STF/fog_dense/train/2018-10-29_16-00-52_02400.png,0.04001014679670334,0.16577768325805664
Fog/STF/fog_dense/train/2018-10-29_15-15-15_01190.png,0.017401471734046936,0.03774687647819519
Fog/STF/fog_dense/train/2018-10-29_15-53-13_02800.png,0.017235042527318,0.2973347008228302
Fog/STF/fog_dense/train/2018-10-29_15-46-53_02000.png,0.11377034336328506,0.3264644742012024
Fog/STF/fog_dense/train/2018-10-29_15-42-40_00200.png,0.11854449659585953,0.18161077797412872
Fog/STF/fog_dense/train/2018-10-29_14-50-14_02760.png,0.02228863164782524,0.06192702800035477
Fog/STF/fog_dense/train/2018-10-29_15-19-12_00570.png,0.061040572822093964,0.12925204634666443
Fog/STF/fog_dense/train/2018-10-29_15-15-15_01520.png,0.02070559374988079,0.10010591149330139
Fog/STF/fog_dense/train/2018-10-29_14-35-02_01500.png,0.04229099303483963,0.08791724592447281
Fog/STF/fog_dense/train/2018-10-29_16-00-52_00860.png,0.0011257878504693508,0.059647124260663986
Fog/STF/fog_dense/train/2018-10-29_15-02-37_00160.png,-0.006231863982975483,0.05556367337703705
Fog/STF/fog_dense/train/2018-10-29_15-15-15_00900.png,0.028442829847335815,0.1745416820049286
Fog/STF/fog_dense/train/2018-10-29_14-50-14_02500.png,0.032581835985183716,0.12824031710624695
Fog/STF/fog_dense/train/2018-10-29_16-00-52_01400.png,0.0310660470277071,0.36202532052993774
Fog/STF/fog_dense/train/2018-10-29_16-12-02_01200.png,0.07630489766597748,0.1327231526374817
Fog/STF/fog_dense/train/2018-10-08_08-50-46_06200.png,-0.01973308064043522,0.14533033967018127
Fog/STF/fog_dense/train/2018-10-29_16-00-52_02440.png,0.05968569219112396,0.12041366845369339
Fog/STF/fog_dense/train/2018-10-29_15-09-31_01550.png,0.026288898661732674,0.08462522178888321
Fog/STF/fog_dense/train/2018-10-29_14-50-14_01450.png,0.060766205191612244,0.11377263069152832
Fog/STF/fog_dense/train/2018-10-08_08-50-46_08380.png,0.09672192484140396,0.3101258873939514
Fog/STF/fog_dense/train/2018-10-08_08-50-46_08390.png,0.0249080378562212,0.3344741463661194
Fog/STF/fog_dense/train/2018-10-29_14-35-02_02490.png,0.08270910382270813,0.2399371862411499
Fog/STF/fog_dense/train/2018-10-29_14-35-02_00600.png,-0.024784520268440247,0.5860615372657776
Fog/STF/fog_dense/train/2018-10-29_16-00-52_04650.png,0.15143610537052155,0.24270308017730713
Fog/STF/fog_dense/train/2018-10-29_15-32-57_00660.png,0.06892021000385284,0.36591416597366333
Fog/STF/fog_dense/train/2018-10-29_14-50-14_01170.png,0.09738520532846451,0.20706461369991302
Fog/STF/fog_dense/train/2018-10-29_15-02-37_00150.png,0.0022033010609447956,0.0997026115655899
Fog/STF/fog_dense/train/2018-10-29_14-35-02_00560.png,-0.0031439526937901974,0.017380239441990852
Fog/STF/fog_dense/train/2018-10-08_08-50-46_06600.png,0.09849633276462555,0.1513138711452484
Fog/STF/fog_dense/train/2018-10-29_15-09-31_02970.png,0.06267520785331726,0.24687594175338745
Fog/STF/fog_dense/train/2018-10-08_08-50-46_06700.png,0.024921409785747528,0.22051216661930084
Fog/STF/fog_dense/train/2018-10-29_15-53-13_00210.png,0.008320705965161324,0.04943384975194931
Fog/STF/fog_dense/train/2018-10-08_08-50-46_08000.png,0.06215542554855347,0.10486704856157303
Fog/STF/fog_dense/train/2018-10-29_14-35-02_01470.png,0.03315393626689911,0.06543014198541641
Fog/STF/fog_dense/train/2018-10-08_08-50-46_08630.png,0.034342750906944275,0.07530525326728821
Fog/STF/fog_dense/train/2018-10-29_15-53-13_04000.png,0.09011813998222351,0.46475154161453247
Fog/STF/fog_dense/train/2018-10-08_08-50-46_03200.png,0.016220100224018097,0.03958335518836975
Fog/STF/fog_dense/train/2018-02-12_09-35-25_00000.png,0.10163506120443344,0.32669395208358765
Fog/STF/fog_dense/train/2018-10-29_15-42-40_00700.png,0.07542760670185089,0.22195526957511902
Fog/STF/fog_dense/train/2018-10-29_15-02-37_01040.png,0.01009276695549488,0.1561426818370819
Fog/STF/fog_dense/train/2018-10-29_15-02-37_01000.png,0.05820265784859657,0.26989343762397766
Fog/STF/fog_dense/train/2018-10-29_15-32-57_01450.png,0.06243356689810753,0.2356157749891281
Fog/STF/fog_dense/train/2018-10-29_14-50-14_01400.png,0.10827264189720154,0.17906484007835388
Fog/STF/fog_dense/train/2018-10-29_16-00-52_03500.png,0.039210233837366104,0.4697096049785614
Fog/STF/fog_dense/train/2018-10-08_08-50-46_08620.png,0.03446144238114357,0.08566759526729584
Fog/STF/fog_dense/train/2018-10-29_15-09-31_01850.png,0.03058105893433094,0.43631452322006226
Fog/STF/fog_dense/train/2018-10-08_08-50-46_08660.png,0.06610788404941559,0.4421548843383789
Fog/STF/fog_dense/train/2018-10-29_15-09-31_00160.png,0.12996411323547363,0.4945870637893677
Fog/STF/fog_dense/train/2018-10-29_15-19-12_01200.png,0.053967271000146866,0.37993451952934265
Fog/STF/fog_dense/train/2018-10-08_08-50-46_05900.png,0.01240640040487051,0.5088015198707581
Fog/STF/fog_dense/train/2018-10-29_15-07-47_00390.png,0.04826783761382103,0.09739289432764053
Fog/STF/fog_dense/train/2018-12-12_09-34-31_00260.png,0.18486323952674866,0.7255793809890747
Fog/STF/fog_dense/train/2018-10-08_08-50-46_06300.png,-0.0012614016886800528,0.024617383256554604
Fog/STF/fog_dense/train/2018-10-29_15-46-53_03200.png,0.046177759766578674,0.22704735398292542
Fog/STF/fog_dense/train/2018-10-29_15-15-15_01560.png,0.03513821214437485,0.05141628161072731
Fog/STF/fog_dense/train/2018-10-29_14-50-14_02400.png,0.05198186635971069,0.18215328454971313
Fog/STF/fog_dense/train/2018-10-08_08-50-46_07780.png,0.10707856714725494,0.16458798944950104
Fog/STF/fog_dense/train/2018-10-29_15-02-37_01020.png,0.022517355158925056,0.037859465926885605
Fog/STF/fog_dense/train/2018-10-29_15-25-20_01990.png,0.000537052983418107,0.021894969046115875
Fog/STF/fog_dense/train/2018-10-29_15-25-20_00000.png,0.11549119651317596,0.3459765315055847
Fog/STF/fog_dense/train/2018-10-08_08-37-47_02700.png,0.04109788313508034,0.06118836998939514
Fog/STF/fog_dense/train/2018-10-29_15-32-57_01800.png,0.21583795547485352,0.41564464569091797
Fog/STF/fog_dense/train/2018-10-29_14-50-14_01370.png,-0.011063775047659874,0.2947920858860016
Fog/STF/fog_dense/train/2018-10-08_08-50-46_08410.png,0.05637957155704498,0.33040088415145874
Fog/STF/fog_dense/train/2018-10-29_15-53-13_02600.png,-0.009535274468362331,0.3501007556915283
Fog/STF/fog_dense/train/2018-10-29_15-46-53_01800.png,0.05906687304377556,0.15137702226638794
Fog/STF/fog_dense/train/2018-10-08_08-50-46_07900.png,-0.0005220186430960894,0.37075042724609375
Fog/STF/fog_dense/train/2018-10-29_14-50-14_02950.png,0.014750121161341667,0.021601561456918716
Fog/STF/fog_dense/train/2018-10-08_08-50-46_08610.png,0.06400803476572037,0.10498839616775513
Fog/STF/fog_dense/train/2018-10-08_08-18-59_00300.png,0.09397764503955841,0.2640077769756317
Fog/STF/fog_dense/train/2018-10-29_15-53-13_02900.png,0.0569985955953598,0.09731777012348175
Fog/STF/fog_dense/train/2018-10-29_14-35-02_01760.png,0.04613315686583519,0.22653406858444214
Fog/STF/fog_dense/train/2018-10-29_16-00-52_01000.png,0.024057239294052124,0.09236359596252441
Fog/STF/fog_dense/train/2018-10-29_15-02-37_00170.png,0.026505261659622192,0.14985334873199463
Fog/STF/fog_dense/train/2018-10-29_16-12-02_01290.png,0.01313169114291668,0.031882788985967636
Fog/STF/fog_dense/train/2018-10-29_15-42-40_00300.png,0.07841433584690094,0.15799686312675476
Fog/STF/fog_dense/train/2018-10-08_08-50-46_05400.png,0.04025571420788765,0.08515730500221252
Fog/STF/fog_dense/train/2018-10-08_08-50-46_06000.png,0.09813865274190903,0.3326261043548584
Fog/STF/fog_dense/train/2018-10-29_15-02-37_01790.png,0.14951898157596588,0.33378666639328003
Fog/STF/fog_dense/train/2018-10-08_08-50-46_06100.png,0.04528338462114334,0.2932668924331665
Fog/STF/fog_dense/train/2018-10-29_15-25-20_00600.png,0.08524880558252335,0.45002877712249756
Fog/STF/fog_dense/train/2018-10-29_14-35-02_01400.png,0.023970112204551697,0.3536829352378845
Fog/STF/fog_dense/train/2018-10-08_08-50-46_03400.png,0.17222842574119568,0.22080650925636292
Fog/STF/fog_dense/train/2018-10-29_15-15-15_01500.png,0.03629349172115326,0.07084177434444427
Fog/STF/fog_dense/train/2018-10-29_14-50-14_00700.png,0.07340442389249802,0.4092809557914734
Fog/STF/fog_dense/train/2018-10-29_16-00-52_01410.png,0.1407833695411682,0.6866660714149475
Fog/STF/fog_dense/train/2018-10-29_15-46-53_02100.png,0.03369244933128357,0.37371787428855896
Fog/STF/fog_dense/train/2018-10-29_15-25-20_01170.png,0.08982037752866745,0.33723872900009155
Fog/STF/fog_dense/train/2018-10-08_08-50-46_07690.png,0.06102772429585457,0.11165519058704376
Fog/STF/fog_dense/train/2018-10-29_15-25-20_02000.png,-0.0009163896320387721,0.04270537197589874
Fog/STF/fog_dense/train/2018-10-29_15-09-31_02110.png,0.10847486555576324,0.38742679357528687
Fog/STF/fog_dense/train/2018-10-29_14-35-02_01830.png,0.03323117271065712,0.06704472005367279
Fog/STF/fog_dense/train/2018-10-29_16-12-02_01360.png,0.009155322797596455,0.023705273866653442
Fog/STF/fog_dense/train/2018-10-08_08-50-46_07200.png,0.007336229085922241,0.4381488561630249
Fog/STF/fog_dense/train/2018-10-29_15-09-31_01750.png,0.11743488907814026,0.3775795102119446
Fog/STF/fog_dense/train/2018-10-29_14-50-14_01800.png,0.07699476182460785,0.12244708091020584
Fog/STF/fog_dense/train/2018-10-08_08-50-46_08600.png,0.1073044091463089,0.21924401819705963
Fog/STF/fog_dense/train/2018-10-29_15-02-37_00180.png,0.010940151289105415,0.11721164733171463
Fog/STF/fog_dense/train/2018-10-29_16-00-52_00880.png,0.02432679757475853,0.20613497495651245
Fog/STF/fog_dense/train/2018-10-29_14-50-14_02600.png,0.025071971118450165,0.07278485596179962
Fog/STF/fog_dense/train/2018-10-08_08-50-46_08640.png,0.05563395470380783,0.16394196450710297
Fog/STF/fog_dense/train/2018-10-29_16-00-52_02300.png,0.07218680530786514,0.18322376906871796
Fog/STF/fog_dense/train/2018-10-08_08-50-46_08450.png,0.04176327586174011,0.3976915180683136
Fog/STF/fog_dense/train/2018-10-29_15-46-53_03600.png,0.08433254808187485,0.3335513472557068
Fog/STF/fog_dense/train/2018-10-29_15-02-37_00580.png,0.07548187673091888,0.3045177757740021
Fog/STF/fog_dense/train/2018-10-29_15-07-47_00970.png,0.07734008133411407,0.5252852439880371
Fog/STF/fog_dense/train/2018-10-08_08-50-46_05800.png,0.08048306405544281,0.16193795204162598
Fog/STF/fog_dense/train/2018-10-08_08-50-46_07350.png,-0.021793827414512634,0.267778217792511
Fog/STF/fog_dense/train/2018-10-08_08-50-46_07320.png,-0.05083024501800537,0.2682739198207855
Fog/STF/fog_dense/train/2018-10-08_08-50-46_07600.png,0.025225801393389702,0.2785637080669403
Fog/STF/fog_dense/train/2018-10-29_15-42-40_00100.png,0.05182989686727524,0.26223045587539673
Fog/STF/fog_dense/train/2018-10-08_08-18-59_03300.png,0.10703979432582855,0.35067540407180786
Fog/STF/fog_dense/train/2018-12-12_09-34-31_01460.png,0.14162476360797882,0.28343871235847473
Fog/STF/fog_dense/train/2018-10-08_08-50-46_08360.png,0.05962272733449936,0.2988913655281067
Fog/STF/fog_dense/train/2018-10-29_15-53-13_02700.png,0.01918516308069229,0.03834198787808418
Fog/STF/fog_dense/train/2018-10-29_15-02-37_00910.png,0.1661515235900879,0.278621643781662
Fog/STF/fog_dense/train/2018-10-29_15-07-47_00380.png,0.030256187543272972,0.05780084803700447
Fog/STF/fog_dense/train/2018-10-29_14-35-02_01510.png,0.023026755079627037,0.18802185356616974
Fog/STF/fog_dense/train/2018-02-12_09-37-52_00200.png,0.11204858124256134,0.39315399527549744
Fog/STF/fog_dense/train/2018-10-29_14-35-02_02300.png,0.05801897495985031,0.2100169062614441
Fog/STF/fog_dense/train/2018-10-29_14-35-02_01780.png,0.04909595847129822,0.09909380227327347
Fog/STF/fog_dense/train/2018-10-08_08-50-46_07660.png,0.05312918871641159,0.4327707588672638
Fog/STF/fog_dense/train/2018-10-08_08-18-59_00100.png,0.12529641389846802,0.23822450637817383
Fog/STF/fog_dense/train/2018-10-29_14-35-02_01810.png,0.046203918755054474,0.07556489109992981
Fog/STF/fog_dense/train/2018-10-29_14-35-02_01490.png,0.043613966554403305,0.07075938582420349
Fog/STF/fog_dense/train/2018-10-29_15-07-47_00370.png,0.000935204210691154,0.06208432465791702
Fog/STF/fog_dense/train/2018-10-08_08-50-46_07100.png,0.10263869166374207,0.3213003873825073
Fog/STF/fog_dense/train/2018-10-29_16-00-52_02660.png,0.031985215842723846,0.11149372160434723
Fog/STF/fog_dense/train/2018-10-08_08-50-46_07410.png,-0.007582185789942741,0.3982864022254944
Fog/STF/fog_dense/train/2018-10-08_08-37-47_04600.png,0.09403654932975769,0.15031936764717102
Fog/STF/fog_dense/train/2018-10-08_08-50-46_07670.png,0.04799342155456543,0.36894920468330383
Fog/STF/fog_dense/train/2018-10-08_08-50-46_08330.png,0.025440335273742676,0.3538975715637207
Fog/STF/fog_dense/train/2018-10-08_08-18-59_00370.png,0.03243353217840195,0.060369957238435745
Fog/STF/fog_dense/train/2018-10-08_08-50-46_07400.png,-0.02024533599615097,0.4595089852809906
Fog/STF/fog_dense/train/2018-10-29_15-37-43_01400.png,-0.005375606939196587,0.5087530612945557
Fog/STF/fog_dense/train/2018-10-29_14-50-14_01600.png,0.01922403834760189,0.06140327453613281
Fog/STF/fog_dense/train/2018-10-29_15-07-47_00500.png,0.04329630732536316,0.07916297018527985
Fog/STF/fog_dense/train/2018-10-29_14-50-14_01900.png,0.14655503630638123,0.23019154369831085
Fog/STF/fog_dense/train/2018-12-19_10-32-26_00650.png,0.0879053995013237,0.16472390294075012
Fog/STF/fog_dense/train/2018-10-08_08-50-46_06400.png,0.11711376905441284,0.2722876965999603
Fog/STF/fog_dense/train/2018-10-29_16-00-52_02760.png,0.047272734344005585,0.08167199045419693
Fog/STF/fog_dense/train/2018-10-29_15-22-38_00900.png,-0.01811513677239418,0.2826794683933258
Fog/STF/fog_dense/train/2018-10-29_14-35-02_01520.png,0.016887705773115158,0.18477074801921844
Fog/STF/fog_dense/train/2018-10-29_15-02-37_01150.png,0.020220942795276642,0.20519664883613586
Fog/STF/fog_dense/train/2018-10-29_15-19-12_01300.png,0.033308543264865875,0.2225124090909958
Fog/STF/fog_dense/train/2018-10-08_08-37-47_04100.png,0.1682230830192566,0.4735681414604187
Fog/STF/fog_dense/train/2018-10-29_15-15-15_00890.png,0.0021883815061300993,0.268186092376709
Fog/STF/fog_dense/train/2018-10-29_15-09-31_01960.png,0.058613598346710205,0.22316059470176697
Fog/STF/fog_dense/train/2018-10-29_14-35-02_02000.png,0.015973519533872604,0.11157916486263275
Fog/STF/fog_dense/train/2018-10-29_14-50-14_02850.png,0.08166135102510452,0.1074891984462738
Fog/STF/fog_dense/train/2018-10-08_08-50-46_07370.png,0.02194230817258358,0.40773817896842957
Fog/STF/fog_dense/train/2018-10-08_08-37-47_03900.png,0.13129621744155884,0.4704245924949646
Fog/STF/fog_dense/train/2018-10-29_15-25-20_00590.png,0.11521344631910324,0.32444849610328674
Fog/STF/fog_dense/train/2018-10-29_15-09-31_03150.png,0.052015602588653564,0.34572091698646545
Fog/STF/fog_dense/train/2018-10-08_08-50-46_08650.png,0.08643192052841187,0.46530500054359436
Fog/STF/fog_dense/train/2018-10-08_08-50-46_07580.png,0.07494938373565674,0.25199976563453674
Fog/STF/fog_dense/train/2018-02-12_09-34-22_00300.png,0.09969217330217361,0.3338366746902466
Fog/STF/fog_dense/train/2018-10-29_14-35-02_00000.png,-0.07111217081546783,0.021831462159752846
Fog/STF/fog_dense/train/2018-10-29_15-32-57_02660.png,0.039630889892578125,0.1659477800130844
Fog/STF/fog_dense/train/2018-10-29_14-35-02_00750.png,0.09310446679592133,0.14446182548999786
Fog/STF/fog_dense/train/2018-10-29_15-53-13_03990.png,0.019029781222343445,0.2743161618709564
Fog/STF/fog_dense/train/2018-10-08_08-18-59_00320.png,0.09236738085746765,0.17688708007335663
Fog/STF/fog_dense/train/2018-10-29_15-09-31_03000.png,-0.05730818212032318,0.22571757435798645
Fog/STF/fog_dense/train/2018-10-08_08-50-46_04500.png,0.018844349309802055,0.030783165246248245
Fog/STF/fog_dense/train/2018-10-29_15-09-31_01400.png,0.041013337671756744,0.09754832834005356
Fog/STF/fog_dense/train/2018-10-08_08-37-47_03000.png,0.12396654486656189,0.2790835499763489
Fog/STF/fog_dense/train/2018-10-29_15-07-47_00520.png,0.00736328586935997,0.0363435372710228
Fog/STF/fog_dense/train/2018-10-29_15-22-38_00160.png,0.09526956081390381,0.554057240486145
Fog/STF/fog_dense/train/2018-10-29_15-32-57_00990.png,0.010304739698767662,0.18678492307662964
Fog/STF/fog_dense/train/2018-10-29_14-50-14_01500.png,0.027173355221748352,0.45411860942840576
Fog/STF/fog_dense/train/2018-10-29_14-50-14_01700.png,0.03895457088947296,0.3103370666503906
Fog/STF/fog_dense/train/2018-10-29_14-35-02_01480.png,0.02633453533053398,0.05977054685354233
Fog/STF/fog_dense/train/2019-01-09_10-55-25_00330.png,0.09583654999732971,0.4065804183483124
Fog/STF/fog_dense/train/2018-10-08_08-50-46_06500.png,0.022523239254951477,0.02891882136464119
Fog/STF/fog_dense/train/2018-10-29_15-15-15_01220.png,0.01161422859877348,0.042553745210170746
Fog/STF/fog_dense/train/2018-02-12_09-34-22_00100.png,0.16034305095672607,0.4081902503967285
Fog/STF/fog_dense/train/2018-10-08_08-50-46_07950.png,0.046411506831645966,0.3236003518104553
Fog/STF/fog_dense/train/2018-10-29_14-50-14_03050.png,0.009628253057599068,0.024706359952688217
Fog/STF/fog_dense/train/2018-10-29_14-50-14_02700.png,0.04147392138838768,0.07767590880393982
Fog/STF/fog_dense/train/2018-10-29_14-50-14_01050.png,0.030904145911335945,0.46526408195495605
Fog/STF/fog_dense/train/2018-10-29_15-32-57_02650.png,0.031184189021587372,0.07450729608535767
Fog/STF/fog_dense/train/2018-10-08_08-50-46_08420.png,0.0273429062217474,0.365955650806427
Fog/STF/fog_dense/train/2018-10-29_15-02-37_01060.png,-0.017962101846933365,0.13537058234214783
Fog/STF/fog_dense/train/2018-10-08_08-50-46_07390.png,0.018079128116369247,0.5203367471694946
Fog/STF/fog_dense/train/2018-10-29_15-07-47_00470.png,0.04153064638376236,0.0730699673295021
Fog/STF/fog_dense/train/2018-10-08_08-50-46_07380.png,-0.0043122731149196625,0.44508054852485657
Fog/STF/fog_dense/train/2018-10-08_08-50-46_08340.png,0.009104033000767231,0.2585189640522003
Fog/STF/fog_dense/train/2018-10-29_15-09-31_02180.png,0.09393370151519775,0.16896952688694
Fog/STF/fog_dense/train/2018-10-29_15-15-15_01910.png,-0.05001305788755417,0.1682072877883911
Fog/STF/fog_dense/train/2018-10-29_16-00-52_04270.png,0.17673863470554352,0.5218151807785034
Fog/STF/fog_dense/train/2018-10-29_14-50-14_02300.png,0.0526132807135582,0.12333567440509796
Fog/STF/fog_dense/train/2018-10-29_15-53-13_00200.png,0.017688646912574768,0.03446873277425766
Fog/STF/fog_dense/train/2018-10-29_15-46-53_03000.png,0.06583791971206665,0.5574339628219604
Fog/STF/fog_dense/train/2019-01-09_10-55-25_01400.png,0.008388461545109749,0.29840436577796936
Fog/STF/fog_light/test/2018-10-08_08-50-46_04100.png,0.019331172108650208,0.07794579863548279
Fog/STF/fog_light/test/2018-10-29_15-46-53_01200.png,0.026316044852137566,0.05328430235385895
Fog/STF/fog_light/test/2018-10-29_14-50-14_03100.png,0.011690255254507065,0.018541796132922173
Fog/STF/fog_light/test/2018-10-08_08-50-46_00000.png,0.04954056441783905,0.13114941120147705
Fog/STF/fog_light/test/2018-10-08_08-37-47_06600.png,0.07746384292840958,0.20279517769813538
Fog/STF/fog_light/test/2018-10-08_08-50-46_03800.png,0.016622032970190048,0.04324372857809067
Fog/STF/fog_light/test/2018-10-08_08-50-46_00050.png,0.08308122307062149,0.4032050371170044
Fog/STF/fog_light/test/2018-10-29_15-46-53_01400.png,0.03929693251848221,0.05476733669638634
Fog/STF/fog_light/test/2018-10-08_08-37-47_05500.png,0.010494275018572807,0.09640174359083176
Fog/STF/fog_light/test/2018-10-08_08-50-46_03900.png,0.01778847724199295,0.03673829510807991
Fog/STF/fog_light/test/2018-10-08_08-37-47_05100.png,0.026121295988559723,0.054710280150175095
Fog/STF/fog_light/test/2018-12-16_12-05-56_00700.png,0.017626021057367325,0.06469650566577911
Fog/STF/fog_light/test/2018-10-29_14-50-14_03700.png,0.007160794921219349,0.011890241876244545
Fog/STF/fog_light/test/2018-03-15_09-26-43_00400.png,0.028276551514863968,0.06120122969150543
Fog/STF/fog_light/test/2018-10-08_08-37-47_05200.png,0.05343430116772652,0.08815769106149673
Fog/STF/fog_light/test/2018-02-04_12-43-00_00000.png,0.06957489997148514,0.2982853651046753
Fog/STF/fog_light/test/2018-03-15_09-26-43_00200.png,0.1297384798526764,0.20419296622276306
Fog/STF/fog_light/test/2018-10-29_15-46-53_01600.png,0.03990034759044647,0.07112531363964081
Fog/STF/fog_light/test/2018-10-29_15-46-53_00700.png,0.017800426110625267,0.03154076635837555
Fog/STF/fog_light/test/2018-10-08_08-50-46_04200.png,0.03667595237493515,0.051409848034381866
Fog/STF/fog_light/test/2018-10-29_15-46-53_01300.png,0.08701740950345993,0.21966852247714996
Fog/STF/fog_light/test/2018-03-15_09-26-43_00100.png,0.04551572725176811,0.08040149509906769
Fog/STF/fog_light/test/2018-10-08_08-50-46_03700.png,0.00894896686077118,0.05226563662290573
Fog/STF/fog_light/test/2018-12-16_12-05-56_00000.png,0.027623340487480164,0.04402666166424751
Fog/STF/fog_light/test/2018-10-08_08-37-47_06900.png,0.01994255743920803,0.04704678803682327
Fog/STF/fog_light/test/2018-10-08_08-50-46_00550.png,0.02753259800374508,0.47256022691726685
Fog/STF/fog_light/test/2018-03-15_09-26-43_00300.png,0.05056595057249069,0.07739269733428955
Fog/STF/fog_light/test/2018-10-08_08-50-46_01100.png,0.02901867963373661,0.04083435609936714
Fog/STF/fog_light/test/2018-10-29_15-46-53_01500.png,0.03057132661342621,0.06522826850414276
Fog/STF/fog_light/test/2018-10-29_14-50-14_03800.png,0.06823035329580307,0.10496836155653
Fog/STF/fog_light/test/2018-10-08_08-37-47_07500.png,0.04175578057765961,0.1489604115486145
Fog/STF/fog_light/test/2018-12-16_12-05-56_00500.png,0.029098719358444214,0.0817055031657219
Fog/STF/fog_light/test/2018-10-08_08-50-46_01200.png,0.09271396696567535,0.11062487214803696
Fog/STF/fog_light/test/2018-10-08_08-37-47_04900.png,0.020188773050904274,0.08332130312919617
Fog/STF/fog_light/test/2019-01-09_08-18-30_00300.png,0.030655447393655777,0.05506030097603798
Fog/STF/fog_light/test/2018-03-15_09-30-35_00150.png,0.08835183084011078,0.16302384436130524
Fog/STF/fog_light/test/2018-10-29_15-46-53_00300.png,0.10079124569892883,0.15394961833953857
Fog/STF/fog_light/test/2018-03-15_09-28-05_00200.png,0.03715600073337555,0.06654831767082214
Fog/STF/fog_light/test/2018-10-08_08-50-46_04300.png,0.015612916089594364,0.07306234538555145
Fog/STF/fog_light/test/2019-01-09_08-18-30_00200.png,0.025310229510068893,0.04560722038149834
Fog/STF/fog_light/test/2018-10-29_14-50-14_03500.png,0.028376232832670212,0.04140353947877884
Fog/STF/fog_light/test/2018-10-08_08-50-46_01000.png,0.09403510391712189,0.12494205683469772
Fog/STF/fog_light/test/2018-10-29_15-46-53_00900.png,0.026969725266098976,0.04579753428697586
Fog/STF/fog_light/test/2018-10-29_15-46-53_00100.png,0.034972935914993286,0.0609041228890419
Fog/STF/fog_light/test/2018-10-29_14-50-14_03450.png,0.011303739622235298,0.03514541685581207
Fog/STF/fog_light/test/2018-10-29_15-46-53_01100.png,0.05344486981630325,0.07868625223636627
Fog/STF/fog_light/test/2018-10-29_14-50-14_03300.png,0.0007181040709838271,0.04280390217900276
Fog/STF/fog_light/test/2018-10-08_08-50-46_00450.png,0.01736465096473694,0.03892342373728752
Fog/STF/fog_light/test/2018-10-29_15-46-53_00600.png,0.007039687596261501,0.02196565270423889
Fog/STF/fog_light/test/2018-12-16_12-05-56_00100.png,0.025373995304107666,0.04592885449528694
Fog/STF/fog_light/test/2018-10-08_08-37-47_07300.png,0.025795500725507736,0.034671373665332794
Fog/STF/fog_light/test/2018-10-08_08-37-47_05700.png,0.0213380828499794,0.03387344628572464
Fog/STF/fog_light/test/2018-10-08_08-37-47_00400.png,0.08212306350469589,0.27344995737075806
Fog/STF/fog_light/test/2018-10-08_08-37-47_07700.png,0.01817427948117256,0.03108014538884163
Fog/STF/fog_light/test/2018-03-15_09-28-05_00100.png,0.024627167731523514,0.05059903487563133
Fog/STF/fog_light/test/2018-10-08_08-50-46_00600.png,0.15700079500675201,0.24873198568820953
Fog/STF/fog_light/test/2018-10-29_14-50-14_03550.png,0.016358885914087296,0.03412937745451927
Fog/STF/fog_light/test/2018-10-08_08-37-47_04700.png,0.010305248200893402,0.07808952778577805
Fog/STF/fog_light/test/2018-03-15_09-30-35_00000.png,0.12620829045772552,0.193611741065979
Fog/STF/fog_light/test/2019-01-09_08-18-30_00400.png,0.02654607966542244,0.05513835698366165
Fog/STF/fog_light/test/2018-10-08_08-50-46_04400.png,0.00888554472476244,0.11489956825971603
Fog/STF/fog_light/test/2018-10-08_08-50-46_03600.png,0.022482533007860184,0.05185815691947937
Fog/STF/fog_light/test/2018-10-29_15-46-53_00400.png,0.058009348809719086,0.07690688222646713
Fog/STF/fog_light/test/2018-10-08_08-37-47_00300.png,0.030291486531496048,0.09077658504247665
Fog/STF/fog_light/test/2018-10-29_15-46-53_00800.png,0.08174799382686615,0.30080652236938477
Fog/STF/fog_light/test/2018-10-29_15-46-53_01000.png,0.046095602214336395,0.06816123425960541
Fog/STF/fog_light/test/2019-01-09_14-50-13_00900.png,0.013719175942242146,0.07062765955924988
Fog/STF/fog_light/test/2018-10-08_08-37-47_05300.png,0.024830473586916924,0.039634279906749725
Fog/STF/fog_light/test/2018-10-29_14-50-14_02800.png,0.024971606209874153,0.035611387342214584
Fog/STF/fog_light/test/2018-02-12_08-56-38_00060.png,0.04888984188437462,0.09469375759363174
Fog/STF/fog_light/test/2018-10-29_15-46-53_00200.png,0.0797756165266037,0.23262599110603333
Fog/STF/fog_light/test/2018-10-08_08-37-47_00200.png,0.0696849375963211,0.1308593451976776
Fog/STF/fog_light/test/2018-10-29_15-46-53_00000.png,0.01747262477874756,0.02744399756193161
Fog/STF/fog_light/test/2018-10-08_08-37-47_07000.png,0.023920727893710136,0.035555221140384674
Fog/STF/fog_light/test/2018-10-29_14-50-14_02900.png,0.030133655294775963,0.04987524449825287
Fog/STF/fog_light/test/2018-10-08_08-37-47_04800.png,0.05422396957874298,0.2014014720916748
Fog/STF/fog_light/test/2018-10-08_08-50-46_04000.png,0.011577063240110874,0.024683959782123566
Fog/STF/fog_light/test/2018-10-08_08-37-47_00000.png,0.07706134021282196,0.37458571791648865
Fog/STF/fog_light/test/2018-10-08_08-50-46_00900.png,0.018921103328466415,0.02744235470890999
Fog/STF/fog_light/test/2018-10-08_08-50-46_00470.png,0.021893464028835297,0.04629666730761528
Fog/STF/fog_light/test/2018-02-04_12-47-32_00500.png,0.07006180286407471,0.0812285840511322
Fog/STF/fog_light/test/2018-10-08_08-37-47_05400.png,0.020581640303134918,0.027684636414051056
Fog/STF/fog_light/test/2018-10-08_08-37-47_05600.png,0.022037919610738754,0.03715897724032402
Fog/STF/fog_light/test/2018-10-29_15-46-53_00500.png,0.00893344171345234,0.017044618725776672
Fog/STF/fog_light/test/2018-02-04_12-47-32_00000.png,0.06301449239253998,0.07302713394165039
Fog/STF/fog_light/test/2018-10-08_08-50-46_00460.png,0.018379978835582733,0.03191506862640381
Fog/STF/fog_light/test/2018-10-29_14-50-14_03200.png,0.014406278729438782,0.031273942440748215
Fog/STF/fog_light/test/2018-10-29_14-50-14_03400.png,0.007171778939664364,0.030177364125847816
Fog/STF/fog_light/test/2018-10-08_08-50-46_00800.png,0.02402602881193161,0.03972264379262924
Fog/STF/fog_light/test/2018-10-08_08-37-47_00500.png,0.041722774505615234,0.06538350880146027
Fog/STF/fog_light/test/2018-12-16_12-05-56_00800.png,0.05251683294773102,0.07442574203014374
Fog/STF/fog_light/test/2018-10-08_08-37-47_05000.png,0.03504820913076401,0.05996255576610565
Fog/STF/fog_light/test/2018-10-08_08-50-46_00500.png,0.01996871829032898,0.045738205313682556
Fog/STF/fog_light/test/2018-10-29_14-50-14_03000.png,0.04784395173192024,0.15466493368148804
Fog/STF/fog_light/test/2018-10-08_08-37-47_07600.png,0.025776686146855354,0.0319649763405323
Fog/STF/fog_light/test/2018-10-08_08-37-47_07100.png,0.017434870824217796,0.02286430448293686
Fog/STF/fog_light/test/2018-10-08_08-37-47_05800.png,0.01986599527299404,0.039244040846824646
Fog/STF/fog_light/train/2018-12-12_09-22-59_04900.png,0.058649495244026184,0.15551157295703888
Fog/STF/fog_light/train/2018-10-08_08-18-59_01000.png,0.020570237189531326,0.044592298567295074
Fog/STF/fog_light/train/2018-12-12_09-22-59_03900.png,0.13047444820404053,0.2741594910621643
Fog/STF/fog_light/train/2019-01-09_08-23-49_01400.png,0.030072364956140518,0.06172198802232742
Fog/STF/fog_light/train/2018-02-04_13-26-00_00300.png,0.03257676586508751,0.08260297775268555
Fog/STF/fog_light/train/2018-03-15_10-18-07_00200.png,0.08556489646434784,0.5086014270782471
Fog/STF/fog_light/train/2018-12-12_09-59-21_00000.png,0.12776032090187073,0.26365235447883606
Fog/STF/fog_light/train/2018-12-12_09-22-59_04300.png,0.08922150731086731,0.1990257203578949
Fog/STF/fog_light/train/2018-03-15_09-28-52_00000.png,0.01673131436109543,0.031130187213420868
Fog/STF/fog_light/train/2018-10-08_08-10-40_01420.png,0.04368706792593002,0.13347813487052917
Fog/STF/fog_light/train/2018-12-21_10-44-13_00100.png,0.019965246319770813,0.030724162235856056
Fog/STF/fog_light/train/2018-10-08_08-18-59_00750.png,0.015765435993671417,0.0509348064661026
Fog/STF/fog_light/train/2018-12-12_10-05-19_01600.png,-0.006506959442049265,0.025883082300424576
Fog/STF/fog_light/train/2018-10-08_08-27-03_05900.png,0.05071372911334038,0.4402402639389038
Fog/STF/fog_light/train/2018-10-08_08-18-59_02100.png,0.136203795671463,0.35137999057769775
Fog/STF/fog_light/train/2018-03-15_09-35-28_00200.png,0.024842120707035065,0.056789856404066086
Fog/STF/fog_light/train/2018-10-08_08-18-59_00800.png,0.015112733468413353,0.05765584856271744
Fog/STF/fog_light/train/2018-10-08_08-18-59_01350.png,0.023078154772520065,0.06467502564191818
Fog/STF/fog_light/train/2018-10-29_15-02-37_00200.png,0.04584812745451927,0.09955665469169617
Fog/STF/fog_light/train/2018-12-12_11-27-36_01200.png,0.00873543694615364,0.02884700335562229
Fog/STF/fog_light/train/2018-10-08_08-10-40_02800.png,0.042085375636816025,0.060719408094882965
Fog/STF/fog_light/train/2018-12-12_09-22-59_05000.png,0.09012434631586075,0.15288501977920532
Fog/STF/fog_light/train/2018-12-12_09-59-21_00100.png,0.0436813049018383,0.3903663754463196
Fog/STF/fog_light/train/2018-10-29_16-12-02_00950.png,0.0639817863702774,0.10012788325548172
Fog/STF/fog_light/train/2018-12-16_12-59-55_00160.png,0.030685607343912125,0.08116648346185684
Fog/STF/fog_light/train/2018-12-12_10-05-19_00600.png,0.03696795552968979,0.070550337433815
Fog/STF/fog_light/train/2018-10-08_08-27-03_05200.png,0.06760429590940475,0.11013059318065643
Fog/STF/fog_light/train/2018-12-21_10-52-52_02500.png,0.06093991547822952,0.09530192613601685
Fog/STF/fog_light/train/2018-10-08_08-27-03_01000.png,0.028361134231090546,0.1132802665233612
Fog/STF/fog_light/train/2018-03-15_09-29-41_00050.png,0.10364900529384613,0.30055806040763855
Fog/STF/fog_light/train/2018-02-08_13-20-25_00090.png,0.006813355255872011,0.0615479052066803
Fog/STF/fog_light/train/2018-12-16_12-59-55_00190.png,0.04999992251396179,0.10575089603662491
Fog/STF/fog_light/train/2018-12-12_09-22-59_06200.png,0.09684654325246811,0.5247671604156494
Fog/STF/fog_light/train/2018-12-12_10-21-21_00100.png,0.03617054969072342,0.11647691577672958
Fog/STF/fog_light/train/2018-12-12_09-34-31_03900.png,0.06586843729019165,0.10341610014438629
Fog/STF/fog_light/train/2018-12-12_09-44-13_00000.png,0.03404790908098221,0.07805132865905762
Fog/STF/fog_light/train/2018-12-21_10-52-52_01200.png,0.07324603199958801,0.14992812275886536
Fog/STF/fog_light/train/2018-10-08_08-10-40_00730.png,0.07702157646417618,0.22316935658454895
Fog/STF/fog_light/train/2018-10-08_08-10-40_00760.png,0.04339643195271492,0.07957081496715546
Fog/STF/fog_light/train/2018-12-20_12-02-06_00900.png,0.039919398725032806,0.051037512719631195
Fog/STF/fog_light/train/2018-12-16_12-31-35_00200.png,0.027667518705129623,0.06811773031949997
Fog/STF/fog_light/train/2019-01-09_08-27-29_00500.png,0.005822852253913879,0.019849039614200592
Fog/STF/fog_light/train/2018-12-21_10-52-52_00100.png,0.01921864226460457,0.0830913558602333
Fog/STF/fog_light/train/2018-12-21_10-52-52_02700.png,0.024870727211236954,0.06344316899776459
Fog/STF/fog_light/train/2018-12-12_11-27-36_00000.png,0.031632017344236374,0.06950774788856506
Fog/STF/fog_light/train/2018-12-12_09-22-59_06400.png,0.1606956571340561,0.33183372020721436
Fog/STF/fog_light/train/2018-02-04_12-42-39_00000.png,0.06891901046037674,0.3482368588447571
Fog/STF/fog_light/train/2018-02-05_13-57-48_00120.png,0.02489633858203888,0.05682091787457466
Fog/STF/fog_light/train/2018-10-29_16-12-02_00800.png,0.020530138164758682,0.03577122092247009
Fog/STF/fog_light/train/2018-10-08_08-10-40_00110.png,0.04011332616209984,0.09572549909353256
Fog/STF/fog_light/train/2018-10-29_16-12-02_00300.png,0.010419705882668495,0.03142455965280533
Fog/STF/fog_light/train/2018-10-29_15-42-40_00900.png,0.020315878093242645,0.0342315211892128
Fog/STF/fog_light/train/2018-10-29_16-12-02_00200.png,0.019677817821502686,0.04118931293487549
Fog/STF/fog_light/train/2018-02-05_13-57-48_00110.png,0.006905732676386833,0.02713123895227909
Fog/STF/fog_light/train/2019-01-09_09-34-13_01600.png,0.03845447674393654,0.08412355184555054
Fog/STF/fog_light/train/2019-01-09_09-28-07_00000.png,0.07778950035572052,0.14458751678466797
Fog/STF/fog_light/train/2018-12-12_11-27-36_01100.png,0.04068303108215332,0.07592891156673431
Fog/STF/fog_light/train/2019-01-09_09-34-13_00000.png,0.006725317798554897,0.054974984377622604
Fog/STF/fog_light/train/2018-10-08_08-27-03_00050.png,0.051220282912254333,0.06002860516309738
Fog/STF/fog_light/train/2018-12-12_09-22-59_05100.png,0.06890104711055756,0.09280070662498474
Fog/STF/fog_light/train/2018-02-04_12-20-52_00000.png,0.03252013400197029,0.0693001002073288
Fog/STF/fog_light/train/2018-10-29_16-12-02_00450.png,0.018085651099681854,0.0327652171254158
Fog/STF/fog_light/train/2018-03-15_09-28-52_00100.png,0.023219898343086243,0.03607313334941864
Fog/STF/fog_light/train/2019-01-09_09-34-13_00500.png,0.011346779763698578,0.028163863345980644
Fog/STF/fog_light/train/2018-10-08_08-10-40_01600.png,0.026759473606944084,0.06576904654502869
Fog/STF/fog_light/train/2018-10-08_08-27-03_02700.png,0.08209836483001709,0.10673701018095016
Fog/STF/fog_light/train/2018-12-12_10-05-19_00100.png,0.053340502083301544,0.10353432595729828
Fog/STF/fog_light/train/2018-12-12_09-34-31_02200.png,0.02684839442372322,0.0826769769191742
Fog/STF/fog_light/train/2018-02-04_13-26-00_00200.png,0.06421743333339691,0.09267833828926086
Fog/STF/fog_light/train/2018-12-12_09-34-31_01400.png,0.07031095027923584,0.4422992765903473
Fog/STF/fog_light/train/2018-02-08_17-45-07_00070.png,0.011616519652307034,0.11521822959184647
Fog/STF/fog_light/train/2018-12-12_10-05-19_00400.png,0.026168912649154663,0.06563844531774521
Fog/STF/fog_light/train/2018-10-08_08-10-40_02030.png,0.0710756927728653,0.30134862661361694
Fog/STF/fog_light/train/2018-12-12_09-34-31_03500.png,0.03595984727144241,0.1301145851612091
Fog/STF/fog_light/train/2018-12-12_09-22-59_05900.png,0.11555589735507965,0.3957999646663666
Fog/STF/fog_light/train/2018-12-12_09-34-31_01450.png,0.21443787217140198,0.4475705921649933
Fog/STF/fog_light/train/2018-10-29_16-18-47_01800.png,0.07832331210374832,0.138869971036911
Fog/STF/fog_light/train/2018-12-19_10-32-26_00280.png,0.02757456712424755,0.06555873900651932
Fog/STF/fog_light/train/2018-10-29_16-18-47_01000.png,0.09599044919013977,0.15730297565460205
Fog/STF/fog_light/train/2018-12-12_09-22-59_03700.png,0.12019512057304382,0.24816268682479858
Fog/STF/fog_light/train/2018-10-29_15-42-40_01000.png,0.009207503870129585,0.02161640301346779
Fog/STF/fog_light/train/2018-12-20_12-02-06_01000.png,0.02013082057237625,0.03735470026731491
Fog/STF/fog_light/train/2018-12-21_10-52-52_01000.png,0.042179908603429794,0.08342626690864563
Fog/STF/fog_light/train/2018-12-12_10-05-19_01100.png,0.01995057240128517,0.055997349321842194
Fog/STF/fog_light/train/2018-12-21_10-52-52_02600.png,0.0060411239974200726,0.09099987149238586
Fog/STF/fog_light/train/2018-12-12_11-27-36_00900.png,0.07209321856498718,0.12694621086120605
Fog/STF/fog_light/train/2018-10-08_08-18-59_02800.png,0.08924029767513275,0.23954316973686218
Fog/STF/fog_light/train/2018-12-12_10-05-19_00200.png,0.02501656487584114,0.03967570140957832
Fog/STF/fog_light/train/2018-10-29_15-42-40_01100.png,0.03285600617527962,0.061785705387592316
Fog/STF/fog_light/train/2019-01-09_08-23-49_01100.png,0.014637480489909649,0.043503906577825546
Fog/STF/fog_light/train/2018-12-12_09-34-31_00200.png,0.1295848935842514,0.3487547039985657
Fog/STF/fog_light/train/2018-10-08_08-18-59_00950.png,0.014162030071020126,0.07005049288272858
Fog/STF/fog_light/train/2018-12-12_09-34-31_03400.png,0.07573831081390381,0.09802907705307007
Fog/STF/fog_light/train/2019-01-08_11-12-54_01000.png,0.02496960014104843,0.04101154953241348
Fog/STF/fog_light/train/2018-12-12_09-22-59_02300.png,0.09293127804994583,0.22328630089759827
Fog/STF/fog_light/train/2018-12-21_11-24-17_00000.png,0.022017300128936768,0.05714486539363861
Fog/STF/fog_light/train/2018-10-08_08-10-40_01800.png,0.06598131358623505,0.3718896508216858
Fog/STF/fog_light/train/2018-12-12_09-34-31_00900.png,0.17614465951919556,0.5045017004013062
Fog/STF/fog_light/train/2018-03-15_09-39-45_00100.png,0.08851812779903412,0.3537483811378479
Fog/STF/fog_light/train/2018-12-12_09-44-13_00300.png,0.0897321105003357,0.10658074915409088
Fog/STF/fog_light/train/2018-12-12_09-34-31_01900.png,0.18385866284370422,0.2647043466567993
Fog/STF/fog_light/train/2019-01-09_09-28-07_00200.png,0.03443354368209839,0.08320491015911102
Fog/STF/fog_light/train/2018-02-05_13-57-48_00100.png,0.007761863060295582,0.01777554675936699
Fog/STF/fog_light/train/2018-12-12_09-34-31_00000.png,0.07317164540290833,0.4029383063316345
Fog/STF/fog_light/train/2018-03-15_09-29-41_00400.png,0.004615651443600655,0.41630253195762634
Fog/STF/fog_light/train/2018-12-12_10-05-19_00900.png,0.011402585543692112,0.03307075798511505
Fog/STF/fog_light/train/2018-02-04_12-51-57_00100.png,0.024340245872735977,0.05813830345869064
Fog/STF/fog_light/train/2019-01-09_09-41-48_00000.png,0.061919789761304855,0.45518457889556885
Fog/STF/fog_light/train/2018-03-15_09-29-41_00250.png,0.0729747787117958,0.1228153258562088
Fog/STF/fog_light/train/2018-02-04_12-40-30_00250.png,0.09792843461036682,0.1439446657896042
Fog/STF/fog_light/train/2018-12-12_09-34-31_03200.png,0.050960078835487366,0.08123821765184402
Fog/STF/fog_light/train/2019-01-09_08-27-29_00200.png,0.027823232114315033,0.07231283187866211
Fog/STF/fog_light/train/2018-12-20_12-02-06_01450.png,0.07128433883190155,0.12841422855854034
Fog/STF/fog_light/train/2018-10-08_08-18-59_01560.png,0.030098360031843185,0.07087583094835281
Fog/STF/fog_light/train/2018-10-08_08-27-03_05500.png,0.02853807806968689,0.08913981914520264
Fog/STF/fog_light/train/2018-12-21_10-52-52_00600.png,0.04194498807191849,0.06489042937755585
Fog/STF/fog_light/train/2018-03-15_09-28-52_00200.png,0.009709609672427177,0.045774299651384354
Fog/STF/fog_light/train/2018-12-12_10-05-19_01500.png,0.022976646199822426,0.059750691056251526
Fog/STF/fog_light/train/2018-03-15_09-25-52_00200.png,0.07974746823310852,0.33722686767578125
Fog/STF/fog_light/train/2018-10-08_08-10-40_00120.png,0.019030578434467316,0.038024477660655975
Fog/STF/fog_light/train/2018-12-12_09-34-31_01600.png,0.20204466581344604,0.3133920431137085
Fog/STF/fog_light/train/2018-12-12_09-22-59_06100.png,0.1799803376197815,0.661712646484375
Fog/STF/fog_light/train/2018-12-12_09-34-31_03000.png,0.01830226741731167,0.026528555899858475
Fog/STF/fog_light/train/2018-02-05_13-57-48_00140.png,0.00645474623888731,0.033077795058488846
Fog/STF/fog_light/train/2018-10-29_16-18-47_01900.png,0.04902809113264084,0.28527379035949707
Fog/STF/fog_light/train/2018-12-21_10-52-52_02300.png,0.026043908670544624,0.07409578561782837
Fog/STF/fog_light/train/2018-12-13_10-37-46_00000.png,0.020860686898231506,0.029543999582529068
Fog/STF/fog_light/train/2019-01-09_09-34-13_00400.png,0.04506565257906914,0.15568327903747559
Fog/STF/fog_light/train/2018-02-04_12-40-30_00350.png,0.11453383415937424,0.18707795441150665
Fog/STF/fog_light/train/2018-10-29_16-12-02_00350.png,0.008130308240652084,0.013922917656600475
Fog/STF/fog_light/train/2018-10-08_08-10-40_01710.png,0.11460287868976593,0.24971738457679749
Fog/STF/fog_light/train/2018-03-15_09-29-41_00300.png,0.07492081820964813,0.36919406056404114
Fog/STF/fog_light/train/2018-10-08_08-27-03_01700.png,0.08389745652675629,0.17886964976787567
Fog/STF/fog_light/train/2018-10-08_08-18-59_01300.png,0.03932450711727142,0.08559315651655197
Fog/STF/fog_light/train/2018-10-08_08-10-40_01630.png,0.06351159512996674,0.14780130982398987
Fog/STF/fog_light/train/2019-01-09_09-41-48_00300.png,0.0399472638964653,0.07965227216482162
Fog/STF/fog_light/train/2018-10-29_14-35-02_01070.png,0.06337644159793854,0.3385201394557953
Fog/STF/fog_light/train/2018-03-15_09-29-41_00220.png,0.058408819139003754,0.11459995806217194
Fog/STF/fog_light/train/2018-12-21_13-20-12_01400.png,0.030382949858903885,0.05796448141336441
Fog/STF/fog_light/train/2018-02-04_12-20-52_00100.png,0.023151563480496407,0.06352749466896057
Fog/STF/fog_light/train/2018-12-16_12-59-55_00090.png,0.052001699805259705,0.12749886512756348
Fog/STF/fog_light/train/2019-01-09_09-26-35_00000.png,0.13673478364944458,0.30085211992263794
Fog/STF/fog_light/train/2018-12-19_10-32-26_00220.png,0.0228426456451416,0.06480814516544342
Fog/STF/fog_light/train/2019-01-09_08-23-49_01300.png,0.028479639440774918,0.047339294105768204
Fog/STF/fog_light/train/2018-02-08_17-45-07_00050.png,-0.007301231846213341,0.11713390797376633
Fog/STF/fog_light/train/2018-10-29_16-18-47_00300.png,0.051319196820259094,0.08100949972867966
Fog/STF/fog_light/train/2018-12-12_09-44-13_00700.png,0.055575303733348846,0.0972723588347435
Fog/STF/fog_light/train/2018-12-12_09-22-59_05800.png,0.15742884576320648,0.25591620802879333
Fog/STF/fog_light/train/2018-12-21_10-44-13_00200.png,0.02012808620929718,0.03610510379076004
Fog/STF/fog_light/train/2018-12-12_09-47-05_00100.png,0.08371004462242126,0.29527461528778076
Fog/STF/fog_light/train/2018-12-21_10-52-52_01300.png,0.02947513945400715,0.05596981197595596
Fog/STF/fog_light/train/2018-10-08_08-18-59_00850.png,0.007424170151352882,0.03660932928323746
Fog/STF/fog_light/train/2019-01-09_14-40-54_00300.png,0.031496644020080566,0.13569200038909912
Fog/STF/fog_light/train/2018-10-29_16-18-47_00400.png,0.02057044580578804,0.10864076018333435
Fog/STF/fog_light/train/2019-01-09_09-34-13_00600.png,0.030919596552848816,0.05243130028247833
Fog/STF/fog_light/train/2018-12-12_09-22-59_05300.png,0.07788249105215073,0.11987156420946121
Fog/STF/fog_light/train/2019-01-09_14-40-54_00500.png,0.03280537948012352,0.09542059898376465
Fog/STF/fog_light/train/2018-12-12_10-02-34_00000.png,0.08571939915418625,0.2221861481666565
Fog/STF/fog_light/train/2018-12-12_13-43-01_00100.png,0.10200595110654831,0.16386577486991882
Fog/STF/fog_light/train/2018-12-16_12-59-55_00120.png,0.030055740848183632,0.1106298640370369
Fog/STF/fog_light/train/2018-10-29_14-47-08_00800.png,0.1416686773300171,0.24093374609947205
Fog/STF/fog_light/train/2018-12-12_09-34-31_02700.png,0.025582723319530487,0.04754762351512909
Fog/STF/fog_light/train/2018-12-12_09-44-13_00200.png,0.0846734419465065,0.12500834465026855
Fog/STF/fog_light/train/2018-12-21_11-01-50_00100.png,0.02233225852251053,0.03838784247636795
Fog/STF/fog_light/train/2018-12-12_09-44-13_00600.png,0.051596127450466156,0.1008642315864563
Fog/STF/fog_light/train/2019-01-09_08-27-29_00400.png,0.017196154221892357,0.02446269616484642
Fog/STF/fog_light/train/2018-12-12_10-05-19_00700.png,0.020608555525541306,0.05038038268685341
Fog/STF/fog_light/train/2019-01-08_11-12-54_00700.png,0.02855425700545311,0.06269940733909607
Fog/STF/fog_light/train/2019-01-09_08-23-49_00400.png,0.03166699782013893,0.06764273345470428
Fog/STF/fog_light/train/2018-10-29_15-42-40_01300.png,0.026454029604792595,0.0529627799987793
Fog/STF/fog_light/train/2018-03-15_09-42-29_00100.png,0.14075970649719238,0.31520548462867737
Fog/STF/fog_light/train/2018-12-12_10-21-21_00200.png,0.044403109699487686,0.0854346752166748
Fog/STF/fog_light/train/2018-12-12_10-21-21_00000.png,0.03488776460289955,0.08030420541763306
Fog/STF/fog_light/train/2018-10-08_08-18-59_01200.png,0.019580498337745667,0.050454430282115936
Fog/STF/fog_light/train/2018-10-29_15-02-37_00100.png,0.014050916768610477,0.021440044045448303
Fog/STF/fog_light/train/2018-10-08_08-27-03_05300.png,0.028024587780237198,0.42071741819381714
Fog/STF/fog_light/train/2019-01-09_08-23-49_01200.png,0.06394673138856888,0.20541083812713623
Fog/STF/fog_light/train/2018-12-21_10-52-52_01800.png,0.0756383091211319,0.20711460709571838
Fog/STF/fog_light/train/2018-10-08_08-10-40_00830.png,0.05695551633834839,0.11120310425758362
Fog/STF/fog_light/train/2018-10-29_16-12-02_00850.png,0.02610016241669655,0.04646921902894974
Fog/STF/fog_light/train/2018-10-08_08-27-03_01100.png,0.1098552718758583,0.3011666536331177
Fog/STF/fog_light/train/2018-12-12_09-34-31_02600.png,0.04149505868554115,0.07095591723918915
Fog/STF/fog_light/train/2018-12-20_12-02-06_01350.png,0.1389532834291458,0.2401483952999115
Fog/STF/fog_light/train/2019-01-09_08-23-49_00900.png,0.013979047536849976,0.027133401483297348
Fog/STF/fog_light/train/2018-12-12_09-44-13_00500.png,0.03870897740125656,0.0771007388830185
Fog/STF/fog_light/train/2018-10-08_08-18-59_01100.png,0.024348502978682518,0.05390714108943939
Fog/STF/fog_light/train/2018-03-15_09-29-41_00270.png,0.12749308347702026,0.2580080032348633
Fog/STF/fog_light/train/2018-03-15_09-28-52_00300.png,0.014457762241363525,0.024416174739599228
Fog/STF/fog_light/train/2018-12-13_10-37-46_00100.png,0.01647685095667839,0.03834974765777588
Fog/STF/fog_light/train/2018-12-21_10-52-52_02800.png,0.017681412398815155,0.0892755389213562
Fog/STF/fog_light/train/2019-01-09_09-34-13_01500.png,0.012354472652077675,0.04110221192240715
Fog/STF/fog_light/train/2018-10-08_08-10-40_00700.png,0.06251274049282074,0.17570427060127258
Fog/STF/fog_light/train/2018-02-04_12-51-57_00200.png,0.06161690503358841,0.10451147705316544
Fog/STF/fog_light/train/2018-12-13_10-38-46_00000.png,0.030817972496151924,0.054026491940021515
Fog/STF/fog_light/train/2018-12-21_10-52-52_00500.png,0.031006336212158203,0.05994666367769241
Fog/STF/fog_light/train/2018-10-29_16-00-52_05400.png,0.022213418036699295,0.04268360882997513
Fog/STF/fog_light/train/2019-01-09_08-27-29_00300.png,0.023515690118074417,0.05172077938914299
Fog/STF/fog_light/train/2018-12-12_09-47-05_00000.png,0.0842883288860321,0.3839288353919983
Fog/STF/fog_light/train/2018-12-12_09-22-59_04500.png,0.042695313692092896,0.07384517788887024
Fog/STF/fog_light/train/2018-12-12_10-05-19_01300.png,0.020687323063611984,0.02778656966984272
Fog/STF/fog_light/train/2018-10-29_15-42-40_01400.png,0.06011044234037399,0.13522237539291382
Fog/STF/fog_light/train/2018-03-15_09-35-28_00500.png,0.0371040403842926,0.06143100932240486
Fog/STF/fog_light/train/2018-10-29_16-18-47_01100.png,0.03214837983250618,0.27327191829681396
Fog/STF/fog_light/train/2018-12-20_12-02-06_01500.png,0.06765256822109222,0.1696164309978485
Fog/STF/fog_light/train/2018-12-12_09-44-13_00100.png,0.21240094304084778,0.42176857590675354
Fog/STF/fog_light/train/2018-12-20_12-02-06_01600.png,0.10383060574531555,0.16024130582809448
Fog/STF/fog_light/train/2018-10-08_08-10-40_01130.png,0.11425237357616425,0.3050743043422699
Fog/STF/fog_light/train/2018-10-08_08-10-40_02090.png,0.11055591702461243,0.22532260417938232
Fog/STF/fog_light/train/2018-12-12_09-34-31_02300.png,0.04197181388735771,0.11908480525016785
Fog/STF/fog_light/train/2018-03-15_09-29-41_00280.png,0.060467325150966644,0.4074833393096924
Fog/STF/fog_light/train/2018-12-12_09-34-31_03300.png,0.05098004639148712,0.10857731848955154
Fog/STF/fog_light/train/2018-10-29_14-35-02_00850.png,0.02783740684390068,0.050482653081417084
Fog/STF/fog_light/train/2018-12-21_10-43-29_00000.png,0.09846314042806625,0.13708004355430603
Fog/STF/fog_light/train/2018-12-21_10-52-52_01100.png,0.03254567086696625,0.0893707126379013
Fog/STF/fog_light/train/2018-12-12_09-22-59_04000.png,0.07739973068237305,0.18291056156158447
Fog/STF/fog_light/train/2019-01-09_08-23-49_01000.png,0.02518809214234352,0.04084651544690132
Fog/STF/fog_light/train/2018-10-08_08-27-03_00700.png,0.09551012516021729,0.12219178676605225
Fog/STF/fog_light/train/2018-10-08_08-10-40_00620.png,0.03600083664059639,0.2081202268600464
Fog/STF/fog_light/train/2018-12-21_10-59-32_00000.png,0.02507145144045353,0.05512753874063492
Fog/STF/fog_light/train/2018-10-08_08-18-59_03000.png,0.029904628172516823,0.15945713222026825
Fog/STF/fog_light/train/2018-10-29_16-12-02_00550.png,0.022904790937900543,0.037701334804296494
Fog/STF/fog_light/train/2018-10-08_08-18-59_01050.png,0.022257063537836075,0.04463883861899376
Fog/STF/fog_light/train/2018-02-04_12-40-30_00810.png,0.02245134860277176,0.044244956225156784
Fog/STF/fog_light/train/2018-10-08_08-10-40_01560.png,0.032011888921260834,0.05879508703947067
Fog/STF/fog_light/train/2018-12-19_10-32-26_00200.png,0.03179141879081726,0.07237997651100159
Fog/STF/fog_light/train/2018-12-12_09-22-59_05400.png,0.0874449834227562,0.15905597805976868
Fog/STF/fog_light/train/2018-10-08_08-10-40_01190.png,0.06837667524814606,0.23108631372451782
Fog/STF/fog_light/train/2018-12-12_10-05-19_00500.png,0.01492501050233841,0.02625281549990177
Fog/STF/fog_light/train/2018-12-12_09-22-59_05600.png,0.04488033801317215,0.08898712694644928
Fog/STF/fog_light/train/2019-01-09_08-23-49_00000.png,0.016978852450847626,0.04189744591712952
Fog/STF/fog_light/train/2018-10-08_08-18-59_00700.png,0.017504367977380753,0.04981682822108269
Fog/STF/fog_light/train/2018-10-29_15-02-37_00300.png,0.011791406199336052,0.02809327282011509
Fog/STF/fog_light/train/2018-10-29_16-18-47_02400.png,0.06414994597434998,0.208611398935318
Fog/STF/fog_light/train/2018-10-08_08-27-03_01780.png,0.0654686689376831,0.41947799921035767
Fog/STF/fog_light/train/2018-12-12_09-34-31_01800.png,0.12691478431224823,0.2312413454055786
Fog/STF/fog_light/train/2019-01-09_09-26-35_00100.png,0.07360994070768356,0.17195552587509155
Fog/STF/fog_light/train/2018-10-08_08-27-03_00900.png,0.009665435180068016,0.47807803750038147
Fog/STF/fog_light/train/2018-10-29_16-12-02_01150.png,0.027161508798599243,0.04637744650244713
Fog/STF/fog_light/train/2019-01-09_14-40-54_00410.png,0.03425414860248566,0.06711477041244507
Fog/STF/fog_light/train/2019-01-09_09-41-48_00100.png,0.022927522659301758,0.037006914615631104
Fog/STF/fog_light/train/2018-10-08_08-27-03_03200.png,0.10678878426551819,0.2531088590621948
Fog/STF/fog_light/train/2018-10-08_08-18-59_00900.png,0.012733750976622105,0.047107405960559845
Fog/STF/fog_light/train/2018-10-08_08-18-59_00450.png,0.03547578677535057,0.07152092456817627
Fog/STF/fog_light/train/2018-12-12_09-22-59_03300.png,0.0799209475517273,0.1506708264350891
Fog/STF/fog_light/train/2018-10-08_08-27-03_00850.png,0.05822351947426796,0.14163413643836975
Fog/STF/fog_light/train/2018-10-08_08-27-03_03300.png,0.12826035916805267,0.2747052311897278
Fog/STF/fog_light/train/2018-10-08_08-10-40_02000.png,0.05370929837226868,0.10514642298221588
Fog/STF/fog_light/train/2018-12-21_11-26-04_00000.png,0.018149659037590027,0.03559805452823639
Fog/STF/fog_light/train/2018-10-08_08-10-40_01700.png,0.09477528184652328,0.3100856840610504
Fog/STF/fog_light/train/2018-12-16_12-31-35_00000.png,0.05438731610774994,0.12649305164813995
Fog/STF/fog_light/train/2018-12-21_10-44-13_00300.png,0.015711914747953415,0.08214422315359116
Fog/STF/fog_light/train/2018-12-12_09-44-13_00400.png,0.023823872208595276,0.05539853498339653
Fog/STF/fog_light/train/2018-10-08_08-10-40_01500.png,0.06420013308525085,0.11931133270263672
Fog/STF/fog_light/train/2018-10-08_08-27-03_04200.png,0.08056390285491943,0.10574646294116974
Fog/STF/fog_light/train/2018-10-08_08-18-59_03100.png,0.04058472812175751,0.32780325412750244
Fog/STF/fog_light/train/2018-12-12_09-34-31_01500.png,0.11540508270263672,0.3507450819015503
Fog/STF/fog_light/train/2018-12-20_12-02-06_00190.png,0.027254819869995117,0.05843345820903778
Fog/STF/fog_light/train/2018-12-12_09-34-31_03700.png,0.050752438604831696,0.10472032427787781
Fog/STF/fog_light/train/2018-10-29_14-47-08_00200.png,0.10323456674814224,0.17092818021774292
Fog/STF/fog_light/train/2018-10-08_08-18-59_02900.png,0.07183241844177246,0.17985284328460693
Fog/STF/fog_light/train/2018-10-29_15-42-40_01200.png,0.019511349499225616,0.030958153307437897
Fog/STF/fog_light/train/2018-12-12_09-34-31_01700.png,0.17486098408699036,0.6641897559165955
Fog/STF/fog_light/train/2018-10-29_14-47-08_00900.png,0.06164476275444031,0.09090562164783478
Fog/STF/fog_light/train/2018-12-21_10-52-52_01500.png,0.044921256601810455,0.093996062874794
Fog/STF/fog_light/train/2018-10-08_08-27-03_01950.png,0.02394269034266472,0.12370610237121582
Fog/STF/fog_light/train/2018-12-12_09-34-31_00400.png,0.23826247453689575,0.5811119079589844
Fog/STF/fog_light/train/2018-12-12_10-05-19_01200.png,0.06803502887487411,0.12112705409526825
Fog/STF/fog_light/train/2018-10-08_08-18-59_01250.png,0.02950013056397438,0.0970597118139267
Fog/STF/fog_light/train/2018-12-12_10-02-34_00100.png,0.07863259315490723,0.26742714643478394
Fog/STF/fog_light/train/2018-12-12_10-05-19_00300.png,0.03123333305120468,0.06598161160945892
Fog/STF/fog_light/train/2018-02-08_17-45-07_00060.png,0.010155507363379002,0.16222034394741058
Fog/STF/fog_light/train/2018-12-16_12-59-55_00200.png,0.07229869067668915,0.14308595657348633
Fog/STF/fog_light/train/2018-10-08_08-10-40_02250.png,0.02225075289607048,0.03770149499177933
Fog/STF/fog_light/train/2018-10-08_08-18-59_01450.png,0.01400928944349289,0.03723907098174095
Fog/STF/fog_light/train/2018-10-08_08-18-59_01400.png,0.042563699185848236,0.07372365146875381
Fog/STF/fog_light/train/2018-10-29_16-12-02_00150.png,0.01967984065413475,0.03797925263643265
Fog/STF/fog_light/train/2018-10-08_08-18-59_00600.png,0.015601684339344501,0.02909019961953163
Fog/STF/fog_light/train/2018-12-20_12-02-06_00600.png,0.1051359474658966,0.1664741039276123
Fog/STF/fog_light/train/2018-10-08_08-10-40_01900.png,0.0841345340013504,0.22703015804290771
Fog/STF/fog_light/train/2018-10-29_16-12-02_01100.png,0.015979420393705368,0.02772269770503044
Fog/STF/fog_light/train/2018-10-08_08-27-03_05400.png,0.04166282340884209,0.10882314294576645
Fog/STF/fog_light/train/2018-10-29_16-12-02_00250.png,0.014507927931845188,0.030427932739257812
Fog/STF/fog_light/train/2018-12-12_09-34-31_03100.png,0.03975200653076172,0.04983796179294586
Fog/STF/fog_light/train/2019-01-09_08-23-49_00300.png,0.021685771644115448,0.04978727549314499
Fog/STF/fog_light/train/2019-01-09_09-34-13_00200.png,0.03310226649045944,0.05002770572900772
Fog/STF/fog_light/train/2018-12-12_09-22-59_06600.png,0.12448963522911072,0.2844730615615845
Fog/STF/fog_light/train/2018-12-12_09-42-09_00000.png,0.0359170101583004,0.1370338797569275
Fog/STF/fog_light/train/2019-01-08_11-12-54_00600.png,0.020736072212457657,0.09484422951936722
Fog/STF/fog_light/train/2018-02-04_12-51-57_00000.png,0.06813779473304749,0.1265469491481781
Fog/STF/fog_light/train/2019-01-09_09-28-07_00300.png,0.026068735867738724,0.08600315451622009
Fog/STF/fog_light/train/2018-12-12_09-22-59_03800.png,0.10208658874034882,0.12540152668952942
Fog/STF/fog_light/train/2018-12-13_10-36-07_00000.png,0.025989357382059097,0.05976555496454239
Fog/STF/fog_light/train/2018-12-12_11-27-36_01000.png,0.05412309616804123,0.1819373518228531
Fog/STF/fog_light/train/2018-12-21_10-52-52_00800.png,0.01961882784962654,0.04407084733247757
Fog/STF/fog_light/train/2018-10-29_16-12-02_00100.png,0.019587453454732895,0.029331475496292114
Fog/STF/fog_light/train/2018-10-08_08-27-03_06000.png,0.12128731608390808,0.18276430666446686
Fog/STF/fog_light/train/2019-01-09_08-27-29_00000.png,0.039628107100725174,0.07403796911239624
Fog/STF/fog_light/train/2018-10-29_16-18-47_01700.png,0.05217278376221657,0.1895177811384201
Fog/STF/fog_light/train/2019-01-09_08-23-49_00800.png,0.05509056895971298,0.08661191910505295
Fog/STF/fog_light/train/2018-12-20_12-02-06_00800.png,0.13087047636508942,0.24166128039360046
Fog/STF/fog_light/train/2019-01-09_09-34-13_01300.png,0.020383212715387344,0.05775000900030136
Fog/STF/fog_light/train/2018-12-12_09-22-59_03400.png,0.0503789484500885,0.10652859508991241
Fog/STF/fog_light/train/2018-10-29_14-58-28_00200.png,0.009163673035800457,0.0169064961373806
Fog/STF/fog_light/train/2018-12-12_09-22-59_03500.png,0.15119624137878418,0.19352108240127563
Fog/STF/fog_light/train/2018-02-04_12-40-30_00740.png,0.026338016614317894,0.0918346419930458
Fog/STF/fog_light/train/2018-12-12_10-05-19_01400.png,0.00789287593215704,0.01821131631731987
Fog/STF/fog_light/train/2018-02-04_12-51-32_00100.png,0.08181971311569214,0.10846377164125443
Fog/STF/fog_light/train/2018-10-29_16-18-47_01300.png,0.05534776672720909,0.4885154962539673
Fog/STF/fog_light/train/2018-10-29_16-18-47_01600.png,0.02486450970172882,0.07185860723257065
Fog/STF/fog_light/train/2018-10-08_08-18-59_02650.png,0.11463851481676102,0.300798237323761
Fog/STF/fog_light/train/2018-02-04_12-40-30_00100.png,0.058079760521650314,0.3840542137622833
Fog/STF/fog_light/train/2018-10-29_16-18-47_00500.png,0.07353497296571732,0.15251494944095612
Fog/STF/fog_light/train/2018-10-29_14-47-08_00300.png,0.03530237078666687,0.26153135299682617
Fog/STF/fog_light/train/2019-01-08_11-12-54_00200.png,0.04457821696996689,0.0892239362001419
Fog/STF/fog_light/train/2018-02-08_17-45-07_00090.png,0.022747192531824112,0.19779598712921143
Fog/STF/fog_light/train/2018-12-21_10-52-52_02900.png,0.012004833668470383,0.06196758896112442
Fog/STF/fog_light/train/2018-12-12_09-34-31_03800.png,0.07356645166873932,0.20688608288764954
Fog/STF/fog_light/train/2018-03-15_09-29-41_00200.png,0.09089840948581696,0.16840636730194092
Fog/STF/fog_light/train/2019-01-08_11-12-54_00500.png,0.014226887375116348,0.044152893126010895
Fog/STF/fog_light/train/2018-12-12_10-05-19_00000.png,0.02233036980032921,0.06529785692691803
Fog/STF/fog_light/train/2018-12-20_12-02-06_00500.png,0.04802057892084122,0.0842239186167717
Fog/STF/fog_light/train/2018-10-08_08-18-59_00550.png,0.038473695516586304,0.049649111926555634
Fog/STF/fog_light/train/2018-10-08_08-18-59_03500.png,0.11585585027933121,0.26629573106765747
Fog/STF/fog_light/train/2018-12-16_12-59-55_00100.png,0.12040148675441742,0.2540307343006134
Fog/STF/fog_light/train/2019-01-09_08-23-49_00500.png,0.013055112212896347,0.09088680148124695
Fog/STF/fog_light/train/2018-12-12_09-22-59_03200.png,0.07353682070970535,0.23491665720939636
Fog/STF/fog_light/train/2018-12-12_09-55-58_00000.png,0.0687648355960846,0.09737107157707214
Fog/STF/fog_light/train/2019-01-09_14-54-03_01000.png,0.0055958786979317665,0.022538619115948677
Fog/STF/fog_light/train/2018-10-29_14-47-08_01400.png,0.06551201641559601,0.10060127079486847
Fog/STF/fog_light/train/2018-12-12_09-34-31_02800.png,0.01540370099246502,0.023074829950928688
Fog/STF/fog_light/train/2018-10-29_14-47-08_01600.png,0.0027466537430882454,0.04279167950153351
Fog/STF/fog_light/train/2019-01-09_14-40-54_00000.png,0.04736551269888878,0.11435498297214508
Fog/STF/fog_light/train/2018-12-12_10-05-19_01700.png,0.014469649642705917,0.0770825743675232
Fog/STF/fog_light/train/2018-10-08_08-10-40_02160.png,0.08249563723802567,0.254849910736084
Fog/STF/fog_light/train/2018-10-29_16-12-02_00750.png,0.01047520898282528,0.01620849221944809
Fog/STF/fog_light/train/2018-12-21_10-52-52_01400.png,0.06185685843229294,0.11576666682958603
Fog/STF/fog_light/train/2018-12-12_09-34-31_00100.png,0.1999974101781845,0.512985110282898
Fog/STF/fog_light/train/2018-10-29_16-18-47_02300.png,0.08579062670469284,0.16151294112205505
Fog/STF/fog_light/train/2018-10-08_08-27-03_00000.png,0.09821514785289764,0.2360788881778717
Fog/STF/fog_light/train/2018-10-29_16-18-47_02200.png,0.037942513823509216,0.08453010022640228
Fog/STF/fog_light/train/2019-01-09_09-41-48_00400.png,0.03926364704966545,0.06845597922801971
Fog/STF/fog_light/train/2018-12-12_11-27-36_00400.png,0.014091145247220993,0.072169229388237
Fog/STF/fog_light/train/2018-10-29_16-12-02_00900.png,0.017630944028496742,0.03006359376013279
Fog/STF/fog_light/train/2019-01-09_09-41-48_00600.png,0.029089394956827164,0.053627774119377136
Fog/STF/fog_light/train/2018-10-29_16-18-47_00000.png,0.06807652860879898,0.09894682466983795
Fog/STF/fog_light/train/2018-02-04_12-40-30_00790.png,0.018788840621709824,0.096889428794384
Fog/STF/fog_light/train/2018-12-21_10-52-52_02000.png,0.04444911330938339,0.10513803362846375
Fog/STF/fog_light/train/2018-10-29_16-12-02_00600.png,0.025960270315408707,0.045835480093955994
Fog/STF/fog_light/train/2018-10-29_14-47-08_01700.png,0.018240682780742645,0.04569093510508537
Fog/STF/fog_light/train/2019-01-09_08-27-29_00100.png,0.03718781843781471,0.10543610900640488
Fog/STF/fog_light/train/2018-12-20_12-02-06_01620.png,0.028471417725086212,0.06454843282699585
Fog/STF/fog_light/train/2018-12-12_09-22-59_04600.png,0.1371167153120041,0.3090022802352905
Fog/STF/fog_light/train/2018-10-29_14-35-02_01080.png,0.09056688845157623,0.1946917325258255
Fog/STF/fog_light/train/2018-03-15_09-40-42_00000.png,0.08627435564994812,0.18334992229938507
Fog/STF/fog_light/train/2018-12-12_09-22-59_05500.png,0.0850197821855545,0.2107420265674591
Fog/STF/fog_light/train/2018-12-12_09-34-31_02400.png,0.05338422954082489,0.08577930182218552
Fog/STF/fog_light/train/2018-10-29_16-12-02_01000.png,0.03785614296793938,0.0634792149066925
Fog/STF/fog_light/train/2018-12-12_09-22-59_04200.png,0.08884857594966888,0.2879725694656372
Fog/STF/fog_light/train/2018-10-08_08-10-40_00360.png,0.05778823047876358,0.12991610169410706
Fog/STF/fog_light/train/2018-12-21_10-52-52_00200.png,0.013724063523113728,0.027043865993618965
Fog/STF/fog_light/train/2018-12-21_10-52-52_02100.png,0.04744070768356323,0.1129838079214096
Fog/STF/fog_light/train/2018-03-15_09-29-41_00420.png,0.04498542472720146,0.5104233026504517
Fog/STF/fog_light/train/2018-12-12_09-34-31_03600.png,0.04779132828116417,0.09821479022502899
Fog/STF/fog_light/train/2018-10-29_14-58-28_00100.png,0.020958296954631805,0.04414745792746544
Fog/STF/fog_light/train/2018-03-15_09-39-45_00000.png,0.015595776960253716,0.31769832968711853
Fog/STF/fog_light/train/2018-12-16_12-31-35_00100.png,0.015403258614242077,0.035747770220041275
Fog/STF/fog_light/train/2018-03-15_09-29-41_00000.png,0.1388053596019745,0.18436117470264435
Fog/STF/fog_light/train/2018-12-19_10-03-38_00300.png,0.03699038177728653,0.07419656217098236
Fog/STF/fog_light/train/2018-10-29_15-02-37_00230.png,-0.003851297777146101,0.13168896734714508
Fog/STF/fog_light/train/2018-12-20_12-02-06_01550.png,0.10236819833517075,0.16598790884017944
Fog/STF/fog_light/train/2018-10-08_08-10-40_02750.png,0.024391107261180878,0.039833635091781616
Fog/STF/fog_light/train/2018-02-04_12-40-30_00190.png,0.14726155996322632,0.37057024240493774
Fog/STF/fog_light/train/2018-12-21_10-52-52_00700.png,0.012729061767458916,0.04456911236047745
Fog/STF/fog_light/train/2018-12-21_11-01-50_00000.png,0.031846437603235245,0.0740668922662735
Fog/STF/fog_light/train/2018-12-12_09-34-31_01300.png,0.1625695824623108,0.5832710862159729
Fog/STF/fog_light/train/2018-12-12_11-27-36_00300.png,0.008566441014409065,0.02189231850206852
Fog/STF/fog_light/train/2018-12-12_09-22-59_03600.png,0.08495808392763138,0.12678194046020508
Fog/STF/fog_light/train/2018-10-08_08-18-59_02600.png,0.09822675585746765,0.33145731687545776
Fog/STF/fog_light/train/2018-10-08_08-10-40_01300.png,0.06871864944696426,0.16533437371253967
Fog/STF/fog_light/train/2018-10-08_08-27-03_04000.png,0.1553080677986145,0.22822725772857666
Fog/STF/fog_light/train/2018-10-29_15-42-40_00800.png,0.040684133768081665,0.08193472027778625
Fog/STF/fog_light/train/2018-02-04_13-26-00_00100.png,0.04900583624839783,0.10601465404033661
Fog/STF/fog_light/train/2018-10-29_16-12-02_00500.png,0.05159972608089447,0.0846220850944519
Fog/STF/fog_light/train/2018-10-08_08-18-59_03200.png,0.034806154668331146,0.4530099332332611
Fog/STF/fog_light/train/2018-10-08_08-27-03_01600.png,0.06866221129894257,0.13559581339359283
Fog/STF/fog_light/train/2018-03-15_09-36-51_00100.png,0.012349763885140419,0.0389891155064106
Fog/STF/fog_light/train/2018-12-12_09-22-59_06700.png,0.05852307006716728,0.5562583208084106
NighttimeFlare/test/0563.png,-0.10542961955070496,0.1281851828098297
NighttimeFlare/test/0693.png,0.08378326147794724,0.4856190085411072
NighttimeFlare/test/0857.png,0.07202745974063873,0.1611376255750656
NighttimeFlare/test/0394.png,-0.03438473492860794,0.28548675775527954
NighttimeFlare/test/0217.png,0.07100515067577362,0.24153368175029755
NighttimeFlare/test/0242.png,0.053496576845645905,0.27994504570961
NighttimeFlare/test/0226.png,0.009341752156615257,0.2286422848701477
NighttimeFlare/test/0340.png,0.07340510934591293,0.13953496515750885
NighttimeFlare/test/0947.png,0.025102954357862473,0.06762443482875824
NighttimeFlare/test/0295.png,0.15855878591537476,0.5291275978088379
NighttimeFlare/test/0039.png,0.0414743572473526,0.10315024852752686
NighttimeFlare/test/0486.png,0.08880919218063354,0.24462664127349854
NighttimeFlare/test/0646.png,0.014689873903989792,0.4193258583545685
NighttimeFlare/test/0529.png,0.006632563658058643,0.07575267553329468
NighttimeFlare/test/0118.png,0.04856504872441292,0.315852552652359
NighttimeFlare/test/0071.png,0.030177179723978043,0.0774526596069336
NighttimeFlare/test/0712.png,0.03443849831819534,0.19639641046524048
NighttimeFlare/test/0763.png,0.043989598751068115,0.2685767412185669
NighttimeFlare/test/0872.png,-0.017690803855657578,0.20074328780174255
NighttimeFlare/test/0345.png,0.089236319065094,0.14674922823905945
NighttimeFlare/test/0355.png,-0.10690359771251678,0.257039874792099
NighttimeFlare/test/0521.png,0.08481627702713013,0.17424313724040985
NighttimeFlare/test/0047.png,0.034868016839027405,0.1724855899810791
NighttimeFlare/test/0612.png,0.037976399064064026,0.49842387437820435
NighttimeFlare/test/0807.png,0.12202399969100952,0.3534463047981262
NighttimeFlare/test/0761.png,0.057561296969652176,0.18509843945503235
NighttimeFlare/test/0737.png,0.0592450350522995,0.34129029512405396
NighttimeFlare/test/0196.png,0.05987582355737686,0.13889101147651672
NighttimeFlare/test/0127.png,-0.05496511235833168,0.2878013253211975
NighttimeFlare/test/0304.png,0.07682306319475174,0.1636013388633728
NighttimeFlare/test/0825.png,0.08576653897762299,0.3372306823730469
NighttimeFlare/test/0294.png,0.101641446352005,0.233865886926651
NighttimeFlare/test/0086.png,0.2640038728713989,0.32617712020874023
NighttimeFlare/test/0715.png,0.05365701764822006,0.10537616908550262
NighttimeFlare/test/0972.png,0.08534125983715057,0.5027267932891846
NighttimeFlare/test/0396.png,-0.03362738713622093,0.31449607014656067
NighttimeFlare/test/0640.png,0.08392833173274994,0.1747826486825943
NighttimeFlare/test/0592.png,0.03495756909251213,0.2320670336484909
NighttimeFlare/test/0432.png,0.0980009064078331,0.1539442092180252
NighttimeFlare/test/0181.png,0.09559178352355957,0.3502277731895447
NighttimeFlare/test/0074.png,0.10061226040124893,0.4104304313659668
NighttimeFlare/test/0319.png,-0.012278391048312187,0.22506004571914673
NighttimeFlare/test/0532.png,0.07072451710700989,0.432895690202713
NighttimeFlare/test/0681.png,0.08412301540374756,0.5405277609825134
NighttimeFlare/test/0545.png,0.050624534487724304,0.20887845754623413
NighttimeFlare/test/0688.png,0.08437386155128479,0.210981547832489
NighttimeFlare/test/0685.png,0.11828483641147614,0.33074983954429626
NighttimeFlare/test/0748.png,0.13664290308952332,0.4738031327724457
NighttimeFlare/test/0446.png,0.07242120802402496,0.3170900344848633
NighttimeFlare/test/0518.png,0.04236796870827675,0.3124505877494812
NighttimeFlare/test/0318.png,0.13440153002738953,0.36058229207992554
NighttimeFlare/test/0246.png,0.03241448849439621,0.3997630774974823
NighttimeFlare/test/0468.png,0.15431705117225647,0.3992568254470825
NighttimeFlare/test/0898.png,0.23989376425743103,0.3897452652454376
NighttimeFlare/test/0964.png,0.14585532248020172,0.32547083497047424
NighttimeFlare/test/0238.png,0.01594371907413006,0.027078144252300262
NighttimeFlare/test/0739.png,-0.027118036523461342,0.17471952736377716
NighttimeFlare/test/0790.png,-0.05754286050796509,0.32280808687210083
NighttimeFlare/test/0095.png,0.03348203003406525,0.24866151809692383
NighttimeFlare/test/0124.png,0.046278323978185654,0.24298112094402313
NighttimeFlare/test/0452.png,0.06423650681972504,0.3972664177417755
NighttimeFlare/test/0255.png,0.00972074270248413,0.13176362216472626
NighttimeFlare/test/0390.png,0.05497678741812706,0.4257756173610687
NighttimeFlare/test/0654.png,-0.1096855103969574,0.32319873571395874
NighttimeFlare/test/0162.png,0.025433622300624847,0.3151209354400635
NighttimeFlare/test/0836.png,0.025372955948114395,0.10631062090396881
NighttimeFlare/test/0771.png,0.07238716632127762,0.3846011161804199
NighttimeFlare/test/0323.png,0.09648430347442627,0.2580636441707611
NighttimeFlare/test/0870.png,0.11887305974960327,0.2731460928916931
NighttimeFlare/test/0221.png,-0.015170533210039139,0.1266060769557953
NighttimeFlare/test/0569.png,-0.019489746540784836,0.12633144855499268
NighttimeFlare/test/0534.png,0.01564120501279831,0.31360769271850586
NighttimeFlare/test/0690.png,0.058090366423130035,0.4329073429107666
NighttimeFlare/test/0448.png,0.012597847729921341,0.4548848867416382
NighttimeFlare/test/0714.png,0.09065556526184082,0.2219254970550537
NighttimeFlare/test/0478.png,-0.1778598129749298,0.24833880364894867
NighttimeFlare/test/0462.png,-0.0773068368434906,0.32441940903663635
NighttimeFlare/test/0770.png,0.07918599247932434,0.23094519972801208
NighttimeFlare/test/0454.png,0.04011008143424988,0.33293411135673523
NighttimeFlare/test/0923.png,0.03273234888911247,0.12476155161857605
NighttimeFlare/test/0313.png,0.05075372755527496,0.34732699394226074
NighttimeFlare/test/0706.png,0.04698736220598221,0.2411903589963913
NighttimeFlare/test/0150.png,-0.00117278634570539,0.02706543728709221
NighttimeFlare/test/0636.png,0.04161395877599716,0.07654832303524017
NighttimeFlare/test/0198.png,0.001541480072773993,0.4346732497215271
NighttimeFlare/test/0417.png,0.09190655499696732,0.17574477195739746
NighttimeFlare/test/0595.png,0.05188016593456268,0.27164751291275024
NighttimeFlare/test/0822.png,0.06663834303617477,0.48975974321365356
NighttimeFlare/test/0887.png,0.06919533014297485,0.32567185163497925
NighttimeFlare/test/0508.png,0.0886567160487175,0.3322422206401825
NighttimeFlare/test/0310.png,0.22928741574287415,0.4040956497192383
NighttimeFlare/test/0553.png,0.08387401700019836,0.3671589195728302
NighttimeFlare/test/0283.png,-0.0036647040396928787,0.13339659571647644
NighttimeFlare/test/0285.png,0.05851619318127632,0.2019314169883728
NighttimeFlare/test/0000.png,0.03979988396167755,0.15606972575187683
NighttimeFlare/test/0629.png,0.10373896360397339,0.3137814402580261
NighttimeFlare/test/0926.png,0.12534675002098083,0.4627782702445984
NighttimeFlare/test/0051.png,-0.06471055001020432,0.25869861245155334
NighttimeFlare/test/0374.png,-0.06872974336147308,0.3817412555217743
NighttimeFlare/test/0684.png,0.11663740873336792,0.2712691128253937
NighttimeFlare/test/0623.png,0.104032501578331,0.22473672032356262
NighttimeFlare/test/0292.png,0.059855856001377106,0.17355018854141235
NighttimeFlare/test/0989.png,0.030843358486890793,0.2816978693008423
NighttimeFlare/test/0469.png,0.08972540497779846,0.33861157298088074
NighttimeFlare/test/0992.png,0.11735348403453827,0.33914369344711304
NighttimeFlare/test/0130.png,-0.008376607671380043,0.30610713362693787
NighttimeFlare/test/0584.png,-0.08003566414117813,0.2686767578125
NighttimeFlare/test/0420.png,0.12754011154174805,0.30430638790130615
NighttimeFlare/test/0156.png,0.08207505196332932,0.5110204219818115
NighttimeFlare/test/0901.png,0.006184864789247513,0.08635757863521576
NighttimeFlare/test/0438.png,0.05035366490483284,0.14872285723686218
NighttimeFlare/test/0986.png,0.033347949385643005,0.08538486063480377
NighttimeFlare/test/0827.png,-0.020691707730293274,0.5671601295471191
NighttimeFlare/test/0205.png,-0.13133814930915833,0.27247461676597595
NighttimeFlare/test/0650.png,0.14916780591011047,0.2936670482158661
NighttimeFlare/test/0632.png,0.037699051201343536,0.48240137100219727
NighttimeFlare/test/0179.png,0.1374845802783966,0.3834180235862732
NighttimeFlare/test/0201.png,-0.011912171728909016,0.07458023726940155
NighttimeFlare/test/0426.png,0.20600375533103943,0.4828038811683655
NighttimeFlare/test/0973.png,0.0686355009675026,0.3899943232536316
NighttimeFlare/test/0498.png,0.006767447106540203,0.03223538398742676
NighttimeFlare/test/0136.png,0.14429855346679688,0.3999878764152527
NighttimeFlare/test/0768.png,0.14419835805892944,0.2952032685279846
NighttimeFlare/test/0001.png,0.10995586961507797,0.4548119306564331
NighttimeFlare/test/0111.png,-0.07062357664108276,0.33946141600608826
NighttimeFlare/test/0944.png,0.1666019707918167,0.4072752594947815
NighttimeFlare/test/0643.png,0.13132911920547485,0.2445770502090454
NighttimeFlare/test/0806.png,-0.0319107361137867,0.37996649742126465
NighttimeFlare/test/0411.png,0.002708584535866976,0.4115262031555176
NighttimeFlare/test/0336.png,0.23163971304893494,0.5923153162002563
NighttimeFlare/test/0045.png,0.03772173076868057,0.21034424006938934
NighttimeFlare/test/0555.png,0.029325921088457108,0.270729660987854
NighttimeFlare/test/0079.png,0.05319821834564209,0.45523127913475037
NighttimeFlare/test/0840.png,0.10185106098651886,0.3447248339653015
NighttimeFlare/test/0775.png,0.007387818302959204,0.42360615730285645
NighttimeFlare/test/0959.png,0.09321430325508118,0.46973809599876404
NighttimeFlare/test/0755.png,0.041128385812044144,0.1599123477935791
NighttimeFlare/test/0414.png,0.07844340801239014,0.2418896108865738
NighttimeFlare/test/0727.png,0.016394708305597305,0.6291479468345642
NighttimeFlare/test/0673.png,0.14692510664463043,0.27443742752075195
NighttimeFlare/test/0329.png,0.0324823334813118,0.11690659821033478
NighttimeFlare/test/0525.png,0.04728228226304054,0.2775968909263611
NighttimeFlare/test/0443.png,-0.06743504106998444,0.28419962525367737
NighttimeFlare/test/0814.png,0.12487702816724777,0.19795602560043335
NighttimeFlare/test/0817.png,0.041682880371809006,0.22641275823116302
NighttimeFlare/test/0574.png,0.07383283972740173,0.1599085032939911
NighttimeFlare/test/0154.png,0.022239992395043373,0.11629761010408401
NighttimeFlare/test/0705.png,0.0770120769739151,0.1737195998430252
NighttimeFlare/test/0725.png,0.06478997319936752,0.24523071944713593
NighttimeFlare/test/0611.png,0.042613685131073,0.12187287211418152
NighttimeFlare/test/0174.png,-0.007827578112483025,0.5384482145309448
NighttimeFlare/test/0676.png,0.049496885389089584,0.3615849018096924
NighttimeFlare/test/0786.png,0.13074423372745514,0.3188479542732239
NighttimeFlare/test/0442.png,0.09939988702535629,0.2609774172306061
NighttimeFlare/test/0262.png,0.06497907638549805,0.4262142479419708
NighttimeFlare/test/0682.png,0.21727468073368073,0.3372094929218292
NighttimeFlare/test/0488.png,-0.13678056001663208,0.16874337196350098
NighttimeFlare/test/0331.png,0.11366577446460724,0.39271435141563416
NighttimeFlare/test/0738.png,0.11617431044578552,0.32480305433273315
NighttimeFlare/test/0477.png,-0.11102963984012604,0.28321850299835205
NighttimeFlare/test/0455.png,0.11924547702074051,0.34704649448394775
NighttimeFlare/test/0788.png,0.12457315623760223,0.279535710811615
NighttimeFlare/test/0203.png,0.10876089334487915,0.3965214490890503
NighttimeFlare/test/0799.png,0.0880400538444519,0.21104112267494202
NighttimeFlare/test/0251.png,0.06896866858005524,0.16581249237060547
NighttimeFlare/test/0025.png,0.020894736051559448,0.2543211281299591
NighttimeFlare/test/0591.png,-0.014587489888072014,0.46705004572868347
NighttimeFlare/test/0949.png,-0.03687821701169014,0.2579657733440399
NighttimeFlare/test/0991.png,0.19908477365970612,0.5218160152435303
NighttimeFlare/test/0005.png,0.06528331339359283,0.12730033695697784
NighttimeFlare/test/0326.png,-0.1502523571252823,0.14191006124019623
NighttimeFlare/test/0109.png,-0.13366170227527618,0.20657047629356384
NighttimeFlare/test/0151.png,0.07325433194637299,0.19549983739852905
NighttimeFlare/test/0280.png,0.10310029983520508,0.27105575799942017
NighttimeFlare/test/0395.png,0.12370061874389648,0.20410604774951935
NighttimeFlare/test/0732.png,0.08407538384199142,0.45091044902801514
NighttimeFlare/test/0918.png,0.18410784006118774,0.5694653391838074
NighttimeFlare/test/0082.png,0.13481418788433075,0.2594006657600403
NighttimeFlare/test/0798.png,0.08976597338914871,0.4994376003742218
NighttimeFlare/test/0065.png,0.026941366493701935,0.29476481676101685
NighttimeFlare/test/0622.png,0.04650033265352249,0.19255150854587555
NighttimeFlare/test/0141.png,0.09761949628591537,0.35264092683792114
NighttimeFlare/test/0267.png,0.2585948407649994,0.4663233757019043
NighttimeFlare/test/0535.png,0.16417597234249115,0.4762982726097107
NighttimeFlare/test/0257.png,0.10723505914211273,0.24904915690422058
NighttimeFlare/test/0627.png,0.100444495677948,0.4603583812713623
NighttimeFlare/test/0232.png,0.10577002167701721,0.18055886030197144
NighttimeFlare/test/0458.png,0.18281398713588715,0.4815678596496582
NighttimeFlare/test/0897.png,-0.0549715980887413,0.20179973542690277
NighttimeFlare/test/0855.png,0.07234436273574829,0.37102240324020386
NighttimeFlare/test/0976.png,0.13632255792617798,0.23868635296821594
NighttimeFlare/test/0572.png,0.029432805255055428,0.19759872555732727
NighttimeFlare/test/0437.png,0.03185237944126129,0.44381940364837646
NighttimeFlare/test/0309.png,0.04669772833585739,0.1836690604686737
NighttimeFlare/test/0756.png,-0.05062192678451538,0.15599723160266876
NighttimeFlare/test/0695.png,0.03617193177342415,0.06353747844696045
NighttimeFlare/test/0220.png,0.09427815675735474,0.28507059812545776
NighttimeFlare/test/0252.png,0.08263849467039108,0.16385304927825928
NighttimeFlare/test/0931.png,-0.01895216479897499,0.21148273348808289
NighttimeFlare/test/0672.png,0.025381263345479965,0.1663927286863327
NighttimeFlare/train/0566.png,-0.0032428735867142677,0.3574894070625305
NighttimeFlare/train/0115.png,0.023081818595528603,0.05710551142692566
NighttimeFlare/train/0050.png,0.15952709317207336,0.3928018808364868
NighttimeFlare/train/0501.png,0.03974340483546257,0.14040938019752502
NighttimeFlare/train/0263.png,0.11513489484786987,0.7556807994842529
NighttimeFlare/train/0133.png,0.0485929436981678,0.16073350608348846
NighttimeFlare/train/0006.png,0.03940608352422714,0.2357805073261261
NighttimeFlare/train/0516.png,-0.01028425246477127,0.49527907371520996
NighttimeFlare/train/0003.png,0.05303090438246727,0.2341393381357193
NighttimeFlare/train/0013.png,-0.03466702625155449,0.36691728234291077
NighttimeFlare/train/0052.png,0.0340743288397789,0.10539565980434418
NighttimeFlare/train/0178.png,0.15688112378120422,0.5894142389297485
NighttimeFlare/train/0273.png,0.08193781971931458,0.25468873977661133
NighttimeFlare/train/0314.png,0.08004380017518997,0.425374299287796
NighttimeFlare/train/0139.png,0.20083868503570557,0.37649911642074585
NighttimeFlare/train/0460.png,0.09552118927240372,0.17783956229686737
NighttimeFlare/train/0148.png,0.06686869263648987,0.3990858793258667
NighttimeFlare/train/0816.png,0.14921113848686218,0.4231414198875427
NighttimeFlare/train/0337.png,0.1116742268204689,0.36450493335723877
NighttimeFlare/train/0835.png,0.014754272997379303,0.07859435677528381
NighttimeFlare/train/0185.png,0.07964540272951126,0.6248670816421509
NighttimeFlare/train/0740.png,0.061541128903627396,0.2173149287700653
NighttimeFlare/train/0889.png,0.064917653799057,0.27952641248703003
NighttimeFlare/train/0053.png,0.13187885284423828,0.33410102128982544
NighttimeFlare/train/0096.png,0.0730486512184143,0.1844744235277176
NighttimeFlare/train/0099.png,0.014099681749939919,0.0688948929309845
NighttimeFlare/train/0451.png,0.05618152767419815,0.3311176896095276
NighttimeFlare/train/0453.png,0.059635356068611145,0.5162839293479919
NighttimeFlare/train/0301.png,0.07691511511802673,0.1421574354171753
NighttimeFlare/train/0670.png,0.11665895581245422,0.31874188780784607
NighttimeFlare/train/0274.png,0.14228148758411407,0.3685026466846466
NighttimeFlare/train/0699.png,-0.001270214794203639,0.28751546144485474
NighttimeFlare/train/0968.png,0.05460948497056961,0.2765842080116272
NighttimeFlare/train/0512.png,0.0074715884402394295,0.18631598353385925
NighttimeFlare/train/0405.png,-0.019948504865169525,0.265793114900589
NighttimeFlare/train/0341.png,0.11982028186321259,0.2728230655193329
NighttimeFlare/train/0480.png,0.1608884632587433,0.38228839635849
NighttimeFlare/train/0266.png,0.15425749123096466,0.43781277537345886
NighttimeFlare/train/0044.png,-0.036214716732501984,0.14209526777267456
NighttimeFlare/train/0208.png,0.07384712994098663,0.25147002935409546
NighttimeFlare/train/0576.png,-0.02348965033888817,0.36037954688072205
NighttimeFlare/train/0369.png,-0.020701471716165543,0.15704873204231262
NighttimeFlare/train/0311.png,0.07552341371774673,0.15862074494361877
NighttimeFlare/train/0412.png,0.09113000333309174,0.19732075929641724
NighttimeFlare/train/0291.png,-0.05633573979139328,0.20326994359493256
NighttimeFlare/train/0360.png,0.050192929804325104,0.08284984529018402
NighttimeFlare/train/0153.png,0.02452557347714901,0.3190576434135437
NighttimeFlare/train/0017.png,0.003309702267870307,0.3051666021347046
NighttimeFlare/train/0007.png,0.04073619097471237,0.182302325963974
NighttimeFlare/train/0433.png,-0.05289115011692047,0.1983344554901123
NighttimeFlare/train/0759.png,-0.04307626187801361,0.25038057565689087
NighttimeFlare/train/0950.png,0.06755143404006958,0.19519588351249695
NighttimeFlare/train/0971.png,-0.038533952087163925,0.21947315335273743
NighttimeFlare/train/0286.png,0.02754242904484272,0.382398396730423
NighttimeFlare/train/0834.png,0.0007904726662673056,0.33612388372421265
NighttimeFlare/train/0375.png,0.05422129109501839,0.34132975339889526
NighttimeFlare/train/0766.png,0.059125497937202454,0.21772323548793793
NighttimeFlare/train/0804.png,-0.05847565829753876,0.19326794147491455
NighttimeFlare/train/0704.png,0.09733042865991592,0.3145486116409302
NighttimeFlare/train/0752.png,-0.07650825381278992,0.3858780562877655
NighttimeFlare/train/0940.png,-0.032923199236392975,0.23654690384864807
NighttimeFlare/train/0439.png,0.06932120025157928,0.23208090662956238
NighttimeFlare/train/0475.png,0.09443645179271698,0.12959149479866028
NighttimeFlare/train/0683.png,0.00241312338039279,0.5533941984176636
NighttimeFlare/train/0686.png,-0.04108477383852005,0.2648869752883911
NighttimeFlare/train/0316.png,0.0697314515709877,0.4777138829231262
NighttimeFlare/train/0180.png,0.07898051291704178,0.231420636177063
NighttimeFlare/train/0802.png,0.11580432951450348,0.3952019512653351
NighttimeFlare/train/0041.png,0.06453713774681091,0.14231210947036743
NighttimeFlare/train/0472.png,-0.036236345767974854,0.20290426909923553
NighttimeFlare/train/0697.png,0.1324646770954132,0.3480433225631714
NighttimeFlare/train/0011.png,0.00806916132569313,0.29488542675971985
NighttimeFlare/train/0495.png,-0.011661188676953316,0.1782483607530594
NighttimeFlare/train/0078.png,0.07781699299812317,0.2729651927947998
NighttimeFlare/train/0866.png,0.08768005669116974,0.28814464807510376
NighttimeFlare/train/0077.png,0.05013188719749451,0.30430302023887634
NighttimeFlare/train/0427.png,0.13222672045230865,0.43229734897613525
NighttimeFlare/train/0119.png,0.03963755443692207,0.20658013224601746
NighttimeFlare/train/0846.png,0.02223110944032669,0.12073488533496857
NighttimeFlare/train/0884.png,0.07138149440288544,0.30141597986221313
NighttimeFlare/train/0146.png,0.006431885063648224,0.24775683879852295
NighttimeFlare/train/0562.png,0.11108937859535217,0.5541472434997559
NighttimeFlare/train/0424.png,0.050659045577049255,0.08508045971393585
NighttimeFlare/train/0711.png,0.14134518802165985,0.3281111419200897
NighttimeFlare/train/0419.png,0.09079591929912567,0.2386704534292221
NighttimeFlare/train/0671.png,0.017781339585781097,0.0520276315510273
NighttimeFlare/train/0479.png,0.07771944999694824,0.20226798951625824
NighttimeFlare/train/0459.png,0.11106535792350769,0.24671316146850586
NighttimeFlare/train/0067.png,0.1642998903989792,0.29594042897224426
NighttimeFlare/train/0517.png,0.09749092161655426,0.2399197667837143
NighttimeFlare/train/0122.png,0.03208724409341812,0.10246730595827103
NighttimeFlare/train/0202.png,0.09590338170528412,0.21843379735946655
NighttimeFlare/train/0905.png,-0.4450802803039551,0.2714892029762268
NighttimeFlare/train/0876.png,0.03864498436450958,0.2741607129573822
NighttimeFlare/train/0194.png,0.08214135468006134,0.31988525390625
NighttimeFlare/train/0974.png,0.13060402870178223,0.2919635474681854
NighttimeFlare/train/0339.png,0.02163510210812092,0.06331387162208557
NighttimeFlare/train/0985.png,0.04865693300962448,0.27940934896469116
NighttimeFlare/train/0189.png,-0.022769998759031296,0.49511614441871643
NighttimeFlare/train/0662.png,0.3063499927520752,0.5762506127357483
NighttimeFlare/train/0163.png,-0.10691879689693451,0.2710108757019043
NighttimeFlare/train/0881.png,0.09614981710910797,0.15039804577827454
NighttimeFlare/train/0588.png,0.11168541759252548,0.23450298607349396
NighttimeFlare/train/0780.png,-0.029366876929998398,0.439331591129303
NighttimeFlare/train/0573.png,0.06939074397087097,0.16794613003730774
NighttimeFlare/train/0561.png,0.08749884366989136,0.23688140511512756
NighttimeFlare/train/0239.png,0.26003605127334595,0.5829297304153442
NighttimeFlare/train/0675.png,-0.007628958206623793,0.40193378925323486
NighttimeFlare/train/0249.png,-0.07145380973815918,0.1900056004524231
NighttimeFlare/train/0958.png,0.26204079389572144,0.44566649198532104
NighttimeFlare/train/0821.png,0.029561931267380714,0.05477495864033699
NighttimeFlare/train/0393.png,0.09963472187519073,0.28278470039367676
NighttimeFlare/train/0418.png,0.16386541724205017,0.28719139099121094
NighttimeFlare/train/0152.png,0.12986640632152557,0.5203719139099121
NighttimeFlare/train/0809.png,-0.05923672765493393,0.5220268964767456
NighttimeFlare/train/0631.png,0.1301346719264984,0.23453733325004578
NighttimeFlare/train/0554.png,0.055800460278987885,0.46081578731536865
NighttimeFlare/train/0445.png,0.2608039379119873,0.46967121958732605
NighttimeFlare/train/0910.png,-0.004148656968027353,0.17492306232452393
NighttimeFlare/train/0608.png,0.088346466422081,0.22985345125198364
NighttimeFlare/train/0157.png,0.043012868613004684,0.16950523853302002
NighttimeFlare/train/0137.png,0.043317146599292755,0.12143140286207199
NighttimeFlare/train/0824.png,0.06493531167507172,0.17862610518932343
NighttimeFlare/train/0917.png,0.02595009095966816,0.17330443859100342
NighttimeFlare/train/0667.png,-0.03262779861688614,0.17451700568199158
NighttimeFlare/train/0083.png,-0.037505730986595154,0.4095037579536438
NighttimeFlare/train/0444.png,0.15470629930496216,0.4303462505340576
NighttimeFlare/train/0069.png,0.16006627678871155,0.6728917360305786
NighttimeFlare/train/0600.png,0.01056215725839138,0.17422404885292053
NighttimeFlare/train/0801.png,0.056669123470783234,0.27104902267456055
NighttimeFlare/train/0348.png,0.0579540878534317,0.18528416752815247
NighttimeFlare/train/0617.png,0.04053250327706337,0.3790615200996399
NighttimeFlare/train/0590.png,0.11980590969324112,0.42074650526046753
NighttimeFlare/train/0914.png,0.012229781597852707,0.3331645131111145
NighttimeFlare/train/0275.png,0.02391805872321129,0.18550850450992584
NighttimeFlare/train/0351.png,0.08216504752635956,0.38051676750183105
NighttimeFlare/train/0378.png,-0.013409286737442017,0.1420721709728241
NighttimeFlare/train/0655.png,0.0063821105286479,0.2603934407234192
NighttimeFlare/train/0140.png,0.004097365774214268,0.25694459676742554
NighttimeFlare/train/0392.png,0.04785482585430145,0.26396554708480835
NighttimeFlare/train/0072.png,0.07297641038894653,0.24710088968276978
NighttimeFlare/train/0864.png,-0.04534536227583885,0.45549705624580383
NighttimeFlare/train/0297.png,0.0036170301027595997,0.27780336141586304
NighttimeFlare/train/0513.png,-0.06939593702554703,0.14661386609077454
NighttimeFlare/train/0726.png,0.07509047538042068,0.2221854329109192
NighttimeFlare/train/0487.png,0.11053808778524399,0.3554702401161194
NighttimeFlare/train/0613.png,0.0988827794790268,0.5100841522216797
NighttimeFlare/train/0506.png,0.10492934286594391,0.4702762961387634
NighttimeFlare/train/0450.png,-0.009048817679286003,0.4434130787849426
NighttimeFlare/train/0229.png,0.03133576363325119,0.1088913083076477
NighttimeFlare/train/0090.png,0.08053857833147049,0.39852309226989746
NighttimeFlare/train/0702.png,0.04960953816771507,0.49204155802726746
NighttimeFlare/train/0628.png,-0.03112945891916752,0.146209716796875
NighttimeFlare/train/0527.png,-0.017931394279003143,0.22176241874694824
NighttimeFlare/train/0342.png,0.06379039585590363,0.18073119223117828
NighttimeFlare/train/0464.png,0.14615429937839508,0.26156288385391235
NighttimeFlare/train/0967.png,0.18975397944450378,0.40865781903266907
NighttimeFlare/train/0568.png,0.043385811150074005,0.20666338503360748
NighttimeFlare/train/0742.png,-0.17929872870445251,0.23446518182754517
NighttimeFlare/train/0073.png,0.04390672594308853,0.22044888138771057
NighttimeFlare/train/0491.png,0.05208609998226166,0.185592919588089
NighttimeFlare/train/0218.png,-0.028983741998672485,0.32975462079048157
NighttimeFlare/train/0948.png,0.0009716222994029522,0.15337465703487396
NighttimeFlare/train/0920.png,-0.025503752753138542,0.04908261075615883
NighttimeFlare/train/0618.png,0.05090867355465889,0.5325854420661926
NighttimeFlare/train/0589.png,0.06465636193752289,0.13510525226593018
NighttimeFlare/train/0492.png,0.068659208714962,0.2152945101261139
NighttimeFlare/train/0330.png,-0.08027072995901108,0.10302414000034332
NighttimeFlare/train/0101.png,-0.11287174373865128,0.3878231644630432
NighttimeFlare/train/0210.png,0.005198522936552763,0.05731998383998871
NighttimeFlare/train/0066.png,0.12643387913703918,0.3396552801132202
NighttimeFlare/train/0353.png,0.037236057221889496,0.1597544550895691
NighttimeFlare/train/0856.png,0.0077072978019714355,0.2796099781990051
NighttimeFlare/train/0457.png,-0.010588474571704865,0.38278114795684814
NighttimeFlare/train/0106.png,0.15941891074180603,0.34633520245552063
NighttimeFlare/train/0928.png,0.08067113161087036,0.3518977165222168
NighttimeFlare/train/0117.png,0.03334808349609375,0.4673368036746979
NighttimeFlare/train/0441.png,-0.1624365746974945,0.5469824075698853
NighttimeFlare/train/0907.png,0.015325329266488552,0.4988250434398651
NighttimeFlare/train/0795.png,0.02900741994380951,0.23939281702041626
NighttimeFlare/train/0091.png,-0.023185309022665024,0.5950091481208801
NighttimeFlare/train/0990.png,0.2223193198442459,0.40586769580841064
NighttimeFlare/train/0332.png,0.1246943324804306,0.1744438111782074
NighttimeFlare/train/0717.png,-0.006182239390909672,0.5554579496383667
NighttimeFlare/train/0132.png,-0.0003283763653598726,0.1804850697517395
NighttimeFlare/train/0290.png,0.10671299695968628,0.17820486426353455
NighttimeFlare/train/0212.png,0.2171345353126526,0.5851727724075317
NighttimeFlare/train/0076.png,0.06281155347824097,0.4084432125091553
NighttimeFlare/train/0713.png,0.07878046482801437,0.2125701606273651
NighttimeFlare/train/0871.png,0.07711207121610641,0.3670845627784729
NighttimeFlare/train/0797.png,0.08032680302858353,0.1837145835161209
NighttimeFlare/train/0049.png,0.16639146208763123,0.3747565448284149
NighttimeFlare/train/0241.png,-0.16378602385520935,0.3147166967391968
NighttimeFlare/train/0108.png,0.07820121943950653,0.15771901607513428
NighttimeFlare/train/0644.png,0.14652006328105927,0.33844149112701416
NighttimeFlare/train/0088.png,-0.020596470683813095,0.33301347494125366
NighttimeFlare/train/0548.png,0.052907589823007584,0.29218775033950806
NighttimeFlare/train/0819.png,-0.0623348131775856,0.2747308313846588
NighttimeFlare/train/0303.png,-0.05730363726615906,0.2583158016204834
NighttimeFlare/train/0259.png,0.08653683960437775,0.1328934133052826
NighttimeFlare/train/0933.png,-0.09468184411525726,0.1838923990726471
NighttimeFlare/train/0558.png,0.013537402264773846,0.02137797698378563
NighttimeFlare/train/0559.png,-0.07709699124097824,0.21360650658607483
NighttimeFlare/train/0016.png,0.03603660315275192,0.2700079381465912
NighttimeFlare/train/0401.png,0.06506086885929108,0.4641794264316559
NighttimeFlare/train/0103.png,0.0031966837123036385,0.024927251040935516
NighttimeFlare/train/0230.png,0.10466232895851135,0.275335431098938
NighttimeFlare/train/0317.png,0.08325280249118805,0.30016764998435974
NighttimeFlare/train/0440.png,0.15996015071868896,0.31777626276016235
NighttimeFlare/train/0084.png,0.11473684012889862,0.24089309573173523
NighttimeFlare/train/0193.png,0.13359123468399048,0.3445248007774353
NighttimeFlare/train/0975.png,0.04154656454920769,0.09863030910491943
NighttimeFlare/train/0114.png,0.033343423157930374,0.1659776121377945
NighttimeFlare/train/0837.png,0.13875186443328857,0.35276997089385986
NighttimeFlare/train/0367.png,-0.12831269204616547,0.12386196851730347
NighttimeFlare/train/0734.png,0.10783493518829346,0.38437598943710327
NighttimeFlare/train/0945.png,0.07310450077056885,0.21396049857139587
NighttimeFlare/train/0530.png,0.07080300152301788,0.24557194113731384
NighttimeFlare/train/0169.png,0.004853093530982733,0.05049273744225502
NighttimeFlare/train/0570.png,0.12103837728500366,0.2103790044784546
NighttimeFlare/train/0199.png,0.057039737701416016,0.1630416214466095
NighttimeFlare/train/0033.png,-0.078120656311512,0.3958304524421692
NighttimeFlare/train/0270.png,0.02795867994427681,0.26598483324050903
NighttimeFlare/train/0253.png,0.017894519492983818,0.27221906185150146
NighttimeFlare/train/0032.png,0.062262024730443954,0.37813082337379456
NighttimeFlare/train/0853.png,-0.011765399016439915,0.3544546961784363
NighttimeFlare/train/0325.png,0.1690535843372345,0.45734935998916626
NighttimeFlare/train/0867.png,-0.0005695235449820757,0.0822906419634819
NighttimeFlare/train/0333.png,0.03741434961557388,0.35643965005874634
NighttimeFlare/train/0298.png,0.05972063168883324,0.4291977882385254
NighttimeFlare/train/0165.png,0.010816678404808044,0.1659272015094757
NighttimeFlare/train/0648.png,0.0919499471783638,0.5534027814865112
NighttimeFlare/train/0969.png,-0.053991734981536865,0.5601933002471924
NighttimeFlare/train/0710.png,-0.041147056967020035,0.10993269085884094
NighttimeFlare/train/0055.png,-0.11049161851406097,0.3380332291126251
NighttimeFlare/train/0893.png,0.053988855332136154,0.41487184166908264
NighttimeFlare/train/0718.png,0.12601226568222046,0.23938122391700745
NighttimeFlare/train/0885.png,0.1149107962846756,0.26895618438720703
NighttimeFlare/train/0272.png,0.026466483250260353,0.1116848811507225
NighttimeFlare/train/0839.png,-0.0023653616663068533,0.34110844135284424
NighttimeFlare/train/0960.png,0.12440557777881622,0.2844959497451782
NighttimeFlare/train/0753.png,0.14286088943481445,0.3909838795661926
NighttimeFlare/train/0225.png,0.021184325218200684,0.1545868068933487
NighttimeFlare/train/0669.png,-0.06437858939170837,0.2795087397098541
NighttimeFlare/train/0890.png,-0.023574192076921463,0.15652284026145935
NighttimeFlare/train/0004.png,0.015116121619939804,0.21285668015480042
NighttimeFlare/train/0236.png,-0.0429854691028595,0.4920588731765747
NighttimeFlare/train/0466.png,0.06648709625005722,0.19455140829086304
NighttimeFlare/train/0719.png,0.050531573593616486,0.13282787799835205
NighttimeFlare/train/0409.png,0.03946676850318909,0.2335430234670639
NighttimeFlare/train/0540.png,0.08917292952537537,0.22092795372009277
NighttimeFlare/train/0054.png,0.20113980770111084,0.39219409227371216
NighttimeFlare/train/0206.png,-0.046232301741838455,0.17543451488018036
NighttimeFlare/train/0271.png,0.08728032559156418,0.2997056841850281
NighttimeFlare/train/0581.png,-0.05935685336589813,0.12740707397460938
NighttimeFlare/train/0603.png,-0.005040554329752922,0.19324085116386414
NighttimeFlare/train/0941.png,0.012897878885269165,0.029579278081655502
NighttimeFlare/train/0386.png,0.09357614070177078,0.2874867022037506
NighttimeFlare/train/0620.png,0.0912318229675293,0.20053023099899292
NighttimeFlare/train/0813.png,0.22261130809783936,0.418661892414093
NighttimeFlare/train/0403.png,0.04470660164952278,0.07684330642223358
NighttimeFlare/train/0519.png,0.05102836340665817,0.18540439009666443
NighttimeFlare/train/0075.png,0.09361058473587036,0.3468514084815979
NighttimeFlare/train/0911.png,0.12950630486011505,0.33221760392189026
NighttimeFlare/train/0372.png,0.14523845911026,0.23963895440101624
NighttimeFlare/train/0597.png,0.06206069886684418,0.12321977317333221
NighttimeFlare/train/0397.png,0.07599227130413055,0.338966965675354
NighttimeFlare/train/0125.png,0.08764298260211945,0.6374224424362183
NighttimeFlare/train/0689.png,0.062460679560899734,0.19121530652046204
NighttimeFlare/train/0456.png,0.09428447484970093,0.42473119497299194
NighttimeFlare/train/0994.png,0.06148436665534973,0.27155154943466187
NighttimeFlare/train/0602.png,0.147552490234375,0.3877136707305908
NighttimeFlare/train/0434.png,0.012905901297926903,0.17207194864749908
NighttimeFlare/train/0171.png,0.027950476855039597,0.5455096960067749
NighttimeFlare/train/0523.png,-0.03991968184709549,0.263621985912323
NighttimeFlare/train/0214.png,0.10400387644767761,0.32937532663345337
NighttimeFlare/train/0647.png,0.06009172648191452,0.37669676542282104
NighttimeFlare/train/0147.png,0.06611324846744537,0.32439202070236206
NighttimeFlare/train/0849.png,-0.04658764600753784,0.30219364166259766
NighttimeFlare/train/0594.png,0.0849616527557373,0.3661310374736786
NighttimeFlare/train/0021.png,0.04676390439271927,0.18981362879276276
NighttimeFlare/train/0735.png,0.11851317435503006,0.4474470615386963
NighttimeFlare/train/0978.png,0.06429645419120789,0.3852023780345917
NighttimeFlare/train/0656.png,0.1713801920413971,0.4566720724105835
NighttimeFlare/train/0633.png,-0.01843593269586563,0.2239709496498108
NighttimeFlare/train/0754.png,0.037408798933029175,0.35841792821884155
NighttimeFlare/train/0428.png,-0.016006147488951683,0.3429674506187439
NighttimeFlare/train/0619.png,0.05088665336370468,0.213553786277771
NighttimeFlare/train/0371.png,0.032352082431316376,0.2744908630847931
NighttimeFlare/train/0234.png,0.10032406449317932,0.39965367317199707
NighttimeFlare/train/0161.png,0.012780587188899517,0.16273128986358643
NighttimeFlare/train/0142.png,0.11962421238422394,0.3303079605102539
NighttimeFlare/train/0696.png,0.15799325704574585,0.4204034209251404
NighttimeFlare/train/0808.png,0.09363089501857758,0.15709681808948517
NighttimeFlare/train/0599.png,-0.04151564836502075,0.5759876370429993
NighttimeFlare/train/0116.png,0.06717187911272049,0.16796723008155823
NighttimeFlare/train/0999.png,0.04446941614151001,0.0789879709482193
NighttimeFlare/train/0751.png,0.20397134125232697,0.4827931225299835
NighttimeFlare/train/0649.png,0.08400514721870422,0.45065343379974365
NighttimeFlare/train/0724.png,0.05756158381700516,0.6535756587982178
NighttimeFlare/train/0652.png,0.09303611516952515,0.20965483784675598
NighttimeFlare/train/0058.png,-0.03574196621775627,0.20959781110286713
NighttimeFlare/train/0865.png,0.11498317867517471,0.42364728450775146
NighttimeFlare/train/0843.png,0.07198642194271088,0.16091260313987732
NighttimeFlare/train/0895.png,0.009281201288104057,0.06614750623703003
NighttimeFlare/train/0293.png,0.0428471639752388,0.10797731578350067
NighttimeFlare/train/0577.png,0.1511744260787964,0.4301649332046509
NighttimeFlare/train/0070.png,0.11578923463821411,0.31954389810562134
NighttimeFlare/train/0358.png,-0.01758497767150402,0.57271808385849
NighttimeFlare/train/0778.png,0.06726928800344467,0.1842084378004074
NighttimeFlare/train/0803.png,0.06141548603773117,0.30102384090423584
NighttimeFlare/train/0736.png,0.09063588082790375,0.17146773636341095
NighttimeFlare/train/0919.png,-0.05164486542344093,0.3603701591491699
NighttimeFlare/train/0665.png,-0.10482853651046753,0.22037528455257416
NighttimeFlare/train/0979.png,0.01994515210390091,0.47765135765075684
NighttimeFlare/train/0772.png,0.03181598335504532,0.2126280963420868
NighttimeFlare/train/0248.png,0.017448514699935913,0.09986864030361176
NighttimeFlare/train/0494.png,0.07926725596189499,0.2372726947069168
NighttimeFlare/train/0043.png,0.041274044662714005,0.2503277063369751
NighttimeFlare/train/0307.png,0.03499589115381241,0.06038542836904526
NighttimeFlare/train/0823.png,-0.08369617164134979,0.1043032556772232
NighttimeFlare/train/0583.png,-0.011729354970157146,0.05677568539977074
NighttimeFlare/train/0176.png,0.08985234797000885,0.3582301735877991
NighttimeFlare/train/0874.png,0.04092487320303917,0.22056379914283752
NighttimeFlare/train/0982.png,0.1126968264579773,0.2657153010368347
NighttimeFlare/train/0981.png,0.02889549918472767,0.31007757782936096
NighttimeFlare/train/0344.png,-0.13552390038967133,0.23361501097679138
NighttimeFlare/train/0023.png,-0.03937967121601105,0.37970098853111267
NighttimeFlare/train/0207.png,0.14892753958702087,0.28211018443107605
NighttimeFlare/train/0841.png,0.05321548134088516,0.12809503078460693
NighttimeFlare/train/0833.png,0.06829659640789032,0.35852551460266113
NighttimeFlare/train/0826.png,0.09634370356798172,0.2623915374279022
NighttimeFlare/train/0983.png,0.006888946518301964,0.29538458585739136
NighttimeFlare/train/0765.png,-0.09447242319583893,0.09645351767539978
NighttimeFlare/train/0046.png,-0.04859470948576927,0.1805906742811203
NighttimeFlare/train/0037.png,0.114818274974823,0.40684348344802856
NighttimeFlare/train/0120.png,-0.044853270053863525,0.3329099118709564
NighttimeFlare/train/0029.png,-0.019597109407186508,0.4962897300720215
NighttimeFlare/train/0703.png,0.04891707003116608,0.4583873748779297
NighttimeFlare/train/0447.png,0.06854598224163055,0.18904224038124084
NighttimeFlare/train/0661.png,0.030935179442167282,0.34007230401039124
NighttimeFlare/train/0609.png,0.04593760520219803,0.0715349018573761
NighttimeFlare/train/0038.png,-0.15299983322620392,0.26094508171081543
NighttimeFlare/train/0413.png,0.15082234144210815,0.3302409052848816
NighttimeFlare/train/0209.png,0.09068331122398376,0.3904980421066284
NighttimeFlare/train/0624.png,-0.06390153616666794,0.2116629034280777
NighttimeFlare/train/0538.png,0.061068303883075714,0.32508111000061035
NighttimeFlare/train/0858.png,0.017074663192033768,0.41835910081863403
NighttimeFlare/train/0296.png,0.0011028135195374489,0.11642798781394958
NighttimeFlare/train/0621.png,0.12461837381124496,0.355196475982666
NighttimeFlare/train/0406.png,0.04806118831038475,0.29609525203704834
NighttimeFlare/train/0490.png,0.040259480476379395,0.3505502939224243
NighttimeFlare/train/0721.png,-0.08517605066299438,0.15898431837558746
NighttimeFlare/train/0776.png,0.262188583612442,0.4471464455127716
NighttimeFlare/train/0030.png,0.0270792655646801,0.34862789511680603
NighttimeFlare/train/0645.png,0.1210278794169426,0.3561486005783081
NighttimeFlare/train/0838.png,0.0719774067401886,0.26794618368148804
NighttimeFlare/train/0550.png,0.0735177993774414,0.41397354006767273
NighttimeFlare/train/0956.png,0.08461742848157883,0.189354807138443
NighttimeFlare/train/0421.png,0.05980925261974335,0.5966298580169678
NighttimeFlare/train/0987.png,0.06222381442785263,0.15057164430618286
NighttimeFlare/train/0793.png,-0.06560488790273666,0.31612133979797363
NighttimeFlare/train/0847.png,-0.010415228083729744,0.34766530990600586
NighttimeFlare/train/0237.png,0.020261911675333977,0.5169968605041504
NighttimeFlare/train/0546.png,0.029502354562282562,0.20944590866565704
NighttimeFlare/train/0305.png,0.06927383691072464,0.15938958525657654
NighttimeFlare/train/0402.png,-0.02322494238615036,0.23985418677330017
NighttimeFlare/train/0560.png,0.10144464671611786,0.24696627259254456
NighttimeFlare/train/0596.png,0.10511941462755203,0.4107533097267151
NighttimeFlare/train/0556.png,0.11026313900947571,0.29237812757492065
NighttimeFlare/train/0666.png,0.07857561111450195,0.39721542596817017
NighttimeFlare/train/0792.png,0.09765633940696716,0.29646360874176025
NighttimeFlare/train/0996.png,0.02509687840938568,0.1611727476119995
NighttimeFlare/train/0904.png,-0.11207960546016693,0.11264809221029282
NighttimeFlare/train/0379.png,-0.1843436062335968,0.3907308280467987
NighttimeFlare/train/0321.png,0.03341159224510193,0.12678998708724976
NighttimeFlare/train/0467.png,0.08051185309886932,0.1600588858127594
NighttimeFlare/train/0320.png,0.03566829860210419,0.30871960520744324
NighttimeFlare/train/0925.png,-0.05244209244847298,0.09663883596658707
NighttimeFlare/train/0800.png,0.027535445988178253,0.09017053246498108
NighttimeFlare/train/0552.png,-2.2390078811440617e-05,0.011705086566507816
NighttimeFlare/train/0607.png,0.07992331683635712,0.17207446694374084
NighttimeFlare/train/0708.png,0.036168165504932404,0.051038578152656555
NighttimeFlare/train/0113.png,0.03582190349698067,0.1193910762667656
NighttimeFlare/train/0514.png,0.1635436862707138,0.4920474588871002
NighttimeFlare/train/0461.png,0.1566496193408966,0.34283921122550964
NighttimeFlare/train/0410.png,0.07328060269355774,0.3608459234237671
NighttimeFlare/train/0913.png,0.044000398367643356,0.1776631772518158
NighttimeFlare/train/0749.png,-0.008508682250976562,0.43467235565185547
NighttimeFlare/train/0939.png,0.0018546244828030467,0.24467992782592773
NighttimeFlare/train/0110.png,-0.01837967336177826,0.4943251609802246
NighttimeFlare/train/0557.png,0.07799108326435089,0.3476874530315399
NighttimeFlare/train/0223.png,0.15199348330497742,0.28108757734298706
NighttimeFlare/train/0031.png,0.19132402539253235,0.6118178367614746
NighttimeFlare/train/0709.png,0.07992267608642578,0.3075644373893738
NighttimeFlare/train/0722.png,0.06226755678653717,0.13546693325042725
NighttimeFlare/train/0233.png,-0.12117621302604675,0.3811909854412079
NighttimeFlare/train/0908.png,0.06323893368244171,0.18490095436573029
NighttimeFlare/train/0288.png,0.06092212349176407,0.0922728031873703
NighttimeFlare/train/0743.png,0.09486331790685654,0.15472762286663055
NighttimeFlare/train/0474.png,0.008349066600203514,0.07193028926849365
NighttimeFlare/train/0868.png,0.08434849977493286,0.347282350063324
NighttimeFlare/train/0056.png,0.02345621958374977,0.14069797098636627
NighttimeFlare/train/0965.png,0.22434070706367493,0.4462115168571472
NighttimeFlare/train/0499.png,-0.021392062306404114,0.09067243337631226
NighttimeFlare/train/0265.png,0.11726309359073639,0.26305341720581055
NighttimeFlare/train/0779.png,0.06501498073339462,0.1817041039466858
NighttimeFlare/train/0510.png,0.05288481339812279,0.2568211257457733
NighttimeFlare/train/0143.png,0.08151789009571075,0.25326722860336304
NighttimeFlare/train/0024.png,0.03463056683540344,0.06981075555086136
NighttimeFlare/train/0388.png,0.23999933898448944,0.3200398087501526
NighttimeFlare/train/0687.png,0.0018717575585469604,0.050147294998168945
NighttimeFlare/train/0988.png,0.004853515885770321,0.18185389041900635
NighttimeFlare/train/0228.png,-0.022545982152223587,0.16746538877487183
NighttimeFlare/train/0677.png,0.07478952407836914,0.34103822708129883
NighttimeFlare/train/0315.png,0.11042524129152298,0.2748812437057495
NighttimeFlare/train/0796.png,0.11745286732912064,0.21704821288585663
NighttimeFlare/train/0892.png,-0.039850614964962006,0.18468034267425537
NighttimeFlare/train/0105.png,0.007692976389080286,0.2642331123352051
NighttimeFlare/train/0244.png,0.11030158400535583,0.15012845396995544
NighttimeFlare/train/0134.png,-0.03009418398141861,0.16390977799892426
NighttimeFlare/train/0515.png,0.11887028813362122,0.27599841356277466
NighttimeFlare/train/0862.png,0.13859908282756805,0.3126324415206909
NighttimeFlare/train/0496.png,0.08673617988824844,0.16389600932598114
NighttimeFlare/train/0187.png,0.09388301521539688,0.20767658948898315
NighttimeFlare/train/0363.png,0.10993637144565582,0.3917636275291443
NighttimeFlare/train/0476.png,0.037195321172475815,0.150210440158844
NighttimeFlare/train/0829.png,0.08457250893115997,0.2719133496284485
NighttimeFlare/train/0022.png,0.02450656145811081,0.19599774479866028
NighttimeFlare/train/0903.png,0.028886791318655014,0.1814640611410141
NighttimeFlare/train/0507.png,0.11662380397319794,0.3222174048423767
NighttimeFlare/train/0875.png,0.023874958977103233,0.2129604071378708
NighttimeFlare/train/0370.png,0.09549127519130707,0.4276673197746277
NighttimeFlare/train/0883.png,0.09014676511287689,0.2858802080154419
NighttimeFlare/train/0828.png,0.028579268604516983,0.5706836581230164
NighttimeFlare/train/0034.png,0.0027920245192945004,0.10954085737466812
NighttimeFlare/train/0536.png,0.022493641823530197,0.036024823784828186
NighttimeFlare/train/0128.png,0.11288178712129593,0.34267228841781616
NighttimeFlare/train/0936.png,0.17096002399921417,0.2918202579021454
NighttimeFlare/train/0020.png,0.042138710618019104,0.14431843161582947
NighttimeFlare/train/0995.png,-0.04057622700929642,0.405423104763031
NighttimeFlare/train/0213.png,0.1332513988018036,0.48319011926651
NighttimeFlare/train/0980.png,0.2064996063709259,0.29975664615631104
NighttimeFlare/train/0593.png,0.08987188339233398,0.38261717557907104
NighttimeFlare/train/0035.png,-0.11033841967582703,0.15708917379379272
NighttimeFlare/train/0773.png,0.2212306261062622,0.41836583614349365
NighttimeFlare/train/0224.png,0.0646507516503334,0.17629045248031616
NighttimeFlare/train/0961.png,0.08552850782871246,0.5813183188438416
NighttimeFlare/train/0902.png,0.1406506896018982,0.5385873913764954
NighttimeFlare/train/0694.png,0.15658611059188843,0.3132091760635376
NighttimeFlare/train/0334.png,0.16629770398139954,0.3447125554084778
NighttimeFlare/train/0604.png,-0.01876225695014,0.3034355342388153
NighttimeFlare/train/0966.png,0.05454282835125923,0.23481027781963348
NighttimeFlare/train/0284.png,0.12428013235330582,0.330191433429718
NighttimeFlare/train/0844.png,-0.09300995618104935,0.5316952466964722
NighttimeFlare/train/0144.png,0.08754254877567291,0.16897650063037872
NighttimeFlare/train/0167.png,0.04760189354419708,0.7307528257369995
NighttimeFlare/train/0123.png,-0.021543554961681366,0.3828854560852051
NighttimeFlare/train/0192.png,-0.015893088653683662,0.3024361729621887
NighttimeFlare/train/0126.png,-0.08807791024446487,0.5895421504974365
NighttimeFlare/train/0012.png,0.04119078069925308,0.20134738087654114
NighttimeFlare/train/0322.png,0.12755407392978668,0.1991601586341858
NighttimeFlare/train/0731.png,0.04746129363775253,0.35154101252555847
NighttimeFlare/train/0048.png,-0.004882209002971649,0.179551362991333
NighttimeFlare/train/0258.png,-0.05203929543495178,0.4627377390861511
NighttimeFlare/train/0470.png,-0.005225470755249262,0.2675718665122986
NighttimeFlare/train/0349.png,-0.029645472764968872,0.10986517369747162
NighttimeFlare/train/0929.png,0.02538040466606617,0.3321520984172821
NighttimeFlare/train/0014.png,0.018850455060601234,0.11668473482131958
NighttimeFlare/train/0921.png,0.04493405669927597,0.23615533113479614
NighttimeFlare/train/0350.png,0.04632803052663803,0.38394856452941895
NighttimeFlare/train/0522.png,-0.028898904100060463,0.1890908181667328
NighttimeFlare/train/0880.png,-0.10866068303585052,0.1300828456878662
NighttimeFlare/train/0511.png,-0.032699692994356155,0.17015992105007172
NighttimeFlare/train/0760.png,-0.02342301793396473,0.3607502579689026
NighttimeFlare/train/0767.png,0.03431880846619606,0.06378737092018127
NighttimeFlare/train/0541.png,0.024070367217063904,0.24886083602905273
NighttimeFlare/train/0042.png,-0.006748522166162729,0.28610169887542725
NighttimeFlare/train/0299.png,-0.005631502252072096,0.25611990690231323
NighttimeFlare/train/0805.png,0.010341722518205643,0.47283345460891724
NighttimeFlare/train/0365.png,0.04277361184358597,0.3344743251800537
NighttimeFlare/train/0261.png,0.04569720849394798,0.2179190069437027
NighttimeFlare/train/0010.png,0.07915513962507248,0.5412747263908386
NighttimeFlare/train/0231.png,0.09277677536010742,0.33864855766296387
NighttimeFlare/train/0328.png,0.238755464553833,0.5193855166435242
NighttimeFlare/train/0195.png,0.01372663863003254,0.32700109481811523
NighttimeFlare/train/0391.png,0.029282521456480026,0.15123334527015686
NighttimeFlare/train/0483.png,0.03223525732755661,0.505183219909668
NighttimeFlare/train/0707.png,0.001500789076089859,0.23977196216583252
NighttimeFlare/train/0373.png,0.026804180815815926,0.12196023017168045
NighttimeFlare/train/0359.png,0.10408976674079895,0.2149362862110138
NighttimeFlare/train/0384.png,0.05981992185115814,0.2587522268295288
NighttimeFlare/train/0235.png,0.1255442351102829,0.42043766379356384
NighttimeFlare/train/0634.png,0.02973240241408348,0.05327906832098961
NighttimeFlare/train/0852.png,0.08411088585853577,0.3609216809272766
NighttimeFlare/train/0784.png,0.10611195117235184,0.5483370423316956
NighttimeFlare/train/0352.png,0.06867337226867676,0.3250058591365814
NighttimeFlare/train/0915.png,0.027514759451150894,0.28366249799728394
NighttimeFlare/train/0587.png,0.1035991758108139,0.40714359283447266
NighttimeFlare/train/0254.png,0.035082943737506866,0.13512903451919556
NighttimeFlare/train/0489.png,0.09396152198314667,0.1823277324438095
NighttimeFlare/train/0327.png,0.021403206512331963,0.5815322995185852
NighttimeFlare/train/0680.png,-0.05502679944038391,0.3863104581832886
NighttimeFlare/train/0886.png,0.09368152916431427,0.4287998080253601
NighttimeFlare/train/0425.png,0.16342908143997192,0.3298441767692566
NighttimeFlare/train/0984.png,0.07667209208011627,0.15007126331329346
NighttimeFlare/train/0524.png,0.022121300920844078,0.09192457050085068
NighttimeFlare/train/0175.png,0.06621841341257095,0.27177828550338745
NighttimeFlare/train/0497.png,0.033944353461265564,0.19122986495494843
NighttimeFlare/train/0598.png,-0.0011964214500039816,0.4804742932319641
NighttimeFlare/train/0951.png,0.07490992546081543,0.5786083936691284
NighttimeFlare/train/0811.png,-0.07973679155111313,0.20400464534759521
NighttimeFlare/train/0520.png,0.05018163472414017,0.5641900897026062
NighttimeFlare/train/0282.png,-0.004347326699644327,0.4903266429901123
NighttimeFlare/train/0651.png,-0.11951852589845657,0.4014202952384949
NighttimeFlare/train/0787.png,-0.07229107618331909,0.19969674944877625
NighttimeFlare/train/0018.png,0.09735545516014099,0.27579158544540405
NighttimeFlare/train/0385.png,0.05861680582165718,0.4118501842021942
NighttimeFlare/train/0500.png,0.06446047127246857,0.15572990477085114
NighttimeFlare/train/0783.png,-0.058653391897678375,0.17674580216407776
NighttimeFlare/train/0068.png,0.10645687580108643,0.341409832239151
NighttimeFlare/train/0830.png,0.16495490074157715,0.32276034355163574
NighttimeFlare/train/0998.png,0.19236700236797333,0.46220889687538147
NighttimeFlare/train/0899.png,0.038576267659664154,0.23099668323993683
NighttimeFlare/train/0698.png,0.023110918700695038,0.1977333426475525
NighttimeFlare/train/0606.png,0.14498308300971985,0.4611475467681885
NighttimeFlare/train/0812.png,0.12153258174657822,0.33914676308631897
NighttimeFlare/train/0997.png,-0.04617631435394287,0.17702776193618774
NighttimeFlare/train/0087.png,-0.10026605427265167,0.22079606354236603
NighttimeFlare/train/0138.png,-0.029644351452589035,0.16441455483436584
NighttimeFlare/train/0567.png,0.03610849380493164,0.1542314738035202
NighttimeFlare/train/0408.png,0.01201330590993166,0.11873404681682587
NighttimeFlare/train/0528.png,0.05877489224076271,0.16180342435836792
NighttimeFlare/train/0543.png,-0.029578307643532753,0.42312008142471313
NighttimeFlare/train/0431.png,0.02793814055621624,0.4840472340583801
NighttimeFlare/train/0954.png,0.15293970704078674,0.3604485094547272
NighttimeFlare/train/0471.png,-0.010278658010065556,0.20851892232894897
NighttimeFlare/train/0585.png,0.05346231162548065,0.34048423171043396
NighttimeFlare/train/0279.png,0.1032181829214096,0.4654441475868225
NighttimeFlare/train/0537.png,-0.05206666141748428,0.2844211459159851
NighttimeFlare/train/0094.png,-0.005019418895244598,0.12499536573886871
NighttimeFlare/train/0733.png,-0.07162672281265259,0.040543362498283386
NighttimeFlare/train/0586.png,0.07513810694217682,0.43591952323913574
NighttimeFlare/train/0335.png,0.08807682245969772,0.4556155204772949
NighttimeFlare/train/0155.png,0.08236315846443176,0.35447996854782104
NighttimeFlare/train/0100.png,0.0006355353398248553,0.045441824942827225
NighttimeFlare/train/0197.png,0.07678510248661041,0.3275656998157501
NighttimeFlare/train/0121.png,0.04687708616256714,0.22697994112968445
NighttimeFlare/train/0002.png,0.13500165939331055,0.34873634576797485
NighttimeFlare/train/0473.png,0.12160180509090424,0.2389022707939148
NighttimeFlare/train/0243.png,0.024858485907316208,0.08228804171085358
NighttimeFlare/train/0832.png,0.046018388122320175,0.1304493397474289
NighttimeFlare/train/0842.png,0.11629348993301392,0.31446540355682373
NighttimeFlare/train/0700.png,0.015466641634702682,0.19361215829849243
NighttimeFlare/train/0484.png,0.1503986269235611,0.32952457666397095
NighttimeFlare/train/0533.png,0.008122297935187817,0.3544143736362457
NighttimeFlare/train/0465.png,0.0066816918551921844,0.17664065957069397
NighttimeFlare/train/0728.png,0.03669574856758118,0.18681874871253967
NighttimeFlare/train/0616.png,0.07165675610303879,0.2731572985649109
NighttimeFlare/train/0481.png,0.07237502932548523,0.2759368419647217
NighttimeFlare/train/0008.png,0.03984738886356354,0.08700163662433624
NighttimeFlare/train/0657.png,0.09748724102973938,0.19589996337890625
NighttimeFlare/train/0064.png,0.019654739648103714,0.11172963678836823
NighttimeFlare/train/0245.png,-0.03493412956595421,0.3097950220108032
NighttimeFlare/train/0610.png,-0.08059008419513702,0.3891327381134033
NighttimeFlare/train/0085.png,0.21613125503063202,0.38700956106185913
NighttimeFlare/train/0785.png,0.08174784481525421,0.3158603012561798
NighttimeFlare/train/0882.png,0.08601032197475433,0.36121729016304016
NighttimeFlare/train/0430.png,0.1622798591852188,0.2916995584964752
NighttimeFlare/train/0278.png,-0.02443452924489975,0.511489987373352
NighttimeFlare/train/0894.png,0.13071218132972717,0.2860301733016968
NighttimeFlare/train/0256.png,0.16662919521331787,0.307633638381958
NighttimeFlare/train/0347.png,0.10478770732879639,0.47572270035743713
NighttimeFlare/train/0061.png,0.0031625796109437943,0.43782734870910645
NighttimeFlare/train/0746.png,0.05726926028728485,0.25552529096603394
NighttimeFlare/train/0381.png,0.032536379992961884,0.2025427669286728
NighttimeFlare/train/0764.png,0.0976731926202774,0.19178403913974762
NighttimeFlare/train/0216.png,-0.040717869997024536,0.17734581232070923
NighttimeFlare/train/0509.png,-0.026085607707500458,0.18488310277462006
NighttimeFlare/train/0791.png,0.03010377660393715,0.1808529645204544
NighttimeFlare/train/0149.png,0.09063787758350372,0.34715723991394043
NighttimeFlare/train/0626.png,0.07496494054794312,0.46618905663490295
NighttimeFlare/train/0182.png,-0.02502027153968811,0.04326866567134857
NighttimeFlare/train/0860.png,0.09452465176582336,0.22629737854003906
NighttimeFlare/train/0863.png,-0.11999741941690445,0.18611495196819305
NighttimeFlare/train/0324.png,0.10698509216308594,0.43413281440734863
NighttimeFlare/train/0215.png,0.08080213516950607,0.19561335444450378
NighttimeFlare/train/0896.png,0.029248472303152084,0.4825308322906494
NighttimeFlare/train/0040.png,0.10154813528060913,0.17747727036476135
NighttimeFlare/train/0900.png,0.06158548220992088,0.21522781252861023
NighttimeFlare/train/0389.png,0.1273016333580017,0.45733651518821716
NighttimeFlare/train/0247.png,0.011770573444664478,0.0896439403295517
NighttimeFlare/train/0810.png,0.04841006547212601,0.28896278142929077
NighttimeFlare/train/0750.png,0.0778685137629509,0.20398861169815063
NighttimeFlare/train/0630.png,0.07228358089923859,0.2580379247665405
NighttimeFlare/train/0093.png,-0.2190553843975067,0.36638298630714417
NighttimeFlare/train/0377.png,0.10255636274814606,0.46044600009918213
NighttimeFlare/train/0774.png,0.16121983528137207,0.24381187558174133
NighttimeFlare/train/0190.png,0.004417854826897383,0.20245282351970673
NighttimeFlare/train/0028.png,0.08159386366605759,0.15053778886795044
NighttimeFlare/train/0582.png,0.0177606251090765,0.07527506351470947
NighttimeFlare/train/0605.png,0.07402001321315765,0.2846798300743103
NighttimeFlare/train/0400.png,0.0844617709517479,0.40908026695251465
NighttimeFlare/train/0505.png,0.0359070859849453,0.218956857919693
NighttimeFlare/train/0436.png,0.040068741887807846,0.275875449180603
NighttimeFlare/train/0878.png,0.039891283959150314,0.1681460291147232
NighttimeFlare/train/0912.png,0.022951640188694,0.20363935828208923
NighttimeFlare/train/0741.png,-0.018775463104248047,0.146071195602417
NighttimeFlare/train/0547.png,-0.030653340741991997,0.32404083013534546
NighttimeFlare/train/0664.png,0.15064680576324463,0.3518899977207184
NighttimeFlare/train/0415.png,0.09857185184955597,0.6084670424461365
NighttimeFlare/train/0081.png,-0.01910104602575302,0.4013572335243225
NighttimeFlare/train/0820.png,0.03749397024512291,0.5211282968521118
NighttimeFlare/train/0691.png,0.10141609609127045,0.26950395107269287
NighttimeFlare/train/0580.png,0.01436176709830761,0.2048673778772354
NighttimeFlare/train/0063.png,0.031123066321015358,0.4096538722515106
NighttimeFlare/train/0423.png,-0.13637766242027283,0.2303016632795334
NighttimeFlare/train/0579.png,0.06404435634613037,0.38408219814300537
NighttimeFlare/train/0993.png,0.09678627550601959,0.2166241705417633
NighttimeFlare/train/0692.png,0.10163672268390656,0.22474601864814758
NighttimeFlare/train/0160.png,0.07485967129468918,0.33935579657554626
NighttimeFlare/train/0762.png,0.05697719752788544,0.18758654594421387
NighttimeFlare/train/0102.png,0.03815312683582306,0.2443942129611969
NighttimeFlare/train/0937.png,0.03875154256820679,0.059023577719926834
NighttimeFlare/train/0057.png,-0.0522407703101635,0.172035351395607
NighttimeFlare/train/0092.png,-0.0028802065644413233,0.21861198544502258
NighttimeFlare/train/0794.png,-0.042931511998176575,0.30106639862060547
NighttimeFlare/train/0186.png,0.11987807601690292,0.3055560886859894
NighttimeFlare/train/0815.png,0.18536882102489471,0.3035290837287903
NighttimeFlare/train/0191.png,0.01106538251042366,0.1461285948753357
NighttimeFlare/train/0343.png,0.1615588366985321,0.33891406655311584
NighttimeFlare/train/0019.png,0.03783223032951355,0.06961540132761002
NighttimeFlare/train/0354.png,0.1353071928024292,0.28750255703926086
NighttimeFlare/train/0449.png,0.07990093529224396,0.2174226939678192
NighttimeFlare/train/0356.png,0.0497976653277874,0.25174200534820557
NighttimeFlare/train/0818.png,0.08568724244832993,0.21166953444480896
NighttimeFlare/train/0614.png,0.05397012084722519,0.25868290662765503
NighttimeFlare/train/0366.png,0.04201057553291321,0.1419364959001541
NighttimeFlare/train/0642.png,-0.018224425613880157,0.50687575340271
NighttimeFlare/train/0758.png,0.01898689568042755,0.037618085741996765
NighttimeFlare/train/0300.png,-0.046246252954006195,0.4430938959121704
NighttimeFlare/train/0289.png,0.1406032145023346,0.396396666765213
NighttimeFlare/train/0542.png,0.0991426557302475,0.17697599530220032
NighttimeFlare/train/0172.png,0.20876353979110718,0.5391780138015747
NighttimeFlare/train/0927.png,0.0005705406656488776,0.15787865221500397
NighttimeFlare/train/0135.png,0.24565397202968597,0.5796521902084351
NighttimeFlare/train/0678.png,-0.010320104658603668,0.22190643846988678
NighttimeFlare/train/0716.png,0.04817172884941101,0.26054176688194275
NighttimeFlare/train/0909.png,0.05646572262048721,0.16836488246917725
NighttimeFlare/train/0747.png,-0.07245626300573349,0.42492586374282837
NighttimeFlare/train/0107.png,0.04474000632762909,0.19291570782661438
NighttimeFlare/train/0679.png,0.13345864415168762,0.44918668270111084
NighttimeFlare/train/0240.png,0.03300071507692337,0.10624554008245468
NighttimeFlare/train/0504.png,0.0745788961648941,0.47884857654571533
NighttimeFlare/train/0027.png,0.11872339248657227,0.3367879390716553
NighttimeFlare/train/0639.png,0.07045184075832367,0.1407286524772644
NighttimeFlare/train/0204.png,0.02809838578104973,0.10082283616065979
NighttimeFlare/train/0879.png,0.07572659850120544,0.18346889317035675
NighttimeFlare/train/0404.png,0.006618288345634937,0.19623808562755585
NighttimeFlare/train/0131.png,0.1325860172510147,0.6215276122093201
NighttimeFlare/train/0970.png,-0.03455931693315506,0.3077402114868164
NighttimeFlare/train/0036.png,0.08359764516353607,0.20645509660243988
NighttimeFlare/train/0098.png,0.2116304636001587,0.2698519229888916
NighttimeFlare/train/0943.png,-0.11391652375459671,0.039748091250658035
NighttimeFlare/train/0368.png,0.04913891479372978,0.22840391099452972
NighttimeFlare/train/0615.png,0.035006292164325714,0.06970421969890594
NighttimeFlare/train/0170.png,-0.08668038249015808,0.30558013916015625
NighttimeFlare/train/0777.png,-0.016719069331884384,0.4563913941383362
NighttimeFlare/train/0060.png,0.09785864502191544,0.1837041974067688
NighttimeFlare/train/0097.png,0.09757325053215027,0.35852599143981934
NighttimeFlare/train/0854.png,0.060206376016139984,0.14739547669887543
NighttimeFlare/train/0539.png,0.07368055731058121,0.40947750210762024
NighttimeFlare/train/0851.png,0.09357248246669769,0.2565796375274658
NighttimeFlare/train/0276.png,0.07274811714887619,0.4214979410171509
NighttimeFlare/train/0957.png,-0.013902606442570686,0.133687824010849
NighttimeFlare/train/0112.png,0.09108497202396393,0.2954360246658325
NighttimeFlare/train/0869.png,0.001942784758284688,0.34712040424346924
NighttimeFlare/train/0531.png,0.041843231767416,0.5071732997894287
NighttimeFlare/train/0200.png,0.09305821359157562,0.21379801630973816
NighttimeFlare/train/0145.png,0.11106860637664795,0.3962348699569702
NighttimeFlare/train/0701.png,0.033872976899147034,0.3061196804046631
NighttimeFlare/train/0922.png,0.04799558222293854,0.2996443808078766
NighttimeFlare/train/0376.png,0.047296468168497086,0.19455522298812866
NighttimeFlare/train/0955.png,0.01666196435689926,0.3642420172691345
NighttimeFlare/train/0435.png,-0.030075132846832275,0.2835947871208191
NighttimeFlare/train/0953.png,0.04536740481853485,0.173704594373703
NighttimeFlare/train/0399.png,0.13358601927757263,0.41973304748535156
NighttimeFlare/train/0463.png,0.04011356830596924,0.11465885490179062
NighttimeFlare/train/0485.png,0.02282588928937912,0.22565039992332458
NighttimeFlare/train/0482.png,0.10604071617126465,0.2827162742614746
NighttimeFlare/train/0177.png,0.2706769108772278,0.36425450444221497
NighttimeFlare/train/0159.png,0.10191480815410614,0.39226973056793213
NighttimeFlare/train/0769.png,0.0323944166302681,0.2297644317150116
NighttimeFlare/train/0361.png,0.09575942158699036,0.46434444189071655
NighttimeFlare/train/0888.png,5.130330100655556e-05,0.4052063822746277
NighttimeFlare/train/0942.png,0.03719998151063919,0.13403190672397614
NighttimeFlare/train/0549.png,0.04223823919892311,0.1054997593164444
NighttimeFlare/train/0357.png,0.05026673153042793,0.17886489629745483
NighttimeFlare/train/0935.png,0.017017900943756104,0.21147572994232178
NighttimeFlare/train/0565.png,0.14100053906440735,0.30857014656066895
NighttimeFlare/train/0422.png,0.15073537826538086,0.3731575906276703
NighttimeFlare/train/0891.png,-0.033058665692806244,0.1944027543067932
NighttimeFlare/train/0364.png,0.1184193566441536,0.4530809223651886
NighttimeFlare/train/0302.png,0.02851574495434761,0.4452659487724304
NighttimeFlare/train/0848.png,-0.04609871283173561,0.2483145296573639
NighttimeFlare/train/0637.png,0.076650470495224,0.34415876865386963
NighttimeFlare/train/0129.png,-0.022981051355600357,0.22734126448631287
NighttimeFlare/train/0380.png,0.003719836240634322,0.07842288911342621
NighttimeFlare/train/0493.png,0.02563878893852234,0.22501076757907867
NighttimeFlare/train/0831.png,0.13775798678398132,0.2606135308742523
NighttimeFlare/train/0188.png,0.06343342363834381,0.16617095470428467
NighttimeFlare/train/0502.png,0.13380193710327148,0.25003349781036377
NighttimeFlare/train/0930.png,0.04532535374164581,0.17860937118530273
NighttimeFlare/train/0260.png,0.05094215273857117,0.09416237473487854
NighttimeFlare/train/0080.png,0.015441684052348137,0.2815983295440674
NighttimeFlare/train/0757.png,4.191999323666096e-05,0.3457132577896118
NighttimeFlare/train/0564.png,0.10037705302238464,0.2152591496706009
NighttimeFlare/train/0268.png,-0.02690207213163376,0.2549826502799988
NighttimeFlare/train/0668.png,0.07577651739120483,0.3370231091976166
NighttimeFlare/train/0625.png,-0.009373126551508904,0.3263365626335144
NighttimeFlare/train/0659.png,0.09592927247285843,0.3824971914291382
NighttimeFlare/train/0877.png,0.05650045722723007,0.36336153745651245
NighttimeFlare/train/0859.png,0.03626785799860954,0.09703196585178375
NighttimeFlare/train/0308.png,0.13834533095359802,0.2678203880786896
NighttimeFlare/train/0407.png,-0.16517072916030884,0.14080864191055298
NighttimeFlare/train/0638.png,-0.03151527792215347,0.12326069921255112
NighttimeFlare/train/0674.png,0.11159977316856384,0.3783382773399353
NighttimeFlare/train/0850.png,-0.017038432881236076,0.3894650638103485
NighttimeFlare/train/0362.png,0.13154014945030212,0.48371225595474243
NighttimeFlare/train/0744.png,-0.09926138818264008,0.4033600389957428
NighttimeFlare/train/0723.png,0.09276501834392548,0.29324501752853394
NighttimeFlare/train/0184.png,0.056664176285266876,0.32165923714637756
NighttimeFlare/train/0104.png,-0.11617515981197357,0.07901699095964432
NighttimeFlare/train/0873.png,0.034666985273361206,0.0735396146774292
NighttimeFlare/train/0730.png,0.09772250056266785,0.3124917149543762
NighttimeFlare/train/0277.png,0.059309087693691254,0.2508247494697571
NighttimeFlare/train/0952.png,-0.03865339607000351,0.2512834668159485
NighttimeFlare/train/0932.png,-0.19691655039787292,0.44653409719467163
NighttimeFlare/train/0977.png,0.07827164977788925,0.29957646131515503
NighttimeFlare/train/0089.png,-0.024659976363182068,0.23263229429721832
NighttimeFlare/train/0009.png,0.017036300152540207,0.13959607481956482
NighttimeFlare/train/0635.png,0.007352979853749275,0.19861486554145813
NighttimeFlare/train/0658.png,0.07860523462295532,0.23729869723320007
NighttimeFlare/train/0250.png,-0.06176448613405228,0.19044505059719086
NighttimeFlare/train/0429.png,-0.09340070188045502,0.2791840136051178
NighttimeFlare/train/0526.png,0.04287232086062431,0.33866655826568604
NighttimeFlare/train/0346.png,0.11040447652339935,0.22956252098083496
NighttimeFlare/train/0269.png,-0.007548141293227673,0.2766547203063965
NighttimeFlare/train/0906.png,0.2296304851770401,0.37358662486076355
NighttimeFlare/train/0287.png,-0.08132071793079376,0.1418701410293579
NighttimeFlare/train/0653.png,0.0547342374920845,0.1810450553894043
NighttimeFlare/train/0382.png,0.015726925805211067,0.08032360672950745
NighttimeFlare/train/0312.png,0.1276368796825409,0.6302978992462158
NighttimeFlare/train/0663.png,-0.03786366060376167,0.26246553659439087
NighttimeFlare/train/0745.png,0.13087035715579987,0.42698466777801514
NighttimeFlare/train/0845.png,0.1257527619600296,0.3540419936180115
NighttimeFlare/train/0916.png,-0.028917327523231506,0.04104091227054596
NighttimeFlare/train/0281.png,-0.03646160662174225,0.28421586751937866
NighttimeFlare/train/0781.png,0.02996063232421875,0.14599379897117615
NighttimeFlare/train/0962.png,0.06443528831005096,0.16638866066932678
NighttimeFlare/train/0660.png,0.10376415401697159,0.44846731424331665
NighttimeFlare/train/0503.png,-0.09854306280612946,0.32750949263572693
NighttimeFlare/train/0338.png,0.030062127858400345,0.341180682182312
NighttimeFlare/train/0387.png,0.14219294488430023,0.3418477773666382
NighttimeFlare/train/0416.png,0.02597351372241974,0.06333796679973602
NighttimeFlare/train/0729.png,-0.015915030613541603,0.1284540742635727
NighttimeFlare/train/0946.png,0.06886237859725952,0.16615372896194458
NighttimeFlare/train/0641.png,0.026759404689073563,0.11831484735012054
NighttimeFlare/train/0398.png,0.12730056047439575,0.2758098542690277
NighttimeFlare/train/0383.png,0.018323151394724846,0.17660197615623474
NighttimeFlare/train/0173.png,0.005659308284521103,0.18209576606750488
NighttimeFlare/train/0164.png,-0.013099558651447296,0.2675580084323883
NighttimeFlare/train/0219.png,0.07348177582025528,0.47536736726760864
NighttimeFlare/train/0601.png,-0.02166604995727539,0.22753620147705078
NighttimeFlare/train/0168.png,0.0344448983669281,0.2581620216369629
NighttimeFlare/train/0720.png,0.011002052575349808,0.4414234757423401
NighttimeFlare/train/0264.png,0.05576704069972038,0.20918671786785126
NighttimeFlare/train/0924.png,0.061329614371061325,0.4336603581905365
NighttimeFlare/train/0026.png,0.016085898503661156,0.25005146861076355
NighttimeFlare/train/0059.png,0.06458927690982819,0.24786889553070068
NighttimeFlare/train/0789.png,0.07924596965312958,0.5132471323013306
NighttimeFlare/train/0158.png,0.0029442771337926388,0.10016442835330963
NighttimeFlare/train/0211.png,0.025731079280376434,0.19031333923339844
NighttimeFlare/train/0227.png,0.1574939340353012,0.4454026222229004
NighttimeFlare/train/0963.png,0.046553321182727814,0.34341004490852356
NighttimeFlare/train/0551.png,-0.1378730684518814,0.16575248539447784
NighttimeFlare/train/0934.png,0.08208676427602768,0.12596814334392548
NighttimeFlare/train/0782.png,0.017882613465189934,0.03154761344194412
NighttimeFlare/train/0015.png,0.02603844553232193,0.12670357525348663
NighttimeFlare/train/0938.png,0.06645409017801285,0.20019444823265076
NighttimeFlare/train/0861.png,0.06342815607786179,0.34901952743530273
NighttimeFlare/train/0578.png,0.053206492215394974,0.18486890196800232
NighttimeFlare/train/0062.png,0.03552556037902832,0.5360007286071777
NighttimeFlare/train/0306.png,-0.005134210456162691,0.11434318125247955
NighttimeFlare/train/0571.png,0.008409107103943825,0.07858555018901825
NighttimeFlare/train/0222.png,0.02333293855190277,0.11440964043140411
NighttimeFlare/train/0544.png,0.09040135145187378,0.5024780035018921
NighttimeFlare/train/0575.png,0.10997525602579117,0.21219797432422638
MotionBlur/test/173.png,0.039094939827919006,0.0644732415676117
MotionBlur/test/48.png,0.10398441553115845,0.4031076431274414
MotionBlur/test/163 (1).png,0.035954855382442474,0.14097438752651215
MotionBlur/test/159 (1).png,0.029683895409107208,0.04885648190975189
MotionBlur/test/61.png,0.024489399045705795,0.0738804042339325
MotionBlur/test/37.png,0.13669869303703308,0.23573237657546997
MotionBlur/test/148.png,0.15228945016860962,0.6781249642372131
MotionBlur/test/35.png,0.02532736398279667,0.0444907508790493
MotionBlur/test/177.png,0.09156317263841629,0.24723884463310242
MotionBlur/test/142.png,0.265724241733551,0.5534818172454834
MotionBlur/test/104.png,0.052022017538547516,0.12438005208969116
MotionBlur/test/133.png,0.07200884819030762,0.11104996502399445
MotionBlur/test/70.png,0.009968291968107224,0.01703912392258644
MotionBlur/test/162.png,0.03484966233372688,0.07481877505779266
MotionBlur/test/186.png,0.015867237001657486,0.04019171744585037
MotionBlur/test/73.png,0.020635155960917473,0.15082818269729614
MotionBlur/test/92.png,0.030951865017414093,0.07629254460334778
MotionBlur/test/153.png,0.09313403069972992,0.3414335548877716
MotionBlur/test/157 (1).png,0.008895576000213623,0.14303669333457947
MotionBlur/test/167.png,0.030144913122057915,0.04711667820811272
MotionBlur/test/75.png,0.08695539087057114,0.16925986111164093
MotionBlur/test/89.png,0.05186861753463745,0.0941699743270874
MotionBlur/test/158 (1).png,0.08523767441511154,0.22437500953674316
MotionBlur/test/164.png,0.04361087456345558,0.23930713534355164
MotionBlur/test/11.png,0.029756899923086166,0.09936200082302094
MotionBlur/test/114.png,0.009502384811639786,0.01598235033452511
MotionBlur/test/185.png,0.025439366698265076,0.0666000097990036
MotionBlur/test/176.png,0.037487711757421494,0.07535280287265778
MotionBlur/test/95.png,0.09503243863582611,0.16568222641944885
MotionBlur/test/97.png,0.05192273482680321,0.13727979362010956
MotionBlur/test/124.png,0.20757490396499634,0.49714046716690063
MotionBlur/test/119.png,0.06326700747013092,0.10684268176555634
MotionBlur/test/100.png,0.021629149094223976,0.04361691325902939
MotionBlur/test/76.png,0.021359942853450775,0.06727452576160431
MotionBlur/test/193.png,0.05317690968513489,0.14408084750175476
MotionBlur/test/191.png,0.025333071127533913,0.5334977507591248
MotionBlur/test/163.png,0.035954855382442474,0.14097438752651215
MotionBlur/test/31.png,0.04043792933225632,0.15871334075927734
MotionBlur/test/138.png,0.06324972212314606,0.13234269618988037
MotionBlur/test/4.png,0.14352810382843018,0.2897961139678955
MotionBlur/test/192.png,0.025401143357157707,0.0468900091946125
MotionBlur/test/43.png,0.022915862500667572,0.10928836464881897
MotionBlur/test/129.png,0.02879537269473076,0.1466275453567505
MotionBlur/test/171.png,0.03072531148791313,0.053030483424663544
MotionBlur/test/145.png,0.019670922309160233,0.032033346593379974
MotionBlur/test/40.png,0.028200853615999222,0.08140720427036285
MotionBlur/test/197.png,0.008591674268245697,0.08376587182283401
MotionBlur/test/33.png,0.03349507600069046,0.06798380613327026
MotionBlur/test/126.png,0.06075722724199295,0.11935919523239136
MotionBlur/test/147.png,0.016549937427043915,0.04159066081047058
MotionBlur/test/85.png,0.04610860347747803,0.6449860334396362
MotionBlur/test/9.png,0.03863557055592537,0.06878238916397095
MotionBlur/test/102.png,0.046304184943437576,0.1007775068283081
MotionBlur/test/94.jpg,0.3109104633331299,0.4289204776287079
MotionBlur/test/168.png,0.055973269045352936,0.08714192360639572
MotionBlur/test/200.png,0.015807414427399635,0.10059648007154465
MotionBlur/test/167 (1).png,0.030144913122057915,0.04711667820811272
MotionBlur/test/56.png,0.03958236426115036,0.07401205599308014
MotionBlur/test/116.png,0.051997844129800797,0.12327954173088074
MotionBlur/test/80.png,0.08728847652673721,0.32504427433013916
MotionBlur/test/55.png,0.02246607095003128,0.053321436047554016
MotionBlur/test/130.png,0.026547975838184357,0.15879741311073303
MotionBlur/test/50.png,0.06036761403083801,0.19057323038578033
MotionBlur/test/199.png,0.17247748374938965,0.5514041185379028
MotionBlur/test/112.png,0.044123440980911255,0.09612362086772919
MotionBlur/test/49.png,0.0353286974132061,0.09616409242153168
MotionBlur/test/93.png,0.016507640480995178,0.09269032627344131
MotionBlur/test/150.png,0.0656222254037857,0.1177968829870224
MotionBlur/test/113.png,0.245390385389328,0.6433796882629395
MotionBlur/test/59.png,0.10203711688518524,0.1628216803073883
MotionBlur/test/169.png,0.14641445875167847,0.21919938921928406
MotionBlur/test/170.png,0.12779687345027924,0.2665479779243469
MotionBlur/test/194.png,0.028960421681404114,0.07036440819501877
MotionBlur/test/136.png,0.032008346170186996,0.29073768854141235
MotionBlur/test/198.png,0.05381021276116371,0.0917426347732544
MotionBlur/test/14.png,0.03070901706814766,0.060489509254693985
MotionBlur/test/65.png,0.02700132131576538,0.048419371247291565
MotionBlur/test/161.png,0.06717957556247711,0.1986217200756073
MotionBlur/test/1.png,0.16565783321857452,0.5115094184875488
MotionBlur/test/108.png,0.03200235962867737,0.059964619576931
MotionBlur/test/39.png,0.0644254982471466,0.20760729908943176
MotionBlur/test/132.png,-0.03490886837244034,0.4096032977104187
MotionBlur/test/156.png,0.0653790831565857,0.10703429579734802
MotionBlur/test/107.png,0.040022216737270355,0.2185756266117096
MotionBlur/test/20.png,0.06636521220207214,0.28152334690093994
MotionBlur/test/181.png,0.11219939589500427,0.16398563981056213
MotionBlur/test/83.png,0.041257500648498535,0.07516783475875854
MotionBlur/test/38.png,0.012117204256355762,0.034533750265836716
MotionBlur/test/151.png,0.0432126522064209,0.1333290934562683
MotionBlur/test/2.png,0.04909760504961014,0.08980000019073486
MotionBlur/test/10.png,0.16320551931858063,0.20213109254837036
MotionBlur/test/82.png,0.036013275384902954,0.05031776428222656
MotionBlur/test/174.png,0.03521239385008812,0.06086885184049606
MotionBlur/test/131.png,0.028711672872304916,0.11461695283651352
MotionBlur/test/36.png,0.021809302270412445,0.041647810488939285
MotionBlur/test/157.png,0.008895576000213623,0.14303669333457947
MotionBlur/test/182.png,0.03226953744888306,0.07882200181484222
MotionBlur/test/143.png,0.03104560077190399,0.12808993458747864
MotionBlur/test/152.png,0.04646474868059158,0.10051196813583374
MotionBlur/test/137.png,0.034983329474925995,0.05662287026643753
MotionBlur/test/81.png,0.07270774245262146,0.15176483988761902
MotionBlur/test/66.png,0.06338347494602203,0.10269466042518616
MotionBlur/test/58.png,0.054684996604919434,0.10612049698829651
MotionBlur/test/122.png,0.14993199706077576,0.605606198310852
MotionBlur/test/187.png,0.20805099606513977,0.5124349594116211
MotionBlur/test/106.png,0.03923962637782097,0.05418673902750015
MotionBlur/test/117.png,0.09696721285581589,0.2274770736694336
MotionBlur/test/166.png,0.18555480241775513,0.36401674151420593
MotionBlur/test/18.png,0.059112127870321274,0.08783547580242157
MotionBlur/test/63.png,0.018823660910129547,0.048565976321697235
MotionBlur/test/161 (1).png,0.06717957556247711,0.1986217200756073
MotionBlur/test/21.png,0.0502704419195652,0.10235008597373962
MotionBlur/test/12.png,0.0297103114426136,0.05574905127286911
MotionBlur/test/98.png,0.027556004002690315,0.06262192130088806
MotionBlur/test/127.png,0.0054881880059838295,0.11175205558538437
MotionBlur/test/184.png,0.02252121828496456,0.1283946931362152
MotionBlur/test/28.png,0.02124737575650215,0.02900952659547329
MotionBlur/test/190.png,0.07338090240955353,0.20754048228263855
MotionBlur/test/165.png,0.029956500977277756,0.07530055195093155
MotionBlur/test/22.png,0.19535797834396362,0.3967730402946472
MotionBlur/test/67.png,0.06234080344438553,0.12262555211782455
MotionBlur/test/96.png,0.3063291907310486,0.5692579746246338
MotionBlur/test/34.png,0.057991985231637955,0.19253988564014435
MotionBlur/test/41.png,0.1543743908405304,0.4354260563850403
MotionBlur/test/159.png,0.029683895409107208,0.04885648190975189
MotionBlur/test/195.png,0.07345165312290192,0.19217944145202637
MotionBlur/test/170 (1).png,0.12779687345027924,0.2665479779243469
MotionBlur/test/105.png,0.02481471747159958,0.0464518666267395
MotionBlur/test/125.png,0.01622665673494339,0.0498620867729187
MotionBlur/test/121.png,0.012199138291180134,0.1588536649942398
MotionBlur/test/17 (1).png,0.05341876670718193,0.1223636195063591
MotionBlur/test/69.png,0.054597221314907074,0.09075015038251877
MotionBlur/test/146.png,0.1436496078968048,0.5533663034439087
MotionBlur/test/154.png,0.05339941382408142,0.2699700891971588
MotionBlur/test/7.png,0.1902133822441101,0.4188893139362335
MotionBlur/test/188.png,0.09321849048137665,0.19082669913768768
MotionBlur/test/160 (1).png,0.04900795966386795,0.19612649083137512
MotionBlur/test/86.png,0.051539573818445206,0.1675260215997696
MotionBlur/test/77.png,0.14631590247154236,0.45978960394859314
MotionBlur/test/29.png,0.1142335906624794,0.172069251537323
MotionBlur/test/103.png,0.08576842397451401,0.4832763075828552
MotionBlur/test/72.png,0.048913098871707916,0.12447149306535721
MotionBlur/test/144.png,0.07832049578428268,0.20561020076274872
MotionBlur/test/109.png,0.03854208067059517,0.06544260680675507
MotionBlur/test/71.png,0.011191578581929207,0.05895974859595299
MotionBlur/test/74.png,0.0832454115152359,0.21138468384742737
MotionBlur/test/120.png,0.018051745370030403,0.056759707629680634
MotionBlur/test/118.png,0.03229144960641861,0.053650327026844025
MotionBlur/test/17.png,0.05341876670718193,0.1223636195063591
MotionBlur/test/53.png,0.039462700486183167,0.12533436715602875
MotionBlur/test/196.png,0.025541676208376884,0.0564630925655365
MotionBlur/test/179.png,0.12447477132081985,0.20281749963760376
MotionBlur/test/178.png,0.3039882481098175,0.5968394875526428
MotionBlur/test/160.png,0.04900795966386795,0.19612649083137512
MotionBlur/test/162 (1).png,0.03484966233372688,0.07481877505779266
MotionBlur/test/140.png,0.025353040546178818,0.09131280332803726
MotionBlur/test/52.png,0.05097110569477081,0.07809890806674957
MotionBlur/test/5.png,0.034865785390138626,0.05932558327913284
MotionBlur/test/139.png,0.02870522066950798,0.06389804929494858
MotionBlur/test/3.png,0.07574329525232315,0.17045800387859344
MotionBlur/test/172.png,0.08353571593761444,0.23177547752857208
MotionBlur/test/64.png,0.06983831524848938,0.21270883083343506
MotionBlur/test/16.png,0.12099553644657135,0.21148885786533356
MotionBlur/test/8.png,0.023736072704195976,0.0597749724984169
MotionBlur/test/45.png,0.03961212933063507,0.06515108793973923
MotionBlur/test/24.png,0.04600606858730316,0.11583977937698364
MotionBlur/test/32.png,0.0329996682703495,0.1154341846704483
MotionBlur/test/88.png,0.0603724904358387,0.08229513466358185
MotionBlur/test/115.png,0.17916470766067505,0.4996669292449951
MotionBlur/test/128.png,0.25037628412246704,0.3516833186149597
MotionBlur/test/158.png,0.08523767441511154,0.22437500953674316
MotionBlur/test/6.png,0.05295572802424431,0.0945097804069519
MotionBlur/test/23.png,0.05543714761734009,0.32078585028648376
MotionBlur/test/87.png,0.021245349198579788,0.03704120218753815
MotionBlur/test/51.png,0.01420391071587801,0.023717917501926422
MotionBlur/test/101.png,0.05738423019647598,0.12399772554636002
MotionBlur/test/135.png,0.03712408244609833,0.06626582145690918
MotionBlur/test/123.png,0.0365605428814888,0.07438914477825165
MotionBlur/test/91.png,0.024791080504655838,0.04374151676893234
MotionBlur/test/44.png,0.049350012093782425,0.11503160744905472
MotionBlur/test/189.png,0.12493571639060974,0.1888086497783661
MotionBlur/test/68.png,0.029841016978025436,0.07889706641435623
MotionBlur/test/180.png,0.02924787998199463,0.048168912529945374
MotionBlur/test/46.png,0.018485430628061295,0.038142673671245575
MotionBlur/test/57.png,0.08184536546468735,0.12644344568252563
MotionBlur/test/84.png,0.07379776239395142,0.1792341023683548
MotionBlur/test/15.png,0.01754295639693737,0.05665971338748932
MotionBlur/test/183.png,0.04745856672525406,0.10691159218549728
MotionBlur/test/30.png,0.16863907873630524,0.40053337812423706
MotionBlur/test/60.png,0.04737215116620064,0.14556151628494263
MotionBlur/test/99.png,0.05713998153805733,0.18230369687080383
MotionBlur/test/155.png,0.07466606795787811,0.15857182443141937
MotionBlur/test/27.png,0.1900823712348938,0.4962719678878784
MotionBlur/test/78.png,0.08682519197463989,0.17317858338356018
MotionBlur/test/47.png,0.10930851101875305,0.5490453839302063
MotionBlur/test/149.png,0.03189603611826897,0.0565631128847599
MotionBlur/test/13.png,0.09562098234891891,0.2758297622203827
MotionBlur/test/134.png,0.06599242240190506,0.0887904241681099
MotionBlur/test/25.png,0.1379096508026123,0.2775186002254486
MotionBlur/test/54.png,0.03491091728210449,0.06985314190387726
MotionBlur/test/111.png,0.037928156554698944,0.10409435629844666
MotionBlur/test/62.png,0.032415203750133514,0.0510951429605484
MotionBlur/test/141.png,0.042821794748306274,0.09373556077480316
MotionBlur/test/19.png,0.10908907651901245,0.2532033622264862
MotionBlur/test/110.png,0.028312653303146362,0.05820704624056816
MotionBlur/test/26.png,0.0410696417093277,0.06680334359407425
MotionBlur/test/79.png,0.03051147237420082,0.06318102777004242
MotionBlur/test/42.png,0.020155761390924454,0.043874867260456085
MotionBlur/test/175.png,0.015253906138241291,0.0343303419649601
MotionBlur/test/90.jpg,0.2863065004348755,0.5031002163887024
MotionBlur/train/641.png,0.058420341461896896,0.09449056535959244
MotionBlur/train/173.png,0.05395103245973587,0.11087213456630707
MotionBlur/train/491.png,0.03627711907029152,0.07622943818569183
MotionBlur/train/718.png,0.06928907334804535,0.1310751587152481
MotionBlur/train/709.png,0.16508615016937256,0.2632363438606262
MotionBlur/train/379.png,0.04663228243589401,0.06592434644699097
MotionBlur/train/780.png,0.03366312384605408,0.0606464184820652
MotionBlur/train/248.png,0.03241356089711189,0.060647934675216675
MotionBlur/train/94.png,0.048688098788261414,0.08910375833511353
MotionBlur/train/480.png,0.052665699273347855,0.0996326357126236
MotionBlur/train/236.png,0.1221693754196167,0.36418434977531433
MotionBlur/train/771.png,0.2443411648273468,0.6084338426589966
MotionBlur/train/675.png,0.13363191485404968,0.22160980105400085
MotionBlur/train/340.png,0.030709415674209595,0.12574094533920288
MotionBlur/train/48.png,0.13591022789478302,0.27296629548072815
MotionBlur/train/513.png,0.03805495798587799,0.09068357199430466
MotionBlur/train/677.png,0.055658064782619476,0.14016470313072205
MotionBlur/train/350.png,0.042531661689281464,0.06821277737617493
MotionBlur/train/761.png,0.01875666156411171,0.06311332434415817
MotionBlur/train/314.png,0.0185544453561306,0.04591839760541916
MotionBlur/train/655.png,0.01718069240450859,0.0388486385345459
MotionBlur/train/227.png,0.019488446414470673,0.03917171433568001
MotionBlur/train/762.png,0.0699232667684555,0.15031814575195312
MotionBlur/train/726.png,0.02910257875919342,0.12445756047964096
MotionBlur/train/238.png,0.022064728662371635,0.06346075236797333
MotionBlur/train/61.png,0.16574689745903015,0.24816519021987915
MotionBlur/train/377.png,0.04903891310095787,0.16038045287132263
MotionBlur/train/581.png,0.04359649121761322,0.12650905549526215
MotionBlur/train/222.png,0.0023877834901213646,0.16281086206436157
MotionBlur/train/330.png,0.02972698211669922,0.07800077646970749
MotionBlur/train/511.png,0.017491905018687248,0.07556113600730896
MotionBlur/train/579.png,0.01752527430653572,0.02848290652036667
MotionBlur/train/278.png,0.0971674919128418,0.19997671246528625
MotionBlur/train/303.png,0.14309196174144745,0.28900521993637085
MotionBlur/train/37.png,0.0763716772198677,0.2410430610179901
MotionBlur/train/231.png,0.0861961618065834,0.16454735398292542
MotionBlur/train/645.png,0.036552153527736664,0.0847376212477684
MotionBlur/train/348.png,0.03816976398229599,0.07310210168361664
MotionBlur/train/449.png,0.07955829799175262,0.1394437849521637
MotionBlur/train/353.png,0.02962585911154747,0.039181213825941086
MotionBlur/train/621.png,0.043826065957546234,0.09587954729795456
MotionBlur/train/148.png,0.05387554690241814,0.08782327175140381
MotionBlur/train/403.png,0.08149848878383636,0.33927708864212036
MotionBlur/train/352.png,-0.009352067485451698,0.13589397072792053
MotionBlur/train/35.png,0.05204930901527405,0.15899543464183807
MotionBlur/train/232.png,0.14672860503196716,0.19081217050552368
MotionBlur/train/334.png,0.007408308796584606,0.06625933945178986
MotionBlur/train/177.png,0.05710248649120331,0.13832838833332062
MotionBlur/train/142.png,0.045450080186128616,0.0823899358510971
MotionBlur/train/754.png,0.06154951825737953,0.12783588469028473
MotionBlur/train/407.png,0.03546593338251114,0.07769139111042023
MotionBlur/train/104.png,0.03695175051689148,0.10516214370727539
MotionBlur/train/384.png,0.024568308144807816,0.0735817551612854
MotionBlur/train/376.png,0.08939076960086823,0.16834141314029694
MotionBlur/train/543.png,0.08904653042554855,0.23496094346046448
MotionBlur/train/737.png,0.02931835874915123,0.06348495185375214
MotionBlur/train/133.png,0.037463463842868805,0.06898724287748337
MotionBlur/train/70.png,0.08046272397041321,0.166205033659935
MotionBlur/train/162.png,0.027402056381106377,0.21747785806655884
MotionBlur/train/419.png,0.02068503573536873,0.04141775891184807
MotionBlur/train/517.png,0.03757234662771225,0.13128651678562164
MotionBlur/train/398.png,0.05176030099391937,0.12535816431045532
MotionBlur/train/634.png,0.023672686889767647,0.04484185576438904
MotionBlur/train/186.png,0.07837258279323578,0.15415412187576294
MotionBlur/train/778.png,0.02316482923924923,0.03790096193552017
MotionBlur/train/73.png,0.09994861483573914,0.15589839220046997
MotionBlur/train/92.png,0.025198524817824364,0.06543105840682983
MotionBlur/train/542.png,0.0898665338754654,0.34513938426971436
MotionBlur/train/766.png,-0.012149685993790627,0.050224147737026215
MotionBlur/train/315.png,0.04261946678161621,0.12728577852249146
MotionBlur/train/436.png,0.1433945894241333,0.46225452423095703
MotionBlur/train/359.png,-0.034267909824848175,0.15180228650569916
MotionBlur/train/261.png,0.008745426312088966,0.02836102992296219
MotionBlur/train/153.png,0.06228560209274292,0.11307445168495178
MotionBlur/train/167.png,0.05352861434221268,0.13925182819366455
MotionBlur/train/628.png,0.04873182252049446,0.07828149944543839
MotionBlur/train/506.png,0.04989171773195267,0.1261100322008133
MotionBlur/train/441.png,0.05317077040672302,0.1006070151925087
MotionBlur/train/562.png,0.01203477755188942,0.1122848242521286
MotionBlur/train/681.png,0.0165480375289917,0.09304429590702057
MotionBlur/train/204.png,0.016390519216656685,0.0790846198797226
MotionBlur/train/646.png,0.02145286276936531,0.4218960404396057
MotionBlur/train/75.png,0.13907811045646667,0.5104655027389526
MotionBlur/train/296.png,0.07210175693035126,0.17319737374782562
MotionBlur/train/744.png,0.05350206419825554,0.13641208410263062
MotionBlur/train/538.png,0.025002427399158478,0.055964525789022446
MotionBlur/train/651.png,0.04393783211708069,0.16110028326511383
MotionBlur/train/270.png,0.04708138853311539,0.10527881979942322
MotionBlur/train/89.png,0.04113069176673889,0.0698794573545456
MotionBlur/train/385.png,0.09208628535270691,0.1635398268699646
MotionBlur/train/768.png,0.022623315453529358,0.0560186468064785
MotionBlur/train/338.png,0.012916416861116886,0.028710760176181793
MotionBlur/train/333.png,0.037372708320617676,0.11785392463207245
MotionBlur/train/164.png,0.07552947849035263,0.28039681911468506
MotionBlur/train/752.png,0.04386055842041969,0.1022002249956131
MotionBlur/train/550.png,0.03930634260177612,0.11305362731218338
MotionBlur/train/521.png,0.020886030048131943,0.09037071466445923
MotionBlur/train/11.png,0.08861438184976578,0.13716186583042145
MotionBlur/train/615.png,0.095343679189682,0.14975272119045258
MotionBlur/train/416.png,0.007465224713087082,0.07569527626037598
MotionBlur/train/605.png,0.05514688044786453,0.07652443647384644
MotionBlur/train/707.png,0.06940723955631256,0.1173638105392456
MotionBlur/train/351.png,0.03022296540439129,0.04636546969413757
MotionBlur/train/213.png,0.0902981162071228,0.13321740925312042
MotionBlur/train/411.png,0.06228366121649742,0.1277896761894226
MotionBlur/train/505.png,0.04861050844192505,0.15013782680034637
MotionBlur/train/114.png,0.05166039615869522,0.12825433909893036
MotionBlur/train/302.png,0.08587139844894409,0.1691162884235382
MotionBlur/train/185.png,0.04490410536527634,0.06485594809055328
MotionBlur/train/240.png,0.10421468317508698,0.593755841255188
MotionBlur/train/317.png,0.14834943413734436,0.16495780646800995
MotionBlur/train/281.png,0.02011391893029213,0.05602990835905075
MotionBlur/train/344.png,0.05207793414592743,0.0895565003156662
MotionBlur/train/457.png,0.11182558536529541,0.30366218090057373
MotionBlur/train/493.png,0.08977830410003662,0.20619526505470276
MotionBlur/train/759.png,0.05445537716150284,0.1283586621284485
MotionBlur/train/362.png,0.015571270138025284,0.0328391008079052
MotionBlur/train/176.png,0.07547042518854141,0.15465274453163147
MotionBlur/train/660.png,0.18804243206977844,0.58613520860672
MotionBlur/train/727.png,0.025779539719223976,0.07071933150291443
MotionBlur/train/95.png,0.01484382152557373,0.03353878855705261
MotionBlur/train/432.png,0.10559756308794022,0.20763620734214783
MotionBlur/train/97.png,0.11997848749160767,0.4393875300884247
MotionBlur/train/124.png,0.09030818194150925,0.2111741453409195
MotionBlur/train/119.png,0.02479833923280239,0.10051612555980682
MotionBlur/train/256.png,0.04284815862774849,0.12774872779846191
MotionBlur/train/791.png,0.012255894020199776,0.03284759074449539
MotionBlur/train/654.png,0.03079267218708992,0.11217354983091354
MotionBlur/train/100.png,0.10893210768699646,0.298284113407135
MotionBlur/train/211.png,0.0548778660595417,0.12020270526409149
MotionBlur/train/500.png,0.0747254341840744,0.10564626753330231
MotionBlur/train/322.png,0.022602569311857224,0.045098863542079926
MotionBlur/train/76.png,0.045732855796813965,0.2516132593154907
MotionBlur/train/193.png,0.10619232058525085,0.25404295325279236
MotionBlur/train/608.png,0.1801271140575409,0.28865018486976624
MotionBlur/train/191.png,0.03486890345811844,0.05748926103115082
MotionBlur/train/420.png,0.12826919555664062,0.2981421947479248
MotionBlur/train/528.png,0.01674496755003929,0.03459823131561279
MotionBlur/train/163.png,0.11176259815692902,0.6132024526596069
MotionBlur/train/31.png,0.06519167125225067,0.08106917142868042
MotionBlur/train/623.png,0.12793877720832825,0.49736693501472473
MotionBlur/train/642.png,0.034305937588214874,0.08874469250440598
MotionBlur/train/138.png,0.026534032076597214,0.06657209992408752
MotionBlur/train/629.png,0.028061892837285995,0.07135823369026184
MotionBlur/train/396.png,0.10366837680339813,0.45711058378219604
MotionBlur/train/4.png,0.06536534428596497,0.13394035398960114
MotionBlur/train/796.png,0.16422219574451447,0.5523947477340698
MotionBlur/train/225.png,0.0231633260846138,0.09677006304264069
MotionBlur/train/561.png,0.04819647967815399,0.12465419620275497
MotionBlur/train/588.png,0.09371834993362427,0.2508060336112976
MotionBlur/train/492.png,0.03946959972381592,0.13790926337242126
MotionBlur/train/669.png,0.04149473458528519,0.07773427665233612
MotionBlur/train/192.png,-0.028802204877138138,0.2939770221710205
MotionBlur/train/43.png,0.02708720788359642,0.04155372455716133
MotionBlur/train/229.png,0.011179739609360695,0.03366523236036301
MotionBlur/train/635.png,0.1492067575454712,0.42097997665405273
MotionBlur/train/129.png,0.09156982600688934,0.4185292720794678
MotionBlur/train/331.png,0.0553491935133934,0.2940182089805603
MotionBlur/train/313.png,0.06052163243293762,0.672945499420166
MotionBlur/train/672.png,0.05945877730846405,0.14139105379581451
MotionBlur/train/580.png,-0.008113443851470947,0.16833418607711792
MotionBlur/train/345.png,0.08452874422073364,0.1382051259279251
MotionBlur/train/171.png,0.07161065936088562,0.348463237285614
MotionBlur/train/682.png,0.04796084761619568,0.06555058807134628
MotionBlur/train/287.png,0.0333271399140358,0.16955415904521942
MotionBlur/train/324.png,0.007947186939418316,0.11925551295280457
MotionBlur/train/145.png,0.010466166771948338,0.0203193761408329
MotionBlur/train/40.png,0.01855204999446869,0.03871150314807892
MotionBlur/train/209.png,0.014278103597462177,0.024760061874985695
MotionBlur/train/197.png,-0.0060568079352378845,0.27401432394981384
MotionBlur/train/445.png,0.08088865131139755,0.5950374603271484
MotionBlur/train/575.png,0.06807667016983032,0.13155104219913483
MotionBlur/train/311.png,0.11587335914373398,0.3463858366012573
MotionBlur/train/33.png,0.03996439650654793,0.08676495403051376
MotionBlur/train/126.png,0.1190289631485939,0.2692490816116333
MotionBlur/train/147.png,0.04304817318916321,0.11305544525384903
MotionBlur/train/688.png,0.06940018385648727,0.152406245470047
MotionBlur/train/468.png,0.024675408378243446,0.10119035094976425
MotionBlur/train/326.png,0.014739001169800758,0.03358801081776619
MotionBlur/train/357.png,0.06062809377908707,0.13158699870109558
MotionBlur/train/85.png,0.12821146845817566,0.30147385597229004
MotionBlur/train/9.png,0.044506464153528214,0.11390183866024017
MotionBlur/train/604.png,0.04305902123451233,0.07489298284053802
MotionBlur/train/102.png,0.026081260293722153,0.08566528558731079
MotionBlur/train/254.png,0.07040123641490936,0.12021727114915848
MotionBlur/train/673.png,0.08655600249767303,0.15337687730789185
MotionBlur/train/245.png,0.1606319546699524,0.6605173349380493
MotionBlur/train/658.png,0.02370898425579071,0.06587842106819153
MotionBlur/train/431.png,0.03364458307623863,0.050625599920749664
MotionBlur/train/465.png,0.026742592453956604,0.07272352278232574
MotionBlur/train/647.png,0.02969321981072426,0.16237962245941162
MotionBlur/train/466.png,0.041390836238861084,0.0674486756324768
MotionBlur/train/689.png,0.03098636120557785,0.09612166881561279
MotionBlur/train/168.png,0.03944534435868263,0.07013930380344391
MotionBlur/train/233.png,-0.005395269021391869,0.3308049440383911
MotionBlur/train/200.png,0.04024475812911987,0.09794341027736664
MotionBlur/train/743.png,0.09840092062950134,0.23260116577148438
MotionBlur/train/255.png,0.060602109879255295,0.10978216677904129
MotionBlur/train/713.png,0.04638058319687843,0.1337946653366089
MotionBlur/train/284.png,0.0698893740773201,0.1397704780101776
MotionBlur/train/546.png,0.0337473526597023,0.07439670711755753
MotionBlur/train/56.png,0.13594737648963928,0.4758429527282715
MotionBlur/train/515.png,0.08090034127235413,0.2978735566139221
MotionBlur/train/578.png,0.03193742781877518,0.0556875579059124
MotionBlur/train/116.png,0.05427093058824539,0.09241555631160736
MotionBlur/train/547.png,0.023051857948303223,0.06601680815219879
MotionBlur/train/555.png,0.0551300123333931,0.21565209329128265
MotionBlur/train/533.png,0.034390926361083984,0.060135796666145325
MotionBlur/train/520.png,0.014933330938220024,0.04325610771775246
MotionBlur/train/299.png,0.05662675201892853,0.16760821640491486
MotionBlur/train/488.png,0.06301048398017883,0.10416003316640854
MotionBlur/train/80.png,0.10349655151367188,0.18321359157562256
MotionBlur/train/698.png,0.02916138246655464,0.05957987904548645
MotionBlur/train/55.png,0.10309189558029175,0.17590901255607605
MotionBlur/train/280.png,0.13830560445785522,0.42729270458221436
MotionBlur/train/130.png,0.18049588799476624,0.4738657772541046
MotionBlur/train/592.png,0.07122863829135895,0.27905839681625366
MotionBlur/train/586.png,0.14563944935798645,0.2898290157318115
MotionBlur/train/522.png,0.057624638080596924,0.22424335777759552
MotionBlur/train/291.png,0.04955572634935379,0.07710787653923035
MotionBlur/train/443.png,0.0024001102428883314,0.03398241847753525
MotionBlur/train/50.png,0.06793386489152908,0.18048152327537537
MotionBlur/train/288.png,0.028993017971515656,0.1381310075521469
MotionBlur/train/307.png,0.027716191485524178,0.06207442283630371
MotionBlur/train/218.png,0.19465899467468262,0.30756837129592896
MotionBlur/train/589.png,0.03424607589840889,0.053513750433921814
MotionBlur/train/607.png,0.10035714507102966,0.19208572804927826
MotionBlur/train/405.png,0.05400703847408295,0.08249666541814804
MotionBlur/train/779.png,0.04925079271197319,0.08750513195991516
MotionBlur/train/199.png,0.07021141052246094,0.14133048057556152
MotionBlur/train/112.png,0.03690570592880249,0.05737442895770073
MotionBlur/train/755.png,0.022674405947327614,0.05511551722884178
MotionBlur/train/763.png,0.062387436628341675,0.16017219424247742
MotionBlur/train/788.png,0.06270208209753036,0.189970925450325
MotionBlur/train/501.png,0.011929908767342567,0.4236576557159424
MotionBlur/train/723.png,0.08659861981868744,0.1980833113193512
MotionBlur/train/49.png,0.02920359931886196,0.0632820576429367
MotionBlur/train/327.png,0.07575599104166031,0.10750161111354828
MotionBlur/train/599.png,0.12373305857181549,0.27208298444747925
MotionBlur/train/747.png,0.05222119390964508,0.16401606798171997
MotionBlur/train/552.png,0.03789594769477844,0.07658526301383972
MotionBlur/train/268.png,0.07142285257577896,0.18808990716934204
MotionBlur/train/775.png,0.011742333881556988,0.021881118416786194
MotionBlur/train/93.png,0.05208664387464523,0.07279422134160995
MotionBlur/train/395.png,0.09354797750711441,0.16364188492298126
MotionBlur/train/150.png,0.22865699231624603,0.45602723956108093
MotionBlur/train/705.png,0.0980265662074089,0.41532033681869507
MotionBlur/train/774.png,0.07433027029037476,0.1410244107246399
MotionBlur/train/113.png,0.04976818710565567,0.10373811423778534
MotionBlur/train/741.png,0.01687607727944851,0.03997860848903656
MotionBlur/train/332.png,0.035239119082689285,0.09439028799533844
MotionBlur/train/59.png,0.036525849252939224,0.05918951705098152
MotionBlur/train/674.png,0.09502063691616058,0.16924092173576355
MotionBlur/train/316.png,0.15904033184051514,0.2657474875450134
MotionBlur/train/785.png,0.028038861230015755,0.0463964082300663
MotionBlur/train/434.png,0.002208903431892395,0.05288334935903549
MotionBlur/train/169.png,0.025695068761706352,0.10903462767601013
MotionBlur/train/529.png,0.04943336918950081,0.10189621150493622
MotionBlur/train/301.png,0.021348949521780014,0.051694147288799286
MotionBlur/train/289.png,0.016838453710079193,0.04300311207771301
MotionBlur/train/170.png,0.04979139193892479,0.16589587926864624
MotionBlur/train/194.png,0.03783191367983818,0.05944245308637619
MotionBlur/train/136.png,0.03695191442966461,0.10557878017425537
MotionBlur/train/198.png,0.05955538526177406,0.15051817893981934
MotionBlur/train/724.png,0.0375090017914772,0.10753379017114639
MotionBlur/train/683.png,0.06815127283334732,0.16645050048828125
MotionBlur/train/640.png,0.0515766441822052,0.18239177763462067
MotionBlur/train/401.png,0.06775903701782227,0.28502482175827026
MotionBlur/train/14.png,0.03483978658914566,0.04501791670918465
MotionBlur/train/65.png,0.12377583980560303,0.5230330228805542
MotionBlur/train/161.png,0.025407567620277405,0.04085483029484749
MotionBlur/train/371.png,0.021709419786930084,0.04683256894350052
MotionBlur/train/784.png,0.02021845616400242,0.04687914624810219
MotionBlur/train/1.png,0.14819031953811646,0.41538727283477783
MotionBlur/train/706.png,0.020909033715724945,0.04358357936143875
MotionBlur/train/293.png,0.027310984209179878,0.062076859176158905
MotionBlur/train/576.png,0.07894167304039001,0.3082226514816284
MotionBlur/train/798.png,0.016137361526489258,0.07095502316951752
MotionBlur/train/574.png,0.14957433938980103,0.42614683508872986
MotionBlur/train/701.png,0.038141023367643356,0.06063837930560112
MotionBlur/train/367.png,0.0773094892501831,0.1083880066871643
MotionBlur/train/484.png,0.008341705426573753,0.05127951502799988
MotionBlur/train/325.png,0.04697618633508682,0.11383324861526489
MotionBlur/train/108.png,0.02464800886809826,0.056430745869874954
MotionBlur/train/39.png,0.16508615016937256,0.2632363438606262
MotionBlur/train/360.png,0.054899949580430984,0.1329617202281952
MotionBlur/train/748.png,0.022414416074752808,0.06677679717540741
MotionBlur/train/458.png,0.04197277873754501,0.11229455471038818
MotionBlur/train/380.png,0.09086555242538452,0.23560190200805664
MotionBlur/train/610.png,0.02391751855611801,0.09832480549812317
MotionBlur/train/446.png,0.028155744075775146,0.168002650141716
MotionBlur/train/132.png,0.04878292232751846,0.10929054021835327
MotionBlur/train/424.png,0.06782906502485275,0.1421915888786316
MotionBlur/train/781.png,0.021159201860427856,0.054212186485528946
MotionBlur/train/715.png,0.043623652309179306,0.09207527339458466
MotionBlur/train/386.png,0.02474515326321125,0.16535621881484985
MotionBlur/train/549.png,0.04388813674449921,0.10966068506240845
MotionBlur/train/433.png,0.05525326356291771,0.07802764326334
MotionBlur/train/156.png,0.06189776584506035,0.20843684673309326
MotionBlur/train/370.png,0.18119648098945618,0.49754858016967773
MotionBlur/train/767.png,0.0295609962195158,0.07273147255182266
MotionBlur/train/777.png,0.030960898846387863,0.11889412999153137
MotionBlur/train/319.png,0.016442593187093735,0.03844354674220085
MotionBlur/train/696.png,0.2142457216978073,0.29260003566741943
MotionBlur/train/609.png,0.030142521485686302,0.054422527551651
MotionBlur/train/107.png,0.011050662025809288,0.024853093549609184
MotionBlur/train/790.png,0.12094380706548691,0.38356032967567444
MotionBlur/train/372.png,0.24716880917549133,0.3486005663871765
MotionBlur/train/90.png,0.019144736230373383,0.029098501428961754
MotionBlur/train/262.png,0.06563476473093033,0.0941808819770813
MotionBlur/train/364.png,0.02794932946562767,0.05446424335241318
MotionBlur/train/215.png,0.042069900780916214,0.11543552577495575
MotionBlur/train/769.png,0.024381618946790695,0.06585650146007538
MotionBlur/train/414.png,0.03093063086271286,0.08030571043491364
MotionBlur/train/614.png,0.04345133900642395,0.1531393975019455
MotionBlur/train/439.png,0.03253725916147232,0.05725261569023132
MotionBlur/train/20.png,0.03792649507522583,0.06137808784842491
MotionBlur/train/181.png,0.1185397207736969,0.2881390452384949
MotionBlur/train/471.png,0.03885297104716301,0.0991566851735115
MotionBlur/train/83.png,0.06727195531129837,0.10370182991027832
MotionBlur/train/412.png,0.028464190661907196,0.593254029750824
MotionBlur/train/597.png,0.030843108892440796,0.08480636030435562
MotionBlur/train/467.png,0.08866023272275925,0.1370052993297577
MotionBlur/train/473.png,0.015422066673636436,0.032962750643491745
MotionBlur/train/587.png,0.06306908279657364,0.1262648105621338
MotionBlur/train/426.png,0.049819983541965485,0.07009613513946533
MotionBlur/train/770.png,0.06935691833496094,0.09853541851043701
MotionBlur/train/731.png,0.10972970724105835,0.23924018442630768
MotionBlur/train/389.png,0.03585554659366608,0.0657496526837349
MotionBlur/train/691.png,0.030737364664673805,0.07499534636735916
MotionBlur/train/38.png,0.06121343374252319,0.1164587065577507
MotionBlur/train/151.png,0.041897546499967575,0.1555701494216919
MotionBlur/train/2.png,0.06823056936264038,0.20529574155807495
MotionBlur/train/121.jpg,0.4055427312850952,0.6177653074264526
MotionBlur/train/530.png,0.07052135467529297,0.22278204560279846
MotionBlur/train/349.png,0.022811515256762505,0.04342173412442207
MotionBlur/train/378.jpg,0.20892855525016785,0.5926417708396912
MotionBlur/train/702.png,0.0121634965762496,0.09749695658683777
MotionBlur/train/335.png,0.04753681272268295,0.14469429850578308
MotionBlur/train/223.png,0.02735671028494835,0.07574660331010818
MotionBlur/train/272.png,0.01645563542842865,0.026437724009156227
MotionBlur/train/10.png,0.17795315384864807,0.4130323827266693
MotionBlur/train/598.png,0.012087461538612843,0.020624911412596703
MotionBlur/train/82.png,0.013731993734836578,0.1111491471529007
MotionBlur/train/460.png,0.01231397781521082,0.0342041552066803
MotionBlur/train/242.png,0.02321268431842327,0.051933810114860535
MotionBlur/train/404.png,0.012222753837704659,0.03997467830777168
MotionBlur/train/251.png,0.02896849811077118,0.0718579962849617
MotionBlur/train/174.png,0.03650914132595062,0.1738135814666748
MotionBlur/train/250.png,0.02661161497235298,0.04351458698511124
MotionBlur/train/440.png,0.05774196609854698,0.13608689606189728
MotionBlur/train/131.png,0.19987531006336212,0.3024670481681824
MotionBlur/train/397.png,0.03100305236876011,0.05457841977477074
MotionBlur/train/36.png,0.07590238749980927,0.1348925232887268
MotionBlur/train/157.png,0.019697487354278564,0.14144869148731232
MotionBlur/train/182.png,0.006709294859319925,0.14441576600074768
MotionBlur/train/143.png,0.1297956109046936,0.22646073997020721
MotionBlur/train/221.png,0.1293395459651947,0.19360464811325073
MotionBlur/train/746.png,0.06505565345287323,0.2879186272621155
MotionBlur/train/387.png,0.15500448644161224,0.4354235529899597
MotionBlur/train/383.png,0.08244635164737701,0.20652495324611664
MotionBlur/train/570.png,0.06419838964939117,0.14131444692611694
MotionBlur/train/700.png,0.03418826311826706,0.09564980119466782
MotionBlur/train/208.png,0.04502839967608452,0.08916535973548889
MotionBlur/train/152.png,0.03435619920492172,0.07266479730606079
MotionBlur/train/137.png,0.0013748216442763805,0.04742017015814781
MotionBlur/train/556.png,0.008025792427361012,0.03638327121734619
MotionBlur/train/312.png,0.20856215059757233,0.24893470108509064
MotionBlur/train/81.png,0.037826307117938995,0.06701374053955078
MotionBlur/train/239.png,0.05037839710712433,0.21103377640247345
MotionBlur/train/66.png,0.06164609640836716,0.13638097047805786
MotionBlur/train/58.png,0.09140947461128235,0.5640774965286255
MotionBlur/train/661.png,0.014074589125812054,0.07690080255270004
MotionBlur/train/453.png,0.04637404531240463,0.08808363974094391
MotionBlur/train/417.png,0.03458699584007263,0.06598323583602905
MotionBlur/train/483.png,0.020981408655643463,0.04740862548351288
MotionBlur/train/764.png,0.004928074777126312,0.1472868025302887
MotionBlur/train/732.png,0.040018483996391296,0.05768463388085365
MotionBlur/train/214.png,0.052381038665771484,0.09788238257169724
MotionBlur/train/122.png,0.04064934700727463,0.07616221904754639
MotionBlur/train/392.png,0.03567308932542801,0.6919369697570801
MotionBlur/train/639.png,0.06483525037765503,0.10217030346393585
MotionBlur/train/684.png,0.039558954536914825,0.11114338040351868
MotionBlur/train/712.png,0.029401959851384163,0.07288649678230286
MotionBlur/train/735.png,0.07195983827114105,0.15760082006454468
MotionBlur/train/734.png,0.07687698304653168,0.13377121090888977
MotionBlur/train/722.png,0.027761470526456833,0.0679316371679306
MotionBlur/train/339.png,0.03727678582072258,0.10730724781751633
MotionBlur/train/276.png,0.01863945834338665,0.03705848008394241
MotionBlur/train/187.png,0.048018861562013626,0.0807061642408371
MotionBlur/train/106.png,0.17597755789756775,0.32797980308532715
MotionBlur/train/585.png,0.05140133947134018,0.08816953003406525
MotionBlur/train/336.png,0.04974519461393356,0.11180991679430008
MotionBlur/train/279.png,0.019829967990517616,0.04992847517132759
MotionBlur/train/577.png,0.07103516906499863,0.24188557267189026
MotionBlur/train/356.png,0.21316325664520264,0.5566509366035461
MotionBlur/train/117.png,0.047108545899391174,0.07262763381004333
MotionBlur/train/220.png,0.017800623551011086,0.06111883372068405
MotionBlur/train/391.png,0.006611686199903488,0.1040419191122055
MotionBlur/train/277.png,0.024845167994499207,0.09087202697992325
MotionBlur/train/617.png,0.04845708608627319,0.06341449916362762
MotionBlur/train/584.png,0.0368109866976738,0.0781753808259964
MotionBlur/train/300.png,0.20650634169578552,0.6357829570770264
MotionBlur/train/667.png,0.0969032421708107,0.15023642778396606
MotionBlur/train/425.png,0.10541186481714249,0.2685179114341736
MotionBlur/train/244.png,0.01784268021583557,0.03363414108753204
MotionBlur/train/329.png,0.0478425994515419,0.11774484813213348
MotionBlur/train/282.png,0.0338405966758728,0.04081060737371445
MotionBlur/train/263.png,0.021249331533908844,0.04879668727517128
MotionBlur/train/354.png,0.05712878704071045,0.1700960099697113
MotionBlur/train/650.png,0.018097324296832085,0.033935822546482086
MotionBlur/train/166.png,0.043216221034526825,0.10760444402694702
MotionBlur/train/594.png,0.15164558589458466,0.4172893762588501
MotionBlur/train/582.png,0.02694246731698513,0.04618304967880249
MotionBlur/train/680.png,0.12125866860151291,0.6511545181274414
MotionBlur/train/320.png,0.021513238549232483,0.11140574514865875
MotionBlur/train/437.png,0.03738841414451599,0.11852249503135681
MotionBlur/train/572.png,0.05603780224919319,0.0847519040107727
MotionBlur/train/18.png,0.033063940703868866,0.06609916687011719
MotionBlur/train/63.png,0.15677249431610107,0.26001572608947754
MotionBlur/train/455.png,0.04223041981458664,0.1300567388534546
MotionBlur/train/435.png,0.03640332445502281,0.08666085451841354
MotionBlur/train/294.png,0.009923780336976051,0.01667511835694313
MotionBlur/train/534.png,0.06563611328601837,0.15410853922367096
MotionBlur/train/745.png,0.050297439098358154,0.09559504687786102
MotionBlur/train/264.png,0.13056667149066925,0.21059390902519226
MotionBlur/train/21.png,0.08296133577823639,0.2192183881998062
MotionBlur/train/495.png,0.06628882884979248,0.11932516098022461
MotionBlur/train/12.png,0.06860430538654327,0.47839245200157166
MotionBlur/train/739.png,0.02676556631922722,0.0571397989988327
MotionBlur/train/514.png,0.05390549451112747,0.08431366831064224
MotionBlur/train/616.png,0.13451649248600006,0.2019907832145691
MotionBlur/train/720.png,0.054230205714702606,0.09532219171524048
MotionBlur/train/792.png,0.054954688996076584,0.08059284090995789
MotionBlur/train/98.png,0.128736674785614,0.32452183961868286
MotionBlur/train/524.png,0.07040123641490936,0.12021727114915848
MotionBlur/train/127.png,0.04218578711152077,0.10454818606376648
MotionBlur/train/666.png,0.02914114110171795,0.041592374444007874
MotionBlur/train/415.png,0.0415373370051384,0.2516270875930786
MotionBlur/train/553.png,0.16311651468276978,0.38783466815948486
MotionBlur/train/219.png,0.04414573311805725,0.08568651229143143
MotionBlur/train/184.png,0.1531728208065033,0.5148001909255981
MotionBlur/train/782.png,0.02577381581068039,0.1010076180100441
MotionBlur/train/757.png,0.024277105927467346,0.07963232696056366
MotionBlur/train/795.png,0.07223980873823166,0.1509670615196228
MotionBlur/train/627.png,0.043366480618715286,0.1046597883105278
MotionBlur/train/751.png,0.07405762374401093,0.11585715413093567
MotionBlur/train/510.png,0.0176849365234375,0.541455864906311
MotionBlur/train/28.png,0.04226570203900337,0.10565315932035446
MotionBlur/train/190.png,0.06113225594162941,0.13013264536857605
MotionBlur/train/490.png,0.018946094438433647,0.1372721940279007
MotionBlur/train/165.png,0.04884887486696243,0.073883056640625
MotionBlur/train/402.png,0.01714131236076355,0.12393251061439514
MotionBlur/train/464.png,0.06299323588609695,0.1907944679260254
MotionBlur/train/22.png,0.024183548986911774,0.04582854360342026
MotionBlur/train/202.png,0.03237445279955864,0.04581538587808609
MotionBlur/train/247.png,0.00787290558218956,0.02306215651333332
MotionBlur/train/368.png,0.18287961184978485,0.36539095640182495
MotionBlur/train/758.png,0.2151273638010025,0.6145511865615845
MotionBlur/train/469.png,0.037170104682445526,0.12323275953531265
MotionBlur/train/602.png,0.03129291534423828,0.13917037844657898
MotionBlur/train/799.png,0.05042856186628342,0.1427953541278839
MotionBlur/train/476.png,0.1590327024459839,0.2202155888080597
MotionBlur/train/481.png,0.011277569457888603,0.08975738286972046
MotionBlur/train/559.png,0.018198933452367783,0.025596588850021362
MotionBlur/train/447.png,0.028273502364754677,0.06034174934029579
MotionBlur/train/625.png,0.03893338143825531,0.09959954023361206
MotionBlur/train/742.png,0.042565032839775085,0.09590940922498703
MotionBlur/train/67.png,0.0160625372081995,0.11965037882328033
MotionBlur/train/96.png,0.1635551154613495,0.2876061201095581
MotionBlur/train/243.png,0.032484136521816254,0.08007997274398804
MotionBlur/train/502.png,0.023958519101142883,0.057649314403533936
MotionBlur/train/603.png,0.1342516839504242,0.25838327407836914
MotionBlur/train/34.png,0.11267319321632385,0.3270776569843292
MotionBlur/train/509.png,0.014994800090789795,0.037097640335559845
MotionBlur/train/690.png,0.02624328061938286,0.05071641504764557
MotionBlur/train/41.png,0.008121010847389698,0.0590955913066864
MotionBlur/train/733.png,0.01382024772465229,0.05845282971858978
MotionBlur/train/159.png,0.03176293522119522,0.11935925483703613
MotionBlur/train/662.png,0.13626088201999664,0.7142555713653564
MotionBlur/train/563.png,0.12190939486026764,0.2682899236679077
MotionBlur/train/551.png,0.11890751123428345,0.21205227077007294
MotionBlur/train/685.png,0.057698462158441544,0.08811210095882416
MotionBlur/train/554.png,0.04376635700464249,0.06062590330839157
MotionBlur/train/756.png,0.020861370489001274,0.0624752976000309
MotionBlur/train/596.png,0.04355866089463234,0.15061122179031372
MotionBlur/train/246.png,0.011295603588223457,0.07520848512649536
MotionBlur/train/195.png,0.06468086689710617,0.15432216227054596
MotionBlur/train/105.png,0.15496307611465454,0.4394463300704956
MotionBlur/train/479.png,0.11940787732601166,0.21732211112976074
MotionBlur/train/612.png,0.027731522917747498,0.052693530917167664
MotionBlur/train/125.png,0.030314508825540543,0.09566450119018555
MotionBlur/train/318.png,0.03154744952917099,0.09180117398500443
MotionBlur/train/216.png,0.055023252964019775,0.12069237232208252
MotionBlur/train/656.png,0.018361106514930725,0.07372189313173294
MotionBlur/train/337.png,0.00923401489853859,0.05803908407688141
MotionBlur/train/69.png,0.23167118430137634,0.6073869466781616
MotionBlur/train/146.png,0.020847810432314873,0.0806472972035408
MotionBlur/train/154.png,0.025894198566675186,0.07491418719291687
MotionBlur/train/637.png,0.030745284631848335,0.049705035984516144
MotionBlur/train/267.png,0.038644008338451385,0.10667119920253754
MotionBlur/train/7.png,0.061311569064855576,0.07705807685852051
MotionBlur/train/663.png,0.0630284771323204,0.1288834512233734
MotionBlur/train/374.png,0.09146077930927277,0.1841409057378769
MotionBlur/train/366.png,0.02977510169148445,0.056694768369197845
MotionBlur/train/241.png,0.04566702991724014,0.08112680912017822
MotionBlur/train/188.png,0.027196085080504417,0.04790734499692917
MotionBlur/train/716.png,0.013533491641283035,0.11079168319702148
MotionBlur/train/86.png,0.13691845536231995,0.22850263118743896
MotionBlur/train/776.png,0.16266974806785583,0.37471532821655273
MotionBlur/train/258.png,0.0502999983727932,0.06584103405475616
MotionBlur/train/77.png,0.08691935241222382,0.3695209324359894
MotionBlur/train/498.png,0.03152521327137947,0.06923951953649521
MotionBlur/train/290.png,0.041159454733133316,0.07844175398349762
MotionBlur/train/29.png,0.17217400670051575,0.4702525734901428
MotionBlur/train/265.png,0.045078203082084656,0.3595617413520813
MotionBlur/train/638.png,0.032469041645526886,0.09388996660709381
MotionBlur/train/103.png,0.19284622371196747,0.6595855951309204
MotionBlur/train/632.png,0.053208980709314346,0.14622610807418823
MotionBlur/train/72.png,0.12057767808437347,0.24942730367183685
MotionBlur/train/144.png,0.11799871176481247,0.2594452202320099
MotionBlur/train/298.png,0.07012229412794113,0.47309231758117676
MotionBlur/train/472.png,0.01961936056613922,0.15750443935394287
MotionBlur/train/503.png,0.04845072701573372,0.0835200846195221
MotionBlur/train/695.png,0.07760272920131683,0.1810731291770935
MotionBlur/train/644.png,0.029961904510855675,0.08583110570907593
MotionBlur/train/456.png,0.02644108608365059,0.06994453817605972
MotionBlur/train/540.png,0.10641776025295258,0.32430920004844666
MotionBlur/train/109.png,0.16429026424884796,0.4264547824859619
MotionBlur/train/496.png,0.0577426478266716,0.0976732075214386
MotionBlur/train/714.png,0.042466238141059875,0.12435975670814514
MotionBlur/train/697.png,0.04133183881640434,0.0641419067978859
MotionBlur/train/224.png,0.015749726444482803,0.03444672375917435
MotionBlur/train/361.png,0.07368453592061996,0.3305724859237671
MotionBlur/train/753.png,0.03705736622214317,0.0626872330904007
MotionBlur/train/567.png,0.06200481206178665,0.19831149280071259
MotionBlur/train/526.png,0.010065276175737381,0.04173586517572403
MotionBlur/train/527.png,0.045287348330020905,0.1444624364376068
MotionBlur/train/71.png,0.029292596504092216,0.07448440790176392
MotionBlur/train/648.png,0.03832987695932388,0.069070965051651
MotionBlur/train/595.png,0.04029422253370285,0.13518062233924866
MotionBlur/train/573.png,0.12847593426704407,0.4988948404788971
MotionBlur/train/74.png,0.031294696033000946,0.04446526616811752
MotionBlur/train/653.png,0.021125055849552155,0.07753926515579224
MotionBlur/train/525.png,0.027636989951133728,0.06770718842744827
MotionBlur/train/120.png,0.03660739213228226,0.06295496970415115
MotionBlur/train/630.png,0.04995031654834747,0.10050882399082184
MotionBlur/train/271.png,0.11770599335432053,0.2953703999519348
MotionBlur/train/363.png,0.021388329565525055,0.05733935907483101
MotionBlur/train/310.png,0.0320105217397213,0.0596504807472229
MotionBlur/train/323.png,0.0914873257279396,0.4884777069091797
MotionBlur/train/118.png,0.0619354322552681,0.18052314221858978
MotionBlur/train/772.png,0.03172505646944046,0.06172163784503937
MotionBlur/train/670.png,0.052270665764808655,0.06857499480247498
MotionBlur/train/393.png,0.0306815505027771,0.059837549924850464
MotionBlur/train/17.png,0.09396813809871674,0.16456571221351624
MotionBlur/train/53.png,0.06982602924108505,0.16277912259101868
MotionBlur/train/266.png,0.03203199803829193,0.09590532630681992
MotionBlur/train/486.png,0.022067710757255554,0.07824981212615967
MotionBlur/train/657.png,0.005432769190520048,0.03709764406085014
MotionBlur/train/196.png,0.1099603921175003,0.4013199806213379
MotionBlur/train/626.png,0.14549300074577332,0.3823552429676056
MotionBlur/train/571.png,-0.0030811496544629335,0.041304539889097214
MotionBlur/train/179.png,0.04192262142896652,0.06829409301280975
MotionBlur/train/178.png,0.04602683335542679,0.12035319954156876
MotionBlur/train/160.png,0.04897284880280495,0.0966874361038208
MotionBlur/train/671.png,0.04524587094783783,0.06566673517227173
MotionBlur/train/140.png,0.02550097554922104,0.05816035717725754
MotionBlur/train/620.png,0.02697276510298252,0.04454383999109268
MotionBlur/train/636.png,0.029695454984903336,0.07423050701618195
MotionBlur/train/736.png,0.02948394976556301,0.06546562910079956
MotionBlur/train/52.png,0.032713163644075394,0.3100185990333557
MotionBlur/train/793.png,0.03515457361936569,0.09841346740722656
MotionBlur/train/5.png,0.05124582350254059,0.10558535158634186
MotionBlur/train/139.png,0.029616251587867737,0.057746827602386475
MotionBlur/train/3.png,0.206143319606781,0.37559905648231506
MotionBlur/train/172.png,0.13832762837409973,0.3974963426589966
MotionBlur/train/64.png,0.0307292677462101,0.11220331490039825
MotionBlur/train/406.png,0.025098025798797607,0.06330245733261108
MotionBlur/train/719.png,0.021278874948620796,0.040406353771686554
MotionBlur/train/347.png,0.1122584417462349,0.4924602508544922
MotionBlur/train/665.png,0.091949462890625,0.5505596399307251
MotionBlur/train/355.png,0.10122953355312347,0.2148917317390442
MotionBlur/train/16.png,0.030158935114741325,0.06324143707752228
MotionBlur/train/438.png,0.041421517729759216,0.08321797102689743
MotionBlur/train/430.png,0.06859912723302841,0.11714261770248413
MotionBlur/train/800.png,0.03373314440250397,0.06066484749317169
MotionBlur/train/545.png,0.07005144655704498,0.1730426847934723
MotionBlur/train/409.png,0.18685486912727356,0.32855743169784546
MotionBlur/train/725.png,0.03566845506429672,0.09067490696907043
MotionBlur/train/328.png,0.010343054309487343,0.02944169007241726
MotionBlur/train/423.png,0.05832388997077942,0.16937169432640076
MotionBlur/train/643.png,0.030589040368795395,0.0897153988480568
MotionBlur/train/461.png,0.014934312552213669,0.023537907749414444
MotionBlur/train/375.png,0.1304711401462555,0.4049162268638611
MotionBlur/train/760.png,0.04100427031517029,0.10542464256286621
MotionBlur/train/203.png,0.06898639351129532,0.12598884105682373
MotionBlur/train/8.png,0.08189783245325089,0.2418958842754364
MotionBlur/train/489.png,0.19237050414085388,0.3937946856021881
MotionBlur/train/45.png,0.06578195095062256,0.14005817472934723
MotionBlur/train/382.png,0.03970646113157272,0.06487869471311569
MotionBlur/train/24.png,0.039760541170835495,0.057776954025030136
MotionBlur/train/548.png,0.033487964421510696,0.06763079017400742
MotionBlur/train/444.png,0.06543739140033722,0.09072209894657135
MotionBlur/train/373.png,0.20146694779396057,0.5479902029037476
MotionBlur/train/32.png,0.07337015867233276,0.36082756519317627
MotionBlur/train/88.png,0.07239997386932373,0.14214833080768585
MotionBlur/train/463.png,0.0048278942704200745,0.023713156580924988
MotionBlur/train/649.png,0.09724633395671844,0.1935899555683136
MotionBlur/train/624.png,0.04275298863649368,0.07345345616340637
MotionBlur/train/283.png,0.05632377043366432,0.24553413689136505
MotionBlur/train/274.png,0.026593033224344254,0.05090025067329407
MotionBlur/train/115.png,0.010653004981577396,0.013814935460686684
MotionBlur/train/749.png,0.04960622265934944,0.0748237669467926
MotionBlur/train/249.png,0.029054395854473114,0.09881679713726044
MotionBlur/train/128.png,0.007846969179809093,0.05600590258836746
MotionBlur/train/668.png,0.0438569039106369,0.10675951093435287
MotionBlur/train/158.png,0.04305046424269676,0.06159815192222595
MotionBlur/train/583.png,0.05020357295870781,0.11875569820404053
MotionBlur/train/710.png,0.008799780160188675,0.07505178451538086
MotionBlur/train/6.png,0.10103167593479156,0.19805270433425903
MotionBlur/train/23.png,0.015072770416736603,0.08106979727745056
MotionBlur/train/87.png,0.049088701605796814,0.09078533947467804
MotionBlur/train/686.png,0.04925147444009781,0.08632083982229233
MotionBlur/train/275.png,0.01254640519618988,0.03487753868103027
MotionBlur/train/787.png,0.0923406183719635,0.15354493260383606
MotionBlur/train/51.png,0.1299055814743042,0.4321777820587158
MotionBlur/train/703.png,0.10715806484222412,0.15379977226257324
MotionBlur/train/728.png,0.04625182971358299,0.14872325956821442
MotionBlur/train/591.png,0.02939753606915474,0.04850606247782707
MotionBlur/train/400.png,0.05167953297495842,0.09130191802978516
MotionBlur/train/101.png,0.015364629216492176,0.05676872283220291
MotionBlur/train/606.png,0.07097546756267548,0.14593729376792908
MotionBlur/train/618.png,0.010934306308627129,0.01393953338265419
MotionBlur/train/536.png,0.0629313737154007,0.13620218634605408
MotionBlur/train/717.png,0.05877748876810074,0.0952451080083847
MotionBlur/train/297.png,0.02320399135351181,0.05887231230735779
MotionBlur/train/135.png,0.03514496237039566,0.0481070950627327
MotionBlur/train/794.png,0.10966227948665619,0.5410745143890381
MotionBlur/train/482.png,0.17295022308826447,0.5431045889854431
MotionBlur/train/797.png,0.03672849386930466,0.19258788228034973
MotionBlur/train/740.png,0.021915249526500702,0.03889422491192818
MotionBlur/train/512.png,0.02935522049665451,0.04148687422275543
MotionBlur/train/123.png,0.061035335063934326,0.143424391746521
MotionBlur/train/91.png,0.04667271673679352,0.10783515870571136
MotionBlur/train/504.png,0.06889291107654572,0.142775297164917
MotionBlur/train/230.png,0.017251722514629364,0.040958598256111145
MotionBlur/train/738.png,0.08845305442810059,0.16990160942077637
MotionBlur/train/478.png,0.06476372480392456,0.1268472969532013
MotionBlur/train/44.png,0.023478778079152107,0.0338749885559082
MotionBlur/train/399.png,0.045240893959999084,0.07655201107263565
MotionBlur/train/189.png,0.07053659856319427,0.1362060308456421
MotionBlur/train/541.png,0.039408598095178604,0.07963069528341293
MotionBlur/train/601.png,0.04282638430595398,0.13373175263404846
MotionBlur/train/442.png,0.1125825047492981,0.2835015058517456
MotionBlur/train/343.png,0.0972387045621872,0.28553324937820435
MotionBlur/train/454.png,0.022249693050980568,0.09963764250278473
MotionBlur/train/730.png,0.02221076749265194,0.08160633593797684
MotionBlur/train/410.png,0.07603457570075989,0.3192656636238098
MotionBlur/train/68.png,0.03829850256443024,0.11055350303649902
MotionBlur/train/422.png,0.04552987217903137,0.11466850340366364
MotionBlur/train/286.png,0.011722655035555363,0.03278189152479172
MotionBlur/train/180.png,0.08487121015787125,0.34232640266418457
MotionBlur/train/46.png,0.09075286984443665,0.4416012465953827
MotionBlur/train/508.png,0.15301384031772614,0.41242295503616333
MotionBlur/train/499.png,0.05551367998123169,0.10072170943021774
MotionBlur/train/711.png,0.054424840956926346,0.1611051857471466
MotionBlur/train/664.png,0.047252994030714035,0.060425594449043274
MotionBlur/train/516.png,0.05330315977334976,0.08764989674091339
MotionBlur/train/470.png,0.04343758150935173,0.08742566406726837
MotionBlur/train/57.png,0.05054773762822151,0.08845959603786469
MotionBlur/train/448.png,0.030124753713607788,0.07195915281772614
MotionBlur/train/84.png,0.06830519437789917,0.10603731870651245
MotionBlur/train/475.png,0.01719350554049015,0.034239523112773895
MotionBlur/train/564.png,0.019032303243875504,0.03998555243015289
MotionBlur/train/687.png,0.03277001902461052,0.09494385123252869
MotionBlur/train/15.png,0.030009586364030838,0.10380983352661133
MotionBlur/train/210.png,0.13058987259864807,0.24018022418022156
MotionBlur/train/234.png,0.027523040771484375,0.04944214969873428
MotionBlur/train/358.png,0.036753248423337936,0.0470922514796257
MotionBlur/train/365.png,0.05689207464456558,0.1498602032661438
MotionBlur/train/652.png,0.03565172106027603,0.18465742468833923
MotionBlur/train/252.png,0.03339817374944687,0.1024497002363205
MotionBlur/train/531.png,0.04929736256599426,0.10414999723434448
MotionBlur/train/507.png,0.05289696156978607,0.16258591413497925
MotionBlur/train/704.png,0.035773735493421555,0.0949358120560646
MotionBlur/train/565.png,0.04437945410609245,0.2055591344833374
MotionBlur/train/679.png,0.12057554721832275,0.38253238797187805
MotionBlur/train/523.png,0.027897074818611145,0.05864149332046509
MotionBlur/train/183.png,0.039785534143447876,0.06883300840854645
MotionBlur/train/678.png,0.05763738602399826,0.08157295733690262
MotionBlur/train/450.png,0.06642819941043854,0.217278853058815
MotionBlur/train/30.png,0.05608344078063965,0.09518633782863617
MotionBlur/train/485.png,0.023660605773329735,0.12958142161369324
MotionBlur/train/408.png,0.021084323525428772,0.04427298530936241
MotionBlur/train/631.png,0.046991027891635895,0.08677628636360168
MotionBlur/train/708.png,0.041673485189676285,0.1084894984960556
MotionBlur/train/569.png,0.1223994717001915,0.5269374251365662
MotionBlur/train/427.png,0.0476858913898468,0.08611138164997101
MotionBlur/train/619.png,0.02817413955926895,0.04732533544301987
MotionBlur/train/622.png,0.1442950963973999,0.24547763168811798
MotionBlur/train/537.png,0.07892801612615585,0.22368347644805908
MotionBlur/train/429.png,0.11806446313858032,0.23188528418540955
MotionBlur/train/783.png,0.0013599407393485308,0.23746638000011444
MotionBlur/train/321.png,0.03994205594062805,0.1487462818622589
MotionBlur/train/60.png,0.12681224942207336,0.30376917123794556
MotionBlur/train/235.png,0.04035120829939842,0.08276420831680298
MotionBlur/train/99.png,0.037861090153455734,0.08226625621318817
MotionBlur/train/155.png,0.016500206664204597,0.06921197474002838
MotionBlur/train/765.png,0.0375107005238533,0.05848272144794464
MotionBlur/train/593.png,0.06515361368656158,0.1278335154056549
MotionBlur/train/676.png,0.01411496102809906,0.023453954607248306
MotionBlur/train/228.png,0.02530655637383461,0.059636786580085754
MotionBlur/train/27.png,0.09274872392416,0.20083388686180115
MotionBlur/train/390.png,0.11221534758806229,0.16477546095848083
MotionBlur/train/237.png,0.04739420861005783,0.0809837281703949
MotionBlur/train/451.png,0.021939411759376526,0.029864221811294556
MotionBlur/train/692.png,0.08186069130897522,0.17651307582855225
MotionBlur/train/474.png,0.01963828131556511,0.032379452139139175
MotionBlur/train/292.png,0.027939364314079285,0.0669550821185112
MotionBlur/train/421.png,0.13397948443889618,0.6735930442810059
MotionBlur/train/201.png,0.036574944853782654,0.12369570136070251
MotionBlur/train/539.png,0.024362746626138687,0.20540133118629456
MotionBlur/train/519.png,0.01998794823884964,0.035034749656915665
MotionBlur/train/295.png,0.028942756354808807,0.0672612264752388
MotionBlur/train/394.png,0.13515876233577728,0.22563020884990692
MotionBlur/train/273.png,0.0221998430788517,0.06333146244287491
MotionBlur/train/269.png,0.09158146381378174,0.33376067876815796
MotionBlur/train/459.png,0.08611390739679337,0.12556755542755127
MotionBlur/train/413.png,0.08056658506393433,0.2831554710865021
MotionBlur/train/773.png,0.07178119570016861,0.18454653024673462
MotionBlur/train/78.png,0.053234539926052094,0.13450397551059723
MotionBlur/train/212.png,0.0689917579293251,0.16466999053955078
MotionBlur/train/47.png,0.05144913122057915,0.14058111608028412
MotionBlur/train/786.png,0.01948617771267891,0.030498910695314407
MotionBlur/train/207.png,0.047722578048706055,0.15160471200942993
MotionBlur/train/149.png,0.023025378584861755,0.04301583766937256
MotionBlur/train/487.png,0.04372560977935791,0.15207011997699738
MotionBlur/train/13.png,0.026181362569332123,0.03297910839319229
MotionBlur/train/535.png,0.115542471408844,0.4758651554584503
MotionBlur/train/260.png,0.15673291683197021,0.20237098634243011
MotionBlur/train/253.png,0.07530305534601212,0.14431264996528625
MotionBlur/train/206.png,0.029110334813594818,0.05313977599143982
MotionBlur/train/789.png,0.022927498444914818,0.08693503588438034
MotionBlur/train/557.png,0.09361085295677185,0.16405993700027466
MotionBlur/train/613.png,0.1492365002632141,0.3718550503253937
MotionBlur/train/600.png,0.04842580854892731,0.0955413430929184
MotionBlur/train/381.png,0.030935339629650116,0.05608038604259491
MotionBlur/train/342.png,0.022299613803625107,0.03818193078041077
MotionBlur/train/346.png,0.030011409893631935,0.07699572294950485
MotionBlur/train/134.png,0.14632250368595123,0.8409090638160706
MotionBlur/train/721.png,0.04392377287149429,0.08490225672721863
MotionBlur/train/694.png,0.014730814844369888,0.034750860184431076
MotionBlur/train/590.png,0.023626836016774178,0.05998364835977554
MotionBlur/train/566.png,0.019551746547222137,0.03354889154434204
MotionBlur/train/259.png,0.01664440892636776,0.04440746083855629
MotionBlur/train/25.png,0.014146704226732254,0.04668087512254715
MotionBlur/train/285.png,0.04389088600873947,0.12679333984851837
MotionBlur/train/341.png,0.07591213285923004,0.22261138260364532
MotionBlur/train/54.png,0.02158953994512558,0.2957417964935303
MotionBlur/train/462.png,0.016624625772237778,0.05303862690925598
MotionBlur/train/558.png,0.08584333956241608,0.21161425113677979
MotionBlur/train/111.png,0.1778557300567627,0.6838566064834595
MotionBlur/train/611.png,0.030858971178531647,0.050764232873916626
MotionBlur/train/62.png,0.02503565140068531,0.06027475744485855
MotionBlur/train/205.png,0.04513508826494217,0.06638988107442856
MotionBlur/train/699.png,0.03880907595157623,0.12079247832298279
MotionBlur/train/369.png,0.04316265881061554,0.12668468058109283
MotionBlur/train/750.png,0.15194615721702576,0.6099847555160522
MotionBlur/train/141.png,0.032623257488012314,0.05698292329907417
MotionBlur/train/693.png,0.1459082067012787,0.28624433279037476
MotionBlur/train/532.png,0.02600845694541931,0.0789518654346466
MotionBlur/train/309.png,0.02305612713098526,0.06872151792049408
MotionBlur/train/560.png,0.06965722143650055,0.13287809491157532
MotionBlur/train/19.png,0.015261356718838215,0.19599588215351105
MotionBlur/train/110.png,0.03202503174543381,0.11232534795999527
MotionBlur/train/544.png,0.1532467007637024,0.6726256608963013
MotionBlur/train/308.png,0.08414536714553833,0.6515145301818848
MotionBlur/train/26.png,0.010454806499183178,0.04390769451856613
MotionBlur/train/568.png,0.02867233380675316,0.045145079493522644
MotionBlur/train/388.png,0.07620009779930115,0.1592034548521042
MotionBlur/train/79.png,0.03520037978887558,0.10174237191677094
MotionBlur/train/633.png,0.021256396546959877,0.044852107763290405
MotionBlur/train/729.png,0.043503470718860626,0.1406976729631424
MotionBlur/train/257.png,0.03121119737625122,0.06999444961547852
MotionBlur/train/305.png,0.0811438113451004,0.1402549147605896
MotionBlur/train/477.png,0.03560815751552582,0.08065789937973022
MotionBlur/train/42.png,0.12338362634181976,0.2345295548439026
MotionBlur/train/175.png,0.01920766569674015,0.2418276071548462
MotionBlur/train/518.png,0.022169606760144234,0.08055579662322998
MotionBlur/train/226.png,0.04657308757305145,0.09026751667261124
MotionBlur/train/428.png,0.20266327261924744,0.422355592250824
MotionBlur/train/217.png,0.19292116165161133,0.4951133728027344
MotionBlur/train/494.png,0.04337324947118759,0.08508630841970444
MotionBlur/train/659.png,0.024031590670347214,0.060735367238521576
MotionBlur/train/418.png,0.03032740205526352,0.11165357381105423
MotionBlur/train/452.png,0.03447359800338745,0.07793335616588593
MotionBlur/train/306.png,0.09845942258834839,0.6153507232666016
MotionBlur/train/497.png,0.22239042818546295,0.5413541197776794
MotionBlur/train/304.png,0.03838270157575607,0.11024858802556992
DaytimeFlare/test/0566.png,0.020610421895980835,0.18919028341770172
DaytimeFlare/test/0006.png,0.0779188722372055,0.34988218545913696
DaytimeFlare/test/0003.png,0.005054033827036619,0.028235850855708122
DaytimeFlare/test/0394.png,0.021076083183288574,0.048105303198099136
DaytimeFlare/test/0273.png,0.06267909705638885,0.13035517930984497
DaytimeFlare/test/0217.png,0.08616813272237778,0.17840059101581573
DaytimeFlare/test/0099.png,0.08640166372060776,0.2414911389350891
DaytimeFlare/test/0274.png,0.0440140999853611,0.1124076247215271
DaytimeFlare/test/0699.png,0.036691948771476746,0.14546361565589905
DaytimeFlare/test/0947.png,0.1276243031024933,0.310941606760025
DaytimeFlare/test/0405.png,0.041944049298763275,0.0820671021938324
DaytimeFlare/test/0044.png,0.054317474365234375,0.09793110191822052
DaytimeFlare/test/0759.png,0.06818802654743195,0.11623857915401459
DaytimeFlare/test/0071.png,0.041622892022132874,0.252139151096344
DaytimeFlare/test/0704.png,0.02863812819123268,0.05561733990907669
DaytimeFlare/test/0686.png,0.0325760543346405,0.07385675609111786
DaytimeFlare/test/0011.png,0.02800022065639496,0.11029507219791412
DaytimeFlare/test/0146.png,0.05938802286982536,0.1177755817770958
DaytimeFlare/test/0671.png,0.0882766991853714,0.18996113538742065
DaytimeFlare/test/0479.png,0.06133653223514557,0.10875175893306732
DaytimeFlare/test/0521.png,0.018016267567873,0.12658964097499847
DaytimeFlare/test/0459.png,0.02902701124548912,0.05982612073421478
DaytimeFlare/test/0067.png,0.05671795457601547,0.1103641539812088
DaytimeFlare/test/0517.png,0.060044728219509125,0.19659548997879028
DaytimeFlare/test/0974.png,0.046178773045539856,0.13194699585437775
DaytimeFlare/test/0163.png,0.011845937930047512,0.07664079964160919
DaytimeFlare/test/0881.png,0.10735028982162476,0.39981716871261597
DaytimeFlare/test/0196.png,0.029878046363592148,0.1023920476436615
DaytimeFlare/test/0958.png,0.06640656292438507,0.11189448833465576
DaytimeFlare/test/0127.png,0.11103996634483337,0.24049067497253418
DaytimeFlare/test/0445.png,0.06376473605632782,0.115603506565094
DaytimeFlare/test/0824.png,0.04639391601085663,0.09376639127731323
DaytimeFlare/test/0348.png,0.03274178504943848,0.11561291664838791
DaytimeFlare/test/0655.png,0.04700266942381859,0.10198699682950974
DaytimeFlare/test/0825.png,0.08191099762916565,0.22379234433174133
DaytimeFlare/test/0464.png,0.014057733118534088,0.03532963618636131
DaytimeFlare/test/0073.png,0.061865925788879395,0.10566259920597076
DaytimeFlare/test/0618.png,0.0331142321228981,0.07807867228984833
DaytimeFlare/test/0117.png,0.05444415286183357,0.12424398958683014
DaytimeFlare/test/0907.png,0.06584304571151733,0.1916777491569519
DaytimeFlare/test/0432.png,0.05472700670361519,0.1625072956085205
DaytimeFlare/test/0990.png,0.02088680863380432,0.045938894152641296
DaytimeFlare/test/0332.png,0.035589881241321564,0.07431924343109131
DaytimeFlare/test/0558.png,0.09131299704313278,0.21645031869411469
DaytimeFlare/test/0103.png,0.058783434331417084,0.10229780524969101
DaytimeFlare/test/0114.png,0.008671886287629604,0.16310618817806244
DaytimeFlare/test/0367.png,0.012491069734096527,0.029204899445176125
DaytimeFlare/test/0570.png,0.025550343096256256,0.05094456300139427
DaytimeFlare/test/0270.png,0.14835919439792633,0.3152056634426117
DaytimeFlare/test/0032.png,0.009813982993364334,0.03843339532613754
DaytimeFlare/test/0867.png,0.10264746844768524,0.2616240084171295
DaytimeFlare/test/0718.png,0.06556093692779541,0.1437368392944336
DaytimeFlare/test/0964.png,0.06968550384044647,0.25920790433883667
DaytimeFlare/test/0238.png,0.17832905054092407,0.4987123906612396
DaytimeFlare/test/0739.png,0.043381690979003906,0.09558140486478806
DaytimeFlare/test/0225.png,0.021923761814832687,0.05155235528945923
DaytimeFlare/test/0890.png,0.06386622786521912,0.16295982897281647
DaytimeFlare/test/0271.png,0.027656439691781998,0.11758551001548767
DaytimeFlare/test/0603.png,0.08330568671226501,0.2376480996608734
DaytimeFlare/test/0095.png,0.04176250100135803,0.07669331133365631
DaytimeFlare/test/0597.png,0.020934738218784332,0.28485947847366333
DaytimeFlare/test/0994.png,0.07689730823040009,0.2246929109096527
DaytimeFlare/test/0214.png,0.019843030720949173,0.04576857015490532
DaytimeFlare/test/0390.png,0.0392533615231514,0.09113872796297073
DaytimeFlare/test/0849.png,0.04238644242286682,0.08394365757703781
DaytimeFlare/test/0735.png,0.009352622553706169,0.019385650753974915
DaytimeFlare/test/0978.png,0.025264792144298553,0.053175874054431915
DaytimeFlare/test/0656.png,0.06706929206848145,0.3353534936904907
DaytimeFlare/test/0633.png,0.027152016758918762,0.17038194835186005
DaytimeFlare/test/0754.png,0.02805682271718979,0.3818472921848297
DaytimeFlare/test/0654.png,0.013476157560944557,0.05613447725772858
DaytimeFlare/test/0234.png,0.013859041035175323,0.13653001189231873
DaytimeFlare/test/0161.png,0.015239881351590157,0.039794620126485825
DaytimeFlare/test/0142.png,0.017535021528601646,0.026679378002882004
DaytimeFlare/test/0696.png,-0.019497262313961983,0.12317882478237152
DaytimeFlare/test/0323.png,0.031157631427049637,0.05829974636435509
DaytimeFlare/test/0166.png,0.06023184210062027,0.10286324471235275
DaytimeFlare/test/0736.png,0.13716596364974976,0.2703166604042053
DaytimeFlare/test/0665.png,0.03402457386255264,0.2561057507991791
DaytimeFlare/test/0982.png,0.07972444593906403,0.15787100791931152
DaytimeFlare/test/0344.png,0.037376727908849716,0.0637688934803009
DaytimeFlare/test/0841.png,0.060652509331703186,0.10255388915538788
DaytimeFlare/test/0826.png,0.015106983482837677,0.029528334736824036
DaytimeFlare/test/0983.png,0.07320421934127808,0.15225687623023987
DaytimeFlare/test/0046.png,0.01793694496154785,0.04239166900515556
DaytimeFlare/test/0714.png,0.02233150787651539,0.09446296095848083
DaytimeFlare/test/0296.png,0.07851510494947433,0.13154363632202148
DaytimeFlare/test/0721.png,0.013158166781067848,0.11336483061313629
DaytimeFlare/test/0030.png,0.1252199113368988,0.18019451200962067
DaytimeFlare/test/0956.png,0.09585294127464294,0.19835686683654785
DaytimeFlare/test/0546.png,0.049180030822753906,0.060655586421489716
DaytimeFlare/test/0887.png,0.020487427711486816,0.03070075437426567
DaytimeFlare/test/0379.png,-0.18764552474021912,0.20680080354213715
DaytimeFlare/test/0925.png,0.029314927756786346,0.045173920691013336
DaytimeFlare/test/0410.png,0.08575977385044098,0.2543241083621979
DaytimeFlare/test/0913.png,0.03763122856616974,0.06780275702476501
DaytimeFlare/test/0223.png,0.09767238050699234,0.21747896075248718
DaytimeFlare/test/0233.png,0.028587128967046738,0.13688510656356812
DaytimeFlare/test/0908.png,0.032205577939748764,0.11846023797988892
DaytimeFlare/test/0388.png,0.05573047325015068,0.11709043383598328
DaytimeFlare/test/0228.png,0.08497942239046097,0.16020408272743225
DaytimeFlare/test/0677.png,0.17537346482276917,0.2768143117427826
DaytimeFlare/test/0623.png,0.020447494462132454,0.03563511371612549
DaytimeFlare/test/0363.png,0.04002814739942551,0.10095923393964767
DaytimeFlare/test/0469.png,0.043007805943489075,0.09678123146295547
DaytimeFlare/test/0992.png,0.02867291495203972,0.05298592150211334
DaytimeFlare/test/0875.png,0.06140100210905075,0.15950565040111542
DaytimeFlare/test/0370.png,0.028903964906930923,0.1276368945837021
DaytimeFlare/test/0828.png,0.014115208759903908,0.04302482306957245
DaytimeFlare/test/0936.png,0.05970696359872818,0.16242147982120514
DaytimeFlare/test/0773.png,0.04796040058135986,0.32641422748565674
DaytimeFlare/test/0224.png,0.06945443153381348,0.20470449328422546
DaytimeFlare/test/0156.png,0.006627153139561415,0.016616560518741608
DaytimeFlare/test/0604.png,0.010743943974375725,0.08024358749389648
DaytimeFlare/test/0284.png,0.018307862803339958,0.061152659356594086
DaytimeFlare/test/0167.png,0.10868437588214874,0.2838664650917053
DaytimeFlare/test/0438.png,0.051801636815071106,0.11899015307426453
DaytimeFlare/test/0322.png,0.058504052460193634,0.11014094948768616
DaytimeFlare/test/0986.png,-0.010731905698776245,0.1255432367324829
DaytimeFlare/test/0048.png,0.02259601280093193,0.035284385085105896
DaytimeFlare/test/0470.png,0.02874813973903656,0.3087962865829468
DaytimeFlare/test/0511.png,0.09126388281583786,0.48211371898651123
DaytimeFlare/test/0650.png,0.021440602838993073,0.08626773953437805
DaytimeFlare/test/0541.png,0.08287285268306732,0.21641874313354492
DaytimeFlare/test/0373.png,0.020905915647745132,0.056904565542936325
DaytimeFlare/test/0352.png,0.0307699553668499,0.04587594419717789
DaytimeFlare/test/0175.png,0.024990437552332878,0.23424142599105835
DaytimeFlare/test/0598.png,0.07155317813158035,0.26439395546913147
DaytimeFlare/test/0768.png,0.010772498324513435,0.057049743831157684
DaytimeFlare/test/0811.png,0.019239220768213272,0.23719096183776855
DaytimeFlare/test/0787.png,0.04471924155950546,0.09560581296682358
DaytimeFlare/test/0830.png,0.04900004714727402,0.07635959982872009
DaytimeFlare/test/0998.png,0.02165837213397026,0.05512204021215439
DaytimeFlare/test/0899.png,0.0830024778842926,0.22016304731369019
DaytimeFlare/test/0698.png,0.05371502786874771,0.10912004113197327
DaytimeFlare/test/0643.png,0.03668050467967987,0.15972310304641724
DaytimeFlare/test/0408.png,0.2102278769016266,0.4558251202106476
DaytimeFlare/test/0954.png,0.04429604858160019,0.13082167506217957
DaytimeFlare/test/0094.png,0.06191246211528778,0.14706599712371826
DaytimeFlare/test/0733.png,0.028116978704929352,0.06445036828517914
DaytimeFlare/test/0473.png,0.03774195909500122,0.3612913191318512
DaytimeFlare/test/0616.png,0.029217218980193138,0.08421538770198822
DaytimeFlare/test/0610.png,0.0246192067861557,0.032123759388923645
DaytimeFlare/test/0882.png,0.07333806157112122,0.1903531402349472
DaytimeFlare/test/0746.png,0.013300122693181038,0.03385712206363678
DaytimeFlare/test/0764.png,0.029678184539079666,0.04954838007688522
DaytimeFlare/test/0216.png,0.035858675837516785,0.151791051030159
DaytimeFlare/test/0791.png,0.11228334903717041,0.1850089430809021
DaytimeFlare/test/0574.png,0.09797026216983795,0.16388662159442902
DaytimeFlare/test/0863.png,0.021492857486009598,0.07834543287754059
DaytimeFlare/test/0389.png,0.05219544097781181,0.20549295842647552
DaytimeFlare/test/0093.png,0.1359548717737198,0.21295994520187378
DaytimeFlare/test/0505.png,0.03275345638394356,0.05398441478610039
DaytimeFlare/test/0786.png,0.07136998325586319,0.20326992869377136
DaytimeFlare/test/0081.png,0.03451924026012421,0.058208733797073364
DaytimeFlare/test/0580.png,0.07146580517292023,0.25881776213645935
DaytimeFlare/test/0692.png,0.024636298418045044,0.04873139038681984
DaytimeFlare/test/0762.png,0.04331698641180992,0.1942775696516037
DaytimeFlare/test/0057.png,0.18059006333351135,0.35674789547920227
DaytimeFlare/test/0794.png,0.11568604409694672,0.27493029832839966
DaytimeFlare/test/0738.png,0.0632668286561966,0.3558591604232788
DaytimeFlare/test/0203.png,0.06242641806602478,0.07934299856424332
DaytimeFlare/test/0642.png,0.14794136583805084,0.27501988410949707
DaytimeFlare/test/0758.png,0.0427207350730896,0.11016122251749039
DaytimeFlare/test/0300.png,0.021346835419535637,0.09979056566953659
DaytimeFlare/test/0025.png,0.06603476405143738,0.13791553676128387
DaytimeFlare/test/0747.png,0.04947833716869354,0.07362508028745651
DaytimeFlare/test/0591.png,0.013972925022244453,0.03528695926070213
DaytimeFlare/test/0027.png,0.14637109637260437,0.2898239493370056
DaytimeFlare/test/0970.png,0.1799089014530182,0.4762241542339325
DaytimeFlare/test/0777.png,0.02908320352435112,0.08842979371547699
DaytimeFlare/test/0854.png,0.01636725291609764,0.03590540587902069
DaytimeFlare/test/0276.png,0.01727934740483761,0.051498495042324066
DaytimeFlare/test/0112.png,0.06617498397827148,0.23910245299339294
DaytimeFlare/test/0701.png,0.21359358727931976,0.5056509375572205
DaytimeFlare/test/0955.png,0.018049651756882668,0.0527895912528038
DaytimeFlare/test/0159.png,0.03659430146217346,0.06455861777067184
DaytimeFlare/test/0549.png,0.040421947836875916,0.06747224926948547
DaytimeFlare/test/0565.png,0.05197983607649803,0.08039811253547668
DaytimeFlare/test/0930.png,0.018620308488607407,0.042277991771698
DaytimeFlare/test/0080.png,0.026765722781419754,0.03916098177433014
DaytimeFlare/test/0104.png,0.013297777622938156,0.072198286652565
DaytimeFlare/test/0065.png,0.09090617299079895,0.25524982810020447
DaytimeFlare/test/0089.png,0.027618885040283203,0.15508787333965302
DaytimeFlare/test/0141.png,0.029535740613937378,0.0448627844452858
DaytimeFlare/test/0658.png,0.04548299312591553,0.1514865607023239
DaytimeFlare/test/0250.png,0.04062935709953308,0.12383273243904114
DaytimeFlare/test/0429.png,0.13697636127471924,0.2096978724002838
DaytimeFlare/test/0269.png,0.06949175894260406,0.11732955276966095
DaytimeFlare/test/0906.png,0.04988212138414383,0.24015846848487854
DaytimeFlare/test/0257.png,0.05877591669559479,0.17347051203250885
DaytimeFlare/test/0663.png,0.06749013811349869,0.09832875430583954
DaytimeFlare/test/0281.png,0.2702891528606415,0.3427239656448364
DaytimeFlare/test/0781.png,0.10847900807857513,0.16420228779315948
DaytimeFlare/test/0387.png,0.04020383581519127,0.11958964169025421
DaytimeFlare/test/0963.png,0.06463660299777985,0.14105035364627838
DaytimeFlare/test/0551.png,0.019514653831720352,0.02854192443192005
DaytimeFlare/test/0220.png,0.049275659024715424,0.1697939932346344
DaytimeFlare/test/0252.png,0.09020578861236572,0.30324381589889526
DaytimeFlare/test/0931.png,0.017205169424414635,0.036055855453014374
DaytimeFlare/train/0115.png,0.039989858865737915,0.15308088064193726
DaytimeFlare/train/0050.png,0.031057551503181458,0.07074936479330063
DaytimeFlare/train/0501.png,0.0850430428981781,0.13379298150539398
DaytimeFlare/train/0263.png,0.02984171360731125,0.08062104880809784
DaytimeFlare/train/0133.png,0.03152571618556976,0.10337373614311218
DaytimeFlare/train/0563.png,0.03907416760921478,0.2699301540851593
DaytimeFlare/train/0693.png,0.011989446356892586,0.059044018387794495
DaytimeFlare/train/0857.png,0.07683038711547852,0.09973225742578506
DaytimeFlare/train/0516.png,0.03573673591017723,0.06268641352653503
DaytimeFlare/train/0013.png,0.022555330768227577,0.07141771912574768
DaytimeFlare/train/0052.png,0.04572570323944092,0.11102575808763504
DaytimeFlare/train/0178.png,0.05188409984111786,0.10741405189037323
DaytimeFlare/train/0314.png,0.03201616182923317,0.08607640117406845
DaytimeFlare/train/0139.png,0.08946378529071808,0.16983695328235626
DaytimeFlare/train/0460.png,0.02604678086936474,0.050516046583652496
DaytimeFlare/train/0148.png,0.03362930566072464,0.12593886256217957
DaytimeFlare/train/0816.png,0.06374290585517883,0.1349344551563263
DaytimeFlare/train/0242.png,0.13383084535598755,0.20573380589485168
DaytimeFlare/train/0337.png,0.03489985689520836,0.054286520928144455
DaytimeFlare/train/0835.png,0.045270148664712906,0.07096236199140549
DaytimeFlare/train/0185.png,0.04603949189186096,0.10994625836610794
DaytimeFlare/train/0740.png,0.029855892062187195,0.11362233757972717
DaytimeFlare/train/0889.png,0.028267651796340942,0.05686064809560776
DaytimeFlare/train/0226.png,-0.06641194224357605,0.4289059042930603
DaytimeFlare/train/0053.png,0.033095721155405045,0.18250790238380432
DaytimeFlare/train/0096.png,0.051554858684539795,0.09575135260820389
DaytimeFlare/train/0451.png,0.07860161364078522,0.16252076625823975
DaytimeFlare/train/0340.png,0.03841181844472885,0.07798580825328827
DaytimeFlare/train/0453.png,0.06899287551641464,0.1497403383255005
DaytimeFlare/train/0301.png,0.04567120224237442,0.08049743622541428
DaytimeFlare/train/0670.png,0.14102518558502197,0.29425108432769775
DaytimeFlare/train/0968.png,0.027125723659992218,0.18247395753860474
DaytimeFlare/train/0295.png,0.025817763060331345,0.05416657775640488
DaytimeFlare/train/0512.png,0.012600255198776722,0.13819348812103271
DaytimeFlare/train/0341.png,-0.17839568853378296,0.13668616116046906
DaytimeFlare/train/0039.png,0.056362517178058624,0.13924309611320496
DaytimeFlare/train/0480.png,0.04256105422973633,0.23661427199840546
DaytimeFlare/train/0266.png,0.11061830818653107,0.23942378163337708
DaytimeFlare/train/0208.png,0.037943847477436066,0.052581146359443665
DaytimeFlare/train/0576.png,0.054186493158340454,0.0992002785205841
DaytimeFlare/train/0369.png,0.0728691890835762,0.2544625699520111
DaytimeFlare/train/0311.png,0.07897529006004333,0.1757350116968155
DaytimeFlare/train/0412.png,0.034711770713329315,0.08544346690177917
DaytimeFlare/train/0486.png,0.005147471092641354,0.03963172435760498
DaytimeFlare/train/0291.png,0.07613271474838257,0.1607937514781952
DaytimeFlare/train/0360.png,0.035342276096343994,0.07171203941106796
DaytimeFlare/train/0153.png,0.06716315448284149,0.13291510939598083
DaytimeFlare/train/0017.png,0.0326814278960228,0.07230916619300842
DaytimeFlare/train/0007.png,0.023600120097398758,0.06616969406604767
DaytimeFlare/train/0646.png,0.030092669650912285,0.06866976618766785
DaytimeFlare/train/0433.png,0.010805467143654823,0.017840474843978882
DaytimeFlare/train/0529.png,0.052436463534832,0.1258666217327118
DaytimeFlare/train/0950.png,0.05185320973396301,0.23670829832553864
DaytimeFlare/train/0971.png,0.0425785630941391,0.10207933187484741
DaytimeFlare/train/0286.png,0.05458766222000122,0.08686375617980957
DaytimeFlare/train/0834.png,0.015335643664002419,0.05601959675550461
DaytimeFlare/train/0375.png,0.044057443737983704,0.07979954779148102
DaytimeFlare/train/0766.png,0.06769092381000519,0.14586609601974487
DaytimeFlare/train/0118.png,0.07379055768251419,0.18953371047973633
DaytimeFlare/train/0804.png,0.042000383138656616,0.12576456367969513
DaytimeFlare/train/0712.png,0.1200082004070282,0.20558416843414307
DaytimeFlare/train/0752.png,0.18093757331371307,0.6423688530921936
DaytimeFlare/train/0763.png,0.0890154242515564,0.19325485825538635
DaytimeFlare/train/0940.png,0.0906907171010971,0.20851850509643555
DaytimeFlare/train/0439.png,0.05686463043093681,0.12768837809562683
DaytimeFlare/train/0475.png,0.05890509486198425,0.10268378257751465
DaytimeFlare/train/0683.png,0.026113491505384445,0.11265875399112701
DaytimeFlare/train/0316.png,0.04585626721382141,0.701366662979126
DaytimeFlare/train/0180.png,0.03023667074739933,0.07093791663646698
DaytimeFlare/train/0802.png,0.06327496469020844,0.13180029392242432
DaytimeFlare/train/0872.png,0.08471040427684784,0.18196788430213928
DaytimeFlare/train/0041.png,0.011536349542438984,0.028061240911483765
DaytimeFlare/train/0472.png,0.027461130172014236,0.06522567570209503
DaytimeFlare/train/0697.png,0.0424911193549633,0.15226700901985168
DaytimeFlare/train/0495.png,0.03197689354419708,0.049943216145038605
DaytimeFlare/train/0078.png,0.02989862859249115,0.06346217542886734
DaytimeFlare/train/0866.png,0.05725223571062088,0.11895056068897247
DaytimeFlare/train/0077.png,0.018041744828224182,0.05272287130355835
DaytimeFlare/train/0427.png,0.08870214223861694,0.13800400495529175
DaytimeFlare/train/0119.png,0.029290534555912018,0.184179425239563
DaytimeFlare/train/0846.png,0.04725334793329239,0.11679524183273315
DaytimeFlare/train/0884.png,0.1444544792175293,0.39391475915908813
DaytimeFlare/train/0345.png,0.05373469367623329,0.11817704141139984
DaytimeFlare/train/0562.png,0.0073232268914580345,0.07868601381778717
DaytimeFlare/train/0424.png,0.023889482021331787,0.05919237062335014
DaytimeFlare/train/0711.png,-0.04347078502178192,0.18467706441879272
DaytimeFlare/train/0419.png,0.03604639694094658,0.07002416253089905
DaytimeFlare/train/0355.png,0.039442382752895355,0.1264236569404602
DaytimeFlare/train/0122.png,0.012848656624555588,0.05426793545484543
DaytimeFlare/train/0202.png,0.027201298624277115,0.05152125284075737
DaytimeFlare/train/0905.png,0.02990797534584999,0.09390279650688171
DaytimeFlare/train/0876.png,0.09017303586006165,0.17808473110198975
DaytimeFlare/train/0194.png,0.04645046591758728,0.10877925157546997
DaytimeFlare/train/0339.png,0.03591457009315491,0.07181058824062347
DaytimeFlare/train/0985.png,0.026207609102129936,0.39510002732276917
DaytimeFlare/train/0189.png,0.02032065950334072,0.0615580789744854
DaytimeFlare/train/0662.png,0.018519550561904907,0.03429829329252243
DaytimeFlare/train/0047.png,0.15018796920776367,0.4292622208595276
DaytimeFlare/train/0612.png,0.031162815168499947,0.13376323878765106
DaytimeFlare/train/0807.png,0.12647174298763275,0.47274065017700195
DaytimeFlare/train/0761.png,0.06640087813138962,0.09968439489603043
DaytimeFlare/train/0737.png,0.058935463428497314,0.10177532583475113
DaytimeFlare/train/0588.png,0.049519382417201996,0.09165644645690918
DaytimeFlare/train/0780.png,0.05488697439432144,0.15051713585853577
DaytimeFlare/train/0573.png,0.0460582971572876,0.09522117674350739
DaytimeFlare/train/0561.png,0.0893045961856842,0.21567977964878082
DaytimeFlare/train/0239.png,-0.003375951200723648,0.24201250076293945
DaytimeFlare/train/0675.png,-0.015975171700119972,0.46864593029022217
DaytimeFlare/train/0249.png,0.022117294371128082,0.0497598871588707
DaytimeFlare/train/0821.png,0.03502529114484787,0.052652936428785324
DaytimeFlare/train/0393.png,0.05465858429670334,0.2757040858268738
DaytimeFlare/train/0418.png,0.04849303513765335,0.09400402009487152
DaytimeFlare/train/0152.png,0.03111102804541588,0.128230482339859
DaytimeFlare/train/0809.png,0.08217554539442062,0.1349421739578247
DaytimeFlare/train/0631.png,0.009293098002672195,0.12821036577224731
DaytimeFlare/train/0554.png,0.09658980369567871,0.1389036476612091
DaytimeFlare/train/0910.png,0.07535968720912933,0.1381608247756958
DaytimeFlare/train/0608.png,0.01970294862985611,0.09190665930509567
DaytimeFlare/train/0157.png,0.03411716967821121,0.08567565679550171
DaytimeFlare/train/0304.png,0.009635375812649727,0.07635074108839035
DaytimeFlare/train/0137.png,0.03144006058573723,0.060167305171489716
DaytimeFlare/train/0917.png,0.07727918773889542,0.24685035645961761
DaytimeFlare/train/0667.png,0.0017869328148663044,0.029371093958616257
DaytimeFlare/train/0083.png,0.014022557064890862,0.08401091396808624
DaytimeFlare/train/0444.png,0.12211708724498749,0.23087939620018005
DaytimeFlare/train/0069.png,0.12328264117240906,0.2906286120414734
DaytimeFlare/train/0600.png,0.04165880009531975,0.09510036557912827
DaytimeFlare/train/0801.png,0.019145969301462173,0.27303558588027954
DaytimeFlare/train/0617.png,0.042513102293014526,0.21054814755916595
DaytimeFlare/train/0590.png,0.09063772857189178,0.4786611497402191
DaytimeFlare/train/0914.png,0.0017669540829956532,0.08822758495807648
DaytimeFlare/train/0275.png,0.0853477418422699,0.20662179589271545
DaytimeFlare/train/0351.png,0.12393908202648163,0.1963568925857544
DaytimeFlare/train/0378.png,0.13443075120449066,0.44893136620521545
DaytimeFlare/train/0140.png,0.06987272948026657,0.14211827516555786
DaytimeFlare/train/0392.png,0.017523428425192833,0.03394940122961998
DaytimeFlare/train/0072.png,0.05616943910717964,0.3809918761253357
DaytimeFlare/train/0864.png,0.004190637264400721,0.08597499132156372
DaytimeFlare/train/0297.png,0.10981178283691406,0.15752099454402924
DaytimeFlare/train/0294.png,0.03182051330804825,0.1149262860417366
DaytimeFlare/train/0513.png,0.2213236540555954,0.34843766689300537
DaytimeFlare/train/0086.png,0.03909565508365631,0.14868071675300598
DaytimeFlare/train/0726.png,0.03139244765043259,0.07198698818683624
DaytimeFlare/train/0487.png,0.06498086452484131,0.1699645221233368
DaytimeFlare/train/0613.png,0.03742004185914993,0.16370154917240143
DaytimeFlare/train/0506.png,0.03985786437988281,0.11403940618038177
DaytimeFlare/train/0450.png,0.11376786231994629,0.26174476742744446
DaytimeFlare/train/0229.png,0.0195222906768322,0.04071137309074402
DaytimeFlare/train/0090.png,0.04566504806280136,0.11647889018058777
DaytimeFlare/train/0715.png,0.03412860631942749,0.06615149974822998
DaytimeFlare/train/0972.png,0.07526994496583939,0.3205399215221405
DaytimeFlare/train/0702.png,0.030744291841983795,0.052045732736587524
DaytimeFlare/train/0628.png,0.017320184037089348,0.06439580023288727
DaytimeFlare/train/0527.png,0.022057995200157166,0.09551975876092911
DaytimeFlare/train/0342.png,0.031945448368787766,0.05875742807984352
DaytimeFlare/train/0396.png,0.150618314743042,0.2787230312824249
DaytimeFlare/train/0967.png,0.03301919624209404,0.06065957620739937
DaytimeFlare/train/0568.png,0.06572790443897247,0.260753333568573
DaytimeFlare/train/0742.png,0.062425434589385986,0.1102350503206253
DaytimeFlare/train/0640.png,-0.011513423174619675,0.06720675528049469
DaytimeFlare/train/0491.png,0.037851154804229736,0.08195440471172333
DaytimeFlare/train/0218.png,0.04481642693281174,0.07717519253492355
DaytimeFlare/train/0948.png,0.043311797082424164,0.08379051834344864
DaytimeFlare/train/0920.png,0.12865717709064484,0.28176796436309814
DaytimeFlare/train/0589.png,0.10332902520895004,0.24261784553527832
DaytimeFlare/train/0492.png,0.1454886943101883,0.37387776374816895
DaytimeFlare/train/0330.png,0.15496650338172913,0.33692100644111633
DaytimeFlare/train/0101.png,0.14303329586982727,0.26087889075279236
DaytimeFlare/train/0210.png,0.06832107901573181,0.2254604697227478
DaytimeFlare/train/0066.png,0.06959909945726395,0.15559759736061096
DaytimeFlare/train/0592.png,0.06593779474496841,0.1759638488292694
DaytimeFlare/train/0353.png,0.1656234711408615,0.32686010003089905
DaytimeFlare/train/0856.png,0.04681887477636337,0.10261651873588562
DaytimeFlare/train/0457.png,0.0226045623421669,0.047077473253011703
DaytimeFlare/train/0106.png,0.03786446899175644,0.06502537429332733
DaytimeFlare/train/0928.png,0.12387610971927643,0.24667564034461975
DaytimeFlare/train/0441.png,0.025340741500258446,0.051230743527412415
DaytimeFlare/train/0795.png,0.050396859645843506,0.10028470307588577
DaytimeFlare/train/0091.png,0.13309895992279053,0.28825169801712036
DaytimeFlare/train/0717.png,0.14865219593048096,0.4064088761806488
DaytimeFlare/train/0132.png,0.08568064868450165,0.19596457481384277
DaytimeFlare/train/0181.png,0.08301165699958801,0.21553991734981537
DaytimeFlare/train/0290.png,0.01696746051311493,0.035059183835983276
DaytimeFlare/train/0212.png,0.10086467862129211,0.1513541042804718
DaytimeFlare/train/0076.png,0.01830875687301159,0.147978276014328
DaytimeFlare/train/0074.png,0.03826781362295151,0.10546541213989258
DaytimeFlare/train/0713.png,0.02593359723687172,0.10528836399316788
DaytimeFlare/train/0319.png,0.007831629365682602,0.08962158858776093
DaytimeFlare/train/0871.png,0.018966298550367355,0.030989237129688263
DaytimeFlare/train/0532.png,0.0028254541102796793,0.08177156746387482
DaytimeFlare/train/0797.png,0.01763872243463993,0.0721312016248703
DaytimeFlare/train/0681.png,0.02406807616353035,0.054074324667453766
DaytimeFlare/train/0049.png,0.02768266201019287,0.03967486321926117
DaytimeFlare/train/0241.png,0.058459460735321045,0.07877479493618011
DaytimeFlare/train/0108.png,0.12646974623203278,0.1869909167289734
DaytimeFlare/train/0545.png,0.01704033836722374,0.03755567967891693
DaytimeFlare/train/0644.png,0.0030977358110249043,0.11099892854690552
DaytimeFlare/train/0088.png,0.053646765649318695,0.11313743144273758
DaytimeFlare/train/0548.png,0.03811205178499222,0.2528979182243347
DaytimeFlare/train/0688.png,0.1776522696018219,0.3740428686141968
DaytimeFlare/train/0685.png,0.07697810232639313,0.1365203708410263
DaytimeFlare/train/0819.png,0.09033520519733429,0.19709163904190063
DaytimeFlare/train/0303.png,0.055864326655864716,0.14796745777130127
DaytimeFlare/train/0259.png,0.03947898745536804,0.14303995668888092
DaytimeFlare/train/0933.png,0.00935480184853077,0.17574076354503632
DaytimeFlare/train/0559.png,0.024597082287073135,0.04209991544485092
DaytimeFlare/train/0016.png,0.012320360168814659,0.022576309740543365
DaytimeFlare/train/0401.png,0.03235034644603729,0.05702326446771622
DaytimeFlare/train/0230.png,0.04747182875871658,0.08181869983673096
DaytimeFlare/train/0317.png,0.026876777410507202,0.06834162026643753
DaytimeFlare/train/0440.png,0.04283285140991211,0.11261323094367981
DaytimeFlare/train/0748.png,0.07241460680961609,0.19203907251358032
DaytimeFlare/train/0084.png,0.013035688549280167,0.06635148823261261
DaytimeFlare/train/0193.png,0.01617736555635929,0.03525588661432266
DaytimeFlare/train/0975.png,0.07231207191944122,0.13985922932624817
DaytimeFlare/train/0837.png,0.010078182443976402,0.03843037039041519
DaytimeFlare/train/0734.png,0.06113038212060928,0.1998693197965622
DaytimeFlare/train/0945.png,0.15352514386177063,0.2234298288822174
DaytimeFlare/train/0446.png,-0.003949659876525402,0.05886217951774597
DaytimeFlare/train/0530.png,0.05607643723487854,0.17574283480644226
DaytimeFlare/train/0169.png,0.02004050835967064,0.037427499890327454
DaytimeFlare/train/0199.png,0.0510910302400589,0.11720985174179077
DaytimeFlare/train/0518.png,0.18908706307411194,0.3349250555038452
DaytimeFlare/train/0033.png,0.02891894057393074,0.07037009298801422
DaytimeFlare/train/0318.png,0.08560138940811157,0.12087909132242203
DaytimeFlare/train/0246.png,0.025541450828313828,0.04686439037322998
DaytimeFlare/train/0253.png,0.09432922303676605,0.20369552075862885
DaytimeFlare/train/0853.png,0.13235251605510712,0.3134126365184784
DaytimeFlare/train/0325.png,0.024878378957509995,0.3789171576499939
DaytimeFlare/train/0333.png,0.21062779426574707,0.6222245693206787
DaytimeFlare/train/0298.png,0.2394959032535553,0.3528759479522705
DaytimeFlare/train/0165.png,0.044425372034311295,0.1117262914776802
DaytimeFlare/train/0648.png,0.0657552033662796,0.18417209386825562
DaytimeFlare/train/0969.png,0.04437611997127533,0.058127399533987045
DaytimeFlare/train/0468.png,0.08833497762680054,0.4761658310890198
DaytimeFlare/train/0710.png,0.02346763014793396,0.07314826548099518
DaytimeFlare/train/0055.png,0.027115631848573685,0.09738287329673767
DaytimeFlare/train/0893.png,0.048768140375614166,0.0771491527557373
DaytimeFlare/train/0898.png,0.08685238659381866,0.37722885608673096
DaytimeFlare/train/0885.png,0.04555930942296982,0.1148448958992958
DaytimeFlare/train/0272.png,0.039005350321531296,0.08093823492527008
DaytimeFlare/train/0839.png,0.03778153657913208,0.06181642785668373
DaytimeFlare/train/0960.png,0.024687232449650764,0.053281232714653015
DaytimeFlare/train/0753.png,0.015027813613414764,0.024970849975943565
DaytimeFlare/train/0669.png,0.015450878068804741,0.02210933342576027
DaytimeFlare/train/0004.png,0.014022945426404476,0.03498002514243126
DaytimeFlare/train/0236.png,-0.02981765940785408,0.39163655042648315
DaytimeFlare/train/0466.png,0.008578486740589142,0.10482032597064972
DaytimeFlare/train/0719.png,0.036936379969120026,0.062256231904029846
DaytimeFlare/train/0409.png,0.08596956729888916,0.23246878385543823
DaytimeFlare/train/0540.png,-0.008391594514250755,0.30827367305755615
DaytimeFlare/train/0054.png,-0.009875974617898464,0.08272120356559753
DaytimeFlare/train/0206.png,0.06852199137210846,0.1124010905623436
DaytimeFlare/train/0581.png,0.1834694743156433,0.476318895816803
DaytimeFlare/train/0941.png,-0.0565389022231102,0.14743441343307495
DaytimeFlare/train/0386.png,0.014956779778003693,0.04850871115922928
DaytimeFlare/train/0620.png,0.021684272214770317,0.04569290950894356
DaytimeFlare/train/0813.png,0.016279544681310654,0.05015592277050018
DaytimeFlare/train/0403.png,-0.016975510865449905,0.40466129779815674
DaytimeFlare/train/0519.png,0.06557066738605499,0.24400559067726135
DaytimeFlare/train/0790.png,0.034780457615852356,0.07224267721176147
DaytimeFlare/train/0075.png,0.031445637345314026,0.12243716418743134
DaytimeFlare/train/0124.png,0.04397425800561905,0.07703348994255066
DaytimeFlare/train/0911.png,0.029118884354829788,0.1595572531223297
DaytimeFlare/train/0452.png,0.034058839082717896,0.12907329201698303
DaytimeFlare/train/0372.png,0.032693032175302505,0.12661612033843994
DaytimeFlare/train/0397.png,0.1285020262002945,0.6796868443489075
DaytimeFlare/train/0125.png,0.10680884122848511,0.25922805070877075
DaytimeFlare/train/0689.png,0.04474593698978424,0.17844490706920624
DaytimeFlare/train/0456.png,0.020202990621328354,0.19208727777004242
DaytimeFlare/train/0255.png,0.0033043879084289074,0.010801026597619057
DaytimeFlare/train/0602.png,0.00806753896176815,0.08604340255260468
DaytimeFlare/train/0434.png,0.045362457633018494,0.26350438594818115
DaytimeFlare/train/0171.png,0.08232652395963669,0.22644227743148804
DaytimeFlare/train/0523.png,0.12909504771232605,0.425223171710968
DaytimeFlare/train/0647.png,0.12072303891181946,0.35009652376174927
DaytimeFlare/train/0147.png,0.023035893216729164,0.04530978202819824
DaytimeFlare/train/0594.png,0.04225948452949524,0.09223447740077972
DaytimeFlare/train/0021.png,0.12422079592943192,0.25494709610939026
DaytimeFlare/train/0428.png,0.015823423862457275,0.031375907361507416
DaytimeFlare/train/0619.png,0.022648969665169716,0.04182184487581253
DaytimeFlare/train/0162.png,0.022378867492079735,0.048895061016082764
DaytimeFlare/train/0371.png,0.01778416521847248,0.07030345499515533
DaytimeFlare/train/0836.png,0.028906164690852165,0.050795674324035645
DaytimeFlare/train/0771.png,0.012214777991175652,0.021383194252848625
DaytimeFlare/train/0808.png,0.04762043058872223,0.07615472376346588
DaytimeFlare/train/0599.png,0.03680000454187393,0.07659696042537689
DaytimeFlare/train/0116.png,0.034884240478277206,0.05423632636666298
DaytimeFlare/train/0999.png,0.04298754036426544,0.05865597724914551
DaytimeFlare/train/0751.png,0.06536668539047241,0.2194857895374298
DaytimeFlare/train/0649.png,0.06920027732849121,0.15734267234802246
DaytimeFlare/train/0724.png,0.02948385663330555,0.04322439432144165
DaytimeFlare/train/0652.png,0.004409933462738991,0.1808881163597107
DaytimeFlare/train/0058.png,0.04690532013773918,0.07234662771224976
DaytimeFlare/train/0865.png,0.13607347011566162,0.302170068025589
DaytimeFlare/train/0843.png,0.03189723193645477,0.06771275401115417
DaytimeFlare/train/0895.png,0.07066567242145538,0.15649548172950745
DaytimeFlare/train/0293.png,0.053788069635629654,0.1018209308385849
DaytimeFlare/train/0870.png,0.1210707277059555,0.2171582281589508
DaytimeFlare/train/0577.png,0.019678879529237747,0.025361383333802223
DaytimeFlare/train/0221.png,0.13879644870758057,0.30482521653175354
DaytimeFlare/train/0070.png,0.05641289800405502,0.18898598849773407
DaytimeFlare/train/0358.png,0.009930571541190147,0.023754514753818512
DaytimeFlare/train/0778.png,0.07096289098262787,0.13125619292259216
DaytimeFlare/train/0803.png,0.12088008224964142,0.2880510091781616
DaytimeFlare/train/0919.png,0.04066195711493492,0.09703709185123444
DaytimeFlare/train/0569.png,0.04609200730919838,0.2847495973110199
DaytimeFlare/train/0979.png,0.09882552921772003,0.17824289202690125
DaytimeFlare/train/0772.png,0.04657885059714317,0.06799215823411942
DaytimeFlare/train/0248.png,0.08639778941869736,0.12926028668880463
DaytimeFlare/train/0494.png,0.018161766231060028,0.09820352494716644
DaytimeFlare/train/0043.png,0.027413111180067062,0.11661797761917114
DaytimeFlare/train/0307.png,0.016345957294106483,0.04242290183901787
DaytimeFlare/train/0823.png,0.041894491761922836,0.17045003175735474
DaytimeFlare/train/0583.png,0.0411708727478981,0.12335621565580368
DaytimeFlare/train/0176.png,0.021650083363056183,0.03402429074048996
DaytimeFlare/train/0874.png,0.07543686777353287,0.21956492960453033
DaytimeFlare/train/0981.png,0.024546606466174126,0.0434843935072422
DaytimeFlare/train/0534.png,0.005805610679090023,0.17693953216075897
DaytimeFlare/train/0690.png,0.02468603476881981,0.1690666377544403
DaytimeFlare/train/0023.png,0.02768503688275814,0.0648098886013031
DaytimeFlare/train/0207.png,0.011743873357772827,0.09348434954881668
DaytimeFlare/train/0833.png,0.028135888278484344,0.07246874272823334
DaytimeFlare/train/0765.png,0.013650012202560902,0.03158561885356903
DaytimeFlare/train/0037.png,0.020777113735675812,0.04306815192103386
DaytimeFlare/train/0120.png,0.008931679651141167,0.021619852632284164
DaytimeFlare/train/0029.png,0.06775668263435364,0.11610491573810577
DaytimeFlare/train/0703.png,0.024341635406017303,0.20952029526233673
DaytimeFlare/train/0448.png,-0.007044285535812378,0.09861522912979126
DaytimeFlare/train/0447.png,0.08388866484165192,0.15472008287906647
DaytimeFlare/train/0661.png,0.048890240490436554,0.10973405838012695
DaytimeFlare/train/0478.png,0.020145531743764877,0.07010667771100998
DaytimeFlare/train/0609.png,0.006558287888765335,0.10156592726707458
DaytimeFlare/train/0462.png,0.019316479563713074,0.05992377549409866
DaytimeFlare/train/0038.png,0.03190255165100098,0.09192363172769547
DaytimeFlare/train/0413.png,0.07679934054613113,0.3238079249858856
DaytimeFlare/train/0209.png,0.07099218666553497,0.36871853470802307
DaytimeFlare/train/0770.png,0.036895234137773514,0.06870917975902557
DaytimeFlare/train/0624.png,0.0895707905292511,0.11157657951116562
DaytimeFlare/train/0454.png,0.0380588099360466,0.3573259115219116
DaytimeFlare/train/0538.png,0.014219277538359165,0.030631329864263535
DaytimeFlare/train/0923.png,0.005489007569849491,0.03746034950017929
DaytimeFlare/train/0313.png,0.006859518587589264,0.05316866934299469
DaytimeFlare/train/0858.png,0.02929960936307907,0.07280731946229935
DaytimeFlare/train/0706.png,0.07226158678531647,0.21037130057811737
DaytimeFlare/train/0150.png,0.029386315494775772,0.09395630657672882
DaytimeFlare/train/0621.png,0.0269515011459589,0.06695754826068878
DaytimeFlare/train/0406.png,0.018027495592832565,0.09017585217952728
DaytimeFlare/train/0490.png,0.050968825817108154,0.1854233592748642
DaytimeFlare/train/0636.png,0.07283703982830048,0.1681918352842331
DaytimeFlare/train/0776.png,0.09491552412509918,0.18027359247207642
DaytimeFlare/train/0645.png,0.013829189352691174,0.03356945142149925
DaytimeFlare/train/0838.png,0.047947634011507034,0.07546422630548477
DaytimeFlare/train/0550.png,0.0757446140050888,0.13868704438209534
DaytimeFlare/train/0421.png,0.0458635576069355,0.09433635324239731
DaytimeFlare/train/0987.png,0.026176484301686287,0.05527343973517418
DaytimeFlare/train/0793.png,0.026118803769350052,0.04245860502123833
DaytimeFlare/train/0847.png,0.017783580347895622,0.052393700927495956
DaytimeFlare/train/0237.png,0.010435313917696476,0.04068847745656967
DaytimeFlare/train/0198.png,0.05728910118341446,0.18511410057544708
DaytimeFlare/train/0305.png,0.09964185953140259,0.21033242344856262
DaytimeFlare/train/0402.png,0.0168768223375082,0.03778510540723801
DaytimeFlare/train/0560.png,0.11179453134536743,0.17242619395256042
DaytimeFlare/train/0417.png,0.03265886753797531,0.05881478264927864
DaytimeFlare/train/0596.png,0.0868142694234848,0.25864270329475403
DaytimeFlare/train/0595.png,0.04779527336359024,0.10356161743402481
DaytimeFlare/train/0822.png,0.051825836300849915,0.25563669204711914
DaytimeFlare/train/0556.png,0.04407934844493866,0.07717885076999664
DaytimeFlare/train/0666.png,0.019037524238228798,0.04942522943019867
DaytimeFlare/train/0792.png,0.029662981629371643,0.06699451804161072
DaytimeFlare/train/0996.png,0.03519275784492493,0.0603233277797699
DaytimeFlare/train/0904.png,0.031276002526283264,0.08787737786769867
DaytimeFlare/train/0321.png,0.035935163497924805,0.06437979638576508
DaytimeFlare/train/0467.png,0.11028127372264862,0.17243370413780212
DaytimeFlare/train/0320.png,0.05122026056051254,0.09609932452440262
DaytimeFlare/train/0508.png,0.007545157335698605,0.05496130511164665
DaytimeFlare/train/0310.png,0.03150627017021179,0.05974419414997101
DaytimeFlare/train/0553.png,0.055409569293260574,0.11335207521915436
DaytimeFlare/train/0800.png,0.02176380157470703,0.03113999217748642
DaytimeFlare/train/0552.png,0.07223094254732132,0.13978585600852966
DaytimeFlare/train/0607.png,0.11446192860603333,0.20054194331169128
DaytimeFlare/train/0708.png,0.024500824511051178,0.05159793049097061
DaytimeFlare/train/0283.png,0.042509615421295166,0.05428830534219742
DaytimeFlare/train/0113.png,0.12904725968837738,0.3788908123970032
DaytimeFlare/train/0514.png,0.1436825692653656,0.3363786041736603
DaytimeFlare/train/0461.png,0.18758252263069153,0.28075945377349854
DaytimeFlare/train/0285.png,0.01925932615995407,0.08711026608943939
DaytimeFlare/train/0000.png,0.011763939633965492,0.18238061666488647
DaytimeFlare/train/0629.png,0.0242686215788126,0.05808057636022568
DaytimeFlare/train/0749.png,0.025674128904938698,0.0539986714720726
DaytimeFlare/train/0939.png,0.031413931399583817,0.05095628276467323
DaytimeFlare/train/0110.png,0.04454035311937332,0.17502884566783905
DaytimeFlare/train/0557.png,0.018073976039886475,0.06243230029940605
DaytimeFlare/train/0031.png,0.007469251751899719,0.06998063623905182
DaytimeFlare/train/0709.png,0.05921945348381996,0.09850269556045532
DaytimeFlare/train/0722.png,0.025862444192171097,0.10734497010707855
DaytimeFlare/train/0288.png,0.021098218858242035,0.03390166163444519
DaytimeFlare/train/0743.png,0.07610923796892166,0.1303432285785675
DaytimeFlare/train/0926.png,0.012979831546545029,0.038999125361442566
DaytimeFlare/train/0051.png,0.02809321880340576,0.060345470905303955
DaytimeFlare/train/0474.png,0.050465140491724014,0.07518568634986877
DaytimeFlare/train/0868.png,0.10536308586597443,0.33067506551742554
DaytimeFlare/train/0056.png,0.03465580567717552,0.10844816267490387
DaytimeFlare/train/0965.png,0.024583008140325546,0.046125128865242004
DaytimeFlare/train/0499.png,0.03374990075826645,0.0836864709854126
DaytimeFlare/train/0265.png,0.04909978806972504,0.12344156950712204
DaytimeFlare/train/0779.png,0.07927249372005463,0.20181167125701904
DaytimeFlare/train/0510.png,0.04243062436580658,0.09638427197933197
DaytimeFlare/train/0143.png,0.04155120253562927,0.07195303589105606
DaytimeFlare/train/0024.png,0.09378758817911148,0.3271639347076416
DaytimeFlare/train/0374.png,0.02584405243396759,0.0521538183093071
DaytimeFlare/train/0687.png,0.20046348869800568,0.4661109745502472
DaytimeFlare/train/0988.png,-0.10643400996923447,0.29252779483795166
DaytimeFlare/train/0684.png,0.07154674828052521,0.2340654879808426
DaytimeFlare/train/0315.png,0.1173759400844574,0.34869030117988586
DaytimeFlare/train/0183.png,0.021277768537402153,0.04908756911754608
DaytimeFlare/train/0796.png,0.016809243708848953,0.054543107748031616
DaytimeFlare/train/0892.png,0.15689381957054138,0.3511316776275635
DaytimeFlare/train/0292.png,0.016802793368697166,0.04602218419313431
DaytimeFlare/train/0105.png,0.04219673201441765,0.12071971595287323
DaytimeFlare/train/0244.png,0.03269660472869873,0.10933096706867218
DaytimeFlare/train/0134.png,0.14629724621772766,0.25115013122558594
DaytimeFlare/train/0515.png,0.02383081614971161,0.06841546297073364
DaytimeFlare/train/0862.png,0.01683700457215309,0.16353632509708405
DaytimeFlare/train/0496.png,0.032175250351428986,0.05880926921963692
DaytimeFlare/train/0989.png,0.021179845556616783,0.1370706558227539
DaytimeFlare/train/0187.png,0.026655102148652077,0.1168583407998085
DaytimeFlare/train/0476.png,0.014246334321796894,0.10068444907665253
DaytimeFlare/train/0829.png,0.06740561127662659,0.15059542655944824
DaytimeFlare/train/0022.png,0.012430238537490368,0.16026481986045837
DaytimeFlare/train/0903.png,0.036011047661304474,0.057268012315034866
DaytimeFlare/train/0507.png,0.0248801801353693,0.08545579016208649
DaytimeFlare/train/0130.png,0.06624282896518707,0.24565242230892181
DaytimeFlare/train/0584.png,0.2277480810880661,0.4315541684627533
DaytimeFlare/train/0883.png,0.1423352062702179,0.31443098187446594
DaytimeFlare/train/0034.png,0.0186945591121912,0.07686382532119751
DaytimeFlare/train/0536.png,0.02054225280880928,0.03550611436367035
DaytimeFlare/train/0128.png,0.2262924313545227,0.5518220067024231
DaytimeFlare/train/0020.png,0.03762795031070709,0.15547588467597961
DaytimeFlare/train/0995.png,0.022138750180602074,0.038295671343803406
DaytimeFlare/train/0213.png,0.08385336399078369,0.13958805799484253
DaytimeFlare/train/0980.png,0.020281072705984116,0.4628712236881256
DaytimeFlare/train/0593.png,0.07684540748596191,0.10680317878723145
DaytimeFlare/train/0035.png,0.17379379272460938,0.4429512619972229
DaytimeFlare/train/0420.png,0.017407365143299103,0.05083379149436951
DaytimeFlare/train/0961.png,0.08388322591781616,0.18415789306163788
DaytimeFlare/train/0902.png,0.07698351889848709,0.3456830382347107
DaytimeFlare/train/0901.png,0.16831651329994202,0.3000805974006653
DaytimeFlare/train/0694.png,0.056245967745780945,0.10080680251121521
DaytimeFlare/train/0334.png,0.03968709707260132,0.06570104509592056
DaytimeFlare/train/0966.png,0.015355762094259262,0.036724336445331573
DaytimeFlare/train/0844.png,0.03496270626783371,0.04859910160303116
DaytimeFlare/train/0144.png,0.06281161308288574,0.14389923214912415
DaytimeFlare/train/0123.png,0.0659148171544075,0.12468986958265305
DaytimeFlare/train/0192.png,0.06466397643089294,0.1458396464586258
DaytimeFlare/train/0126.png,0.019197385758161545,0.07520586997270584
DaytimeFlare/train/0012.png,0.04850522428750992,0.09762542694807053
DaytimeFlare/train/0731.png,0.06597718596458435,0.15516513586044312
DaytimeFlare/train/0258.png,0.03538600355386734,0.11030533164739609
DaytimeFlare/train/0827.png,0.022444210946559906,0.045425400137901306
DaytimeFlare/train/0349.png,0.036352187395095825,0.10750268399715424
DaytimeFlare/train/0929.png,0.0037821605801582336,0.3846987783908844
DaytimeFlare/train/0014.png,0.03619594871997833,0.07842719554901123
DaytimeFlare/train/0921.png,0.03379344567656517,0.057873815298080444
DaytimeFlare/train/0350.png,0.08060906827449799,0.1702795773744583
DaytimeFlare/train/0522.png,0.010654391720890999,0.023585958406329155
DaytimeFlare/train/0880.png,0.004215915687382221,0.11141534894704819
DaytimeFlare/train/0205.png,0.06646226346492767,0.16509684920310974
DaytimeFlare/train/0760.png,0.03612438589334488,0.05526834353804588
DaytimeFlare/train/0767.png,0.06494245678186417,0.216305673122406
DaytimeFlare/train/0042.png,0.050045594573020935,0.13810323178768158
DaytimeFlare/train/0632.png,0.12435995042324066,0.2168964147567749
DaytimeFlare/train/0299.png,0.10171687602996826,0.18824981153011322
DaytimeFlare/train/0805.png,0.031202899292111397,0.0632045641541481
DaytimeFlare/train/0365.png,0.02185082994401455,0.0779023990035057
DaytimeFlare/train/0261.png,0.024772008880972862,0.17154809832572937
DaytimeFlare/train/0010.png,0.0662526935338974,0.36769068241119385
DaytimeFlare/train/0231.png,0.024499420076608658,0.07878553122282028
DaytimeFlare/train/0328.png,0.0968717485666275,0.19526837766170502
DaytimeFlare/train/0195.png,0.22738631069660187,0.3694049119949341
DaytimeFlare/train/0391.png,0.13972805440425873,0.23751112818717957
DaytimeFlare/train/0483.png,0.04304990544915199,0.07641710340976715
DaytimeFlare/train/0707.png,0.08662033826112747,0.18601366877555847
DaytimeFlare/train/0359.png,0.06030348688364029,0.11677609384059906
DaytimeFlare/train/0384.png,0.027097711339592934,0.07561811059713364
DaytimeFlare/train/0235.png,0.034898534417152405,0.28643617033958435
DaytimeFlare/train/0179.png,0.03185533732175827,0.11544618010520935
DaytimeFlare/train/0634.png,0.0196821428835392,0.07254625856876373
DaytimeFlare/train/0852.png,0.07054579257965088,0.2182844579219818
DaytimeFlare/train/0784.png,0.08137500286102295,0.27178946137428284
DaytimeFlare/train/0915.png,0.060159832239151,0.13095858693122864
DaytimeFlare/train/0201.png,0.03824537992477417,0.10202564299106598
DaytimeFlare/train/0587.png,0.1840440183877945,0.33080238103866577
DaytimeFlare/train/0426.png,0.032019924372434616,0.0667617917060852
DaytimeFlare/train/0973.png,0.10552750527858734,0.2887037396430969
DaytimeFlare/train/0254.png,-0.14790834486484528,0.2670612037181854
DaytimeFlare/train/0489.png,0.019100718200206757,0.08154425024986267
DaytimeFlare/train/0327.png,-0.011760425753891468,0.27747878432273865
DaytimeFlare/train/0680.png,0.07443597912788391,0.12745141983032227
DaytimeFlare/train/0886.png,0.021065758541226387,0.055658381432294846
DaytimeFlare/train/0425.png,0.03109058365225792,0.07584059238433838
DaytimeFlare/train/0984.png,0.027551040053367615,0.05657460540533066
DaytimeFlare/train/0524.png,0.033195629715919495,0.07087325304746628
DaytimeFlare/train/0498.png,0.015984009951353073,0.041850894689559937
DaytimeFlare/train/0497.png,0.04561489447951317,0.1269613802433014
DaytimeFlare/train/0136.png,0.04993429780006409,0.13866087794303894
DaytimeFlare/train/0951.png,0.06093922257423401,0.22743982076644897
DaytimeFlare/train/0520.png,0.06787136197090149,0.1397438943386078
DaytimeFlare/train/0282.png,0.03298398107290268,0.052330806851387024
DaytimeFlare/train/0651.png,0.030315391719341278,0.40117278695106506
DaytimeFlare/train/0018.png,0.10941678285598755,0.18427793681621552
DaytimeFlare/train/0385.png,0.11094024777412415,0.2966459393501282
DaytimeFlare/train/0001.png,0.02602485939860344,0.03482024371623993
DaytimeFlare/train/0500.png,0.017677202820777893,0.042284004390239716
DaytimeFlare/train/0783.png,0.06756503880023956,0.09569986164569855
DaytimeFlare/train/0068.png,0.14693501591682434,0.3122369945049286
DaytimeFlare/train/0111.png,-0.027132708579301834,0.32986196875572205
DaytimeFlare/train/0944.png,0.050353579223155975,0.15536269545555115
DaytimeFlare/train/0606.png,0.02369256317615509,0.05162090063095093
DaytimeFlare/train/0812.png,0.07864384353160858,0.25396445393562317
DaytimeFlare/train/0997.png,0.0359659306704998,0.0990828201174736
DaytimeFlare/train/0806.png,0.11621908843517303,0.18244218826293945
DaytimeFlare/train/0087.png,0.167525053024292,0.3931710124015808
DaytimeFlare/train/0411.png,0.09762860834598541,0.26942890882492065
DaytimeFlare/train/0138.png,0.06615594774484634,0.15535417199134827
DaytimeFlare/train/0336.png,0.04988829791545868,0.1347634345293045
DaytimeFlare/train/0045.png,0.07948410511016846,0.14293307065963745
DaytimeFlare/train/0567.png,0.04875526577234268,0.07608066499233246
DaytimeFlare/train/0528.png,0.09090821444988251,0.21071858704090118
DaytimeFlare/train/0543.png,0.038059525191783905,0.06119968742132187
DaytimeFlare/train/0555.png,0.034823693335056305,0.1070588082075119
DaytimeFlare/train/0431.png,0.06512818485498428,0.13968819379806519
DaytimeFlare/train/0471.png,0.029211319983005524,0.05641447752714157
DaytimeFlare/train/0585.png,0.04452945664525032,0.42859309911727905
DaytimeFlare/train/0279.png,0.08671033382415771,0.16418921947479248
DaytimeFlare/train/0537.png,0.1153927594423294,0.17334359884262085
DaytimeFlare/train/0586.png,0.05480334535241127,0.13223442435264587
DaytimeFlare/train/0335.png,0.04281222075223923,0.21025978028774261
DaytimeFlare/train/0155.png,0.04864555597305298,0.16640320420265198
DaytimeFlare/train/0100.png,0.06978863477706909,0.37802451848983765
DaytimeFlare/train/0079.png,0.03241978958249092,0.05874525010585785
DaytimeFlare/train/0197.png,0.0258273184299469,0.037845782935619354
DaytimeFlare/train/0121.png,0.07518619298934937,0.1320355087518692
DaytimeFlare/train/0840.png,0.03584684431552887,0.11219096928834915
DaytimeFlare/train/0002.png,0.04016433656215668,0.06532937288284302
DaytimeFlare/train/0775.png,0.08253668993711472,0.13971832394599915
DaytimeFlare/train/0243.png,0.006923600099980831,0.026152051985263824
DaytimeFlare/train/0832.png,0.08890832215547562,0.33810001611709595
DaytimeFlare/train/0842.png,0.035864539444446564,0.06589511036872864
DaytimeFlare/train/0700.png,0.06280691921710968,0.21073909103870392
DaytimeFlare/train/0484.png,0.020395394414663315,0.042011428624391556
DaytimeFlare/train/0533.png,0.3388209939002991,0.4629640579223633
DaytimeFlare/train/0465.png,0.2243540734052658,0.45809584856033325
DaytimeFlare/train/0728.png,-0.022172939032316208,0.30115991830825806
DaytimeFlare/train/0959.png,0.11217083036899567,0.3633711338043213
DaytimeFlare/train/0755.png,0.017913032323122025,0.05791107565164566
DaytimeFlare/train/0414.png,0.04585609957575798,0.07905080914497375
DaytimeFlare/train/0481.png,0.03268645703792572,0.045741841197013855
DaytimeFlare/train/0008.png,0.014969918876886368,0.15056608617305756
DaytimeFlare/train/0657.png,0.01660800538957119,0.10807943344116211
DaytimeFlare/train/0064.png,0.14564599096775055,0.28988116979599
DaytimeFlare/train/0245.png,0.08730475604534149,0.2787851095199585
DaytimeFlare/train/0727.png,0.10259620100259781,0.20101720094680786
DaytimeFlare/train/0085.png,0.11385174095630646,0.235615074634552
DaytimeFlare/train/0673.png,0.006596590857952833,0.01947832852602005
DaytimeFlare/train/0329.png,0.04344039037823677,0.06769554316997528
DaytimeFlare/train/0785.png,0.0657842755317688,0.1306646764278412
DaytimeFlare/train/0430.png,-0.002399338176473975,0.19148766994476318
DaytimeFlare/train/0278.png,0.029612639918923378,0.2803177237510681
DaytimeFlare/train/0894.png,0.18277211487293243,0.285164475440979
DaytimeFlare/train/0256.png,0.06136329099535942,0.12679439783096313
DaytimeFlare/train/0347.png,0.06728216260671616,0.13367530703544617
DaytimeFlare/train/0525.png,0.06643655151128769,0.1912355124950409
DaytimeFlare/train/0061.png,0.05109274387359619,0.0902756005525589
DaytimeFlare/train/0443.png,0.01675892248749733,0.040367767214775085
DaytimeFlare/train/0381.png,0.03657364845275879,0.0704658031463623
DaytimeFlare/train/0814.png,0.07097509503364563,0.13671749830245972
DaytimeFlare/train/0817.png,0.024743689224123955,0.04246804863214493
DaytimeFlare/train/0509.png,0.1472998559474945,0.31943756341934204
DaytimeFlare/train/0149.png,0.020859962329268456,0.041713446378707886
DaytimeFlare/train/0626.png,-0.016671407967805862,0.18239355087280273
DaytimeFlare/train/0182.png,0.04700487479567528,0.12196735292673111
DaytimeFlare/train/0860.png,0.04170219600200653,0.1015877053141594
DaytimeFlare/train/0154.png,0.04769870638847351,0.12803180515766144
DaytimeFlare/train/0705.png,0.013685977086424828,0.023841243237257004
DaytimeFlare/train/0324.png,0.05409730225801468,0.10901989787817001
DaytimeFlare/train/0215.png,0.09387048333883286,0.17312677204608917
DaytimeFlare/train/0725.png,0.02635025605559349,0.345413476228714
DaytimeFlare/train/0896.png,0.10631364583969116,0.18136362731456757
DaytimeFlare/train/0040.png,0.08867701888084412,0.32373785972595215
DaytimeFlare/train/0900.png,0.0724642425775528,0.18858203291893005
DaytimeFlare/train/0611.png,0.0313011072576046,0.04478509724140167
DaytimeFlare/train/0247.png,0.03248683363199234,0.18370358645915985
DaytimeFlare/train/0810.png,0.029655857011675835,0.1377049684524536
DaytimeFlare/train/0750.png,0.01684524491429329,0.03769993409514427
DaytimeFlare/train/0630.png,0.006338827311992645,0.07931847870349884
DaytimeFlare/train/0377.png,0.039371371269226074,0.1470203548669815
DaytimeFlare/train/0774.png,0.136572003364563,0.2325509786605835
DaytimeFlare/train/0190.png,0.07252836227416992,0.12374501675367355
DaytimeFlare/train/0028.png,0.1094072163105011,0.1549592912197113
DaytimeFlare/train/0582.png,0.019855616614222527,0.11351719498634338
DaytimeFlare/train/0605.png,-0.02246493101119995,0.03275195509195328
DaytimeFlare/train/0400.png,0.06384328007698059,0.09055027365684509
DaytimeFlare/train/0436.png,0.055546797811985016,0.07846789807081223
DaytimeFlare/train/0174.png,0.12269391119480133,0.18929079174995422
DaytimeFlare/train/0878.png,0.10245845466852188,0.1601177155971527
DaytimeFlare/train/0912.png,0.10425113141536713,0.20374208688735962
DaytimeFlare/train/0676.png,0.13179779052734375,0.3003016710281372
DaytimeFlare/train/0741.png,0.0439022034406662,0.13624517619609833
DaytimeFlare/train/0442.png,0.12359534949064255,0.25737515091896057
DaytimeFlare/train/0262.png,0.009605040773749352,0.10505393147468567
DaytimeFlare/train/0547.png,0.014649886637926102,0.05952605605125427
DaytimeFlare/train/0682.png,0.10841629654169083,0.23036974668502808
DaytimeFlare/train/0664.png,0.06059258058667183,0.1545027792453766
DaytimeFlare/train/0415.png,0.0551900714635849,0.11349737644195557
DaytimeFlare/train/0820.png,0.2812758684158325,0.4415183663368225
DaytimeFlare/train/0691.png,0.045036062598228455,0.20689290761947632
DaytimeFlare/train/0063.png,0.04201539605855942,0.06466363370418549
DaytimeFlare/train/0423.png,0.07175799459218979,0.1362038403749466
DaytimeFlare/train/0579.png,0.014510291628539562,0.11711546778678894
DaytimeFlare/train/0993.png,0.03547300025820732,0.0996733009815216
DaytimeFlare/train/0160.png,0.04299132153391838,0.1644991636276245
DaytimeFlare/train/0102.png,0.030903492122888565,0.053270187228918076
DaytimeFlare/train/0937.png,0.04671303927898407,0.17480042576789856
DaytimeFlare/train/0488.png,0.2069089710712433,0.590666651725769
DaytimeFlare/train/0092.png,0.017621424049139023,0.03918671980500221
DaytimeFlare/train/0331.png,0.02301676571369171,0.05022655427455902
DaytimeFlare/train/0186.png,0.16542759537696838,0.24666854739189148
DaytimeFlare/train/0815.png,0.03742646425962448,0.06816238164901733
DaytimeFlare/train/0191.png,0.02170606702566147,0.0365089550614357
DaytimeFlare/train/0343.png,0.03362732008099556,0.0703701376914978
DaytimeFlare/train/0477.png,0.11182552576065063,0.2922842800617218
DaytimeFlare/train/0019.png,0.025984937325119972,0.08506010472774506
DaytimeFlare/train/0354.png,0.07351265847682953,0.121029794216156
DaytimeFlare/train/0449.png,0.038584642112255096,0.11002830415964127
DaytimeFlare/train/0356.png,0.04504237696528435,0.08082814514636993
DaytimeFlare/train/0455.png,0.034524161368608475,0.23747360706329346
DaytimeFlare/train/0788.png,0.02828914113342762,0.13255628943443298
DaytimeFlare/train/0818.png,0.08869960159063339,0.2337585687637329
DaytimeFlare/train/0614.png,0.035683389753103256,0.04624498635530472
DaytimeFlare/train/0366.png,0.08586472272872925,0.18469852209091187
DaytimeFlare/train/0289.png,0.10585819184780121,0.17445781826972961
DaytimeFlare/train/0542.png,0.08071836829185486,0.15511566400527954
DaytimeFlare/train/0172.png,0.041070856153964996,0.2817450761795044
DaytimeFlare/train/0927.png,0.03694182634353638,0.38034629821777344
DaytimeFlare/train/0135.png,0.07143878191709518,0.18714360892772675
DaytimeFlare/train/0799.png,0.022249918431043625,0.09206397831439972
DaytimeFlare/train/0678.png,0.09451130032539368,0.29639676213264465
DaytimeFlare/train/0716.png,0.11201338469982147,0.18088887631893158
DaytimeFlare/train/0251.png,0.04046515002846718,0.10915181040763855
DaytimeFlare/train/0909.png,0.08569499850273132,0.16617223620414734
DaytimeFlare/train/0107.png,0.018457170575857162,0.03762197494506836
DaytimeFlare/train/0679.png,0.03434531390666962,0.1186649352312088
DaytimeFlare/train/0240.png,0.06473343074321747,0.23698092997074127
DaytimeFlare/train/0504.png,0.009956566616892815,0.13881486654281616
DaytimeFlare/train/0949.png,0.01848692074418068,0.08810584247112274
DaytimeFlare/train/0639.png,0.03621303662657738,0.06488494575023651
DaytimeFlare/train/0204.png,0.020481158047914505,0.06387731432914734
DaytimeFlare/train/0991.png,0.0845864787697792,0.2147558033466339
DaytimeFlare/train/0879.png,0.028121627867221832,0.1867177039384842
DaytimeFlare/train/0404.png,0.1048014834523201,0.26543349027633667
DaytimeFlare/train/0131.png,0.1083599328994751,0.22492556273937225
DaytimeFlare/train/0036.png,0.023367658257484436,0.0336490161716938
DaytimeFlare/train/0098.png,0.11382758617401123,0.2786704897880554
DaytimeFlare/train/0943.png,0.019182385876774788,0.06116005778312683
DaytimeFlare/train/0368.png,0.08453536033630371,0.35096311569213867
DaytimeFlare/train/0615.png,0.03021557256579399,0.12448352575302124
DaytimeFlare/train/0170.png,0.00621951837092638,0.33252498507499695
DaytimeFlare/train/0060.png,0.1945004165172577,0.39230889081954956
DaytimeFlare/train/0097.png,0.05563683807849884,0.15821616351604462
DaytimeFlare/train/0005.png,0.029434138908982277,0.06140436604619026
DaytimeFlare/train/0539.png,0.08914607018232346,0.2697499692440033
DaytimeFlare/train/0851.png,0.019677048549056053,0.09732437878847122
DaytimeFlare/train/0957.png,0.02678854763507843,0.035963237285614014
DaytimeFlare/train/0326.png,0.05725524574518204,0.16080239415168762
DaytimeFlare/train/0109.png,0.017892569303512573,0.0263969823718071
DaytimeFlare/train/0869.png,0.10121843218803406,0.19794902205467224
DaytimeFlare/train/0151.png,0.018856916576623917,0.03204413875937462
DaytimeFlare/train/0531.png,0.11209312826395035,0.21625295281410217
DaytimeFlare/train/0200.png,0.10445050895214081,0.1712588667869568
DaytimeFlare/train/0145.png,0.06377622485160828,0.2796597480773926
DaytimeFlare/train/0922.png,0.037315480411052704,0.062417853623628616
DaytimeFlare/train/0376.png,0.2505214214324951,0.4935840964317322
DaytimeFlare/train/0435.png,0.019804323092103004,0.1366628110408783
DaytimeFlare/train/0953.png,0.04982513189315796,0.12247778475284576
DaytimeFlare/train/0399.png,0.033247534185647964,0.07099190354347229
DaytimeFlare/train/0463.png,0.013785947114229202,0.1090988963842392
DaytimeFlare/train/0485.png,0.09426718950271606,0.278136283159256
DaytimeFlare/train/0482.png,0.09012416750192642,0.10256870836019516
DaytimeFlare/train/0177.png,0.07551713287830353,0.1392720341682434
DaytimeFlare/train/0769.png,0.08366483449935913,0.2750730514526367
DaytimeFlare/train/0361.png,0.13722175359725952,0.3684301972389221
DaytimeFlare/train/0888.png,0.03306478634476662,0.07236076146364212
DaytimeFlare/train/0942.png,0.04214464873075485,0.0741133838891983
DaytimeFlare/train/0357.png,0.0403900071978569,0.07404591143131256
DaytimeFlare/train/0280.png,0.07469011843204498,0.15015819668769836
DaytimeFlare/train/0935.png,0.06959547102451324,0.15931986272335052
DaytimeFlare/train/0422.png,-0.0350668765604496,0.26915374398231506
DaytimeFlare/train/0891.png,0.047978371381759644,0.183631032705307
DaytimeFlare/train/0364.png,0.09599331021308899,0.33121323585510254
DaytimeFlare/train/0302.png,0.04095841571688652,0.19987556338310242
DaytimeFlare/train/0395.png,0.024481449276208878,0.18362373113632202
DaytimeFlare/train/0732.png,0.05325496569275856,0.15081608295440674
DaytimeFlare/train/0848.png,0.01637338474392891,0.026103666052222252
DaytimeFlare/train/0637.png,0.08549953997135162,0.1692005693912506
DaytimeFlare/train/0129.png,0.02750064991414547,0.03961777314543724
DaytimeFlare/train/0380.png,0.1402708739042282,0.2772352993488312
DaytimeFlare/train/0493.png,0.08366724103689194,0.21664589643478394
DaytimeFlare/train/0831.png,0.040526241064071655,0.33857616782188416
DaytimeFlare/train/0188.png,0.16459786891937256,0.37121710181236267
DaytimeFlare/train/0502.png,0.03681175410747528,0.07170569896697998
DaytimeFlare/train/0260.png,0.016042668372392654,0.1814747303724289
DaytimeFlare/train/0918.png,0.07164576649665833,0.2829180955886841
DaytimeFlare/train/0757.png,0.06936447322368622,0.26467472314834595
DaytimeFlare/train/0564.png,0.08282961696386337,0.17066146433353424
DaytimeFlare/train/0082.png,0.07515592873096466,0.23444786667823792
DaytimeFlare/train/0268.png,0.14262166619300842,0.29671168327331543
DaytimeFlare/train/0668.png,0.11683531105518341,0.42732053995132446
DaytimeFlare/train/0625.png,0.024878721684217453,0.04783347621560097
DaytimeFlare/train/0659.png,0.014970670454204082,0.07203663885593414
DaytimeFlare/train/0877.png,0.03918945789337158,0.06387177109718323
DaytimeFlare/train/0859.png,0.04996618628501892,0.09377230703830719
DaytimeFlare/train/0308.png,0.029738834127783775,0.06083851307630539
DaytimeFlare/train/0407.png,0.025350186973810196,0.04040168970823288
DaytimeFlare/train/0638.png,0.02242736890912056,0.08231344819068909
DaytimeFlare/train/0674.png,0.046754222363233566,0.11474579572677612
DaytimeFlare/train/0850.png,0.03089057095348835,0.05731426179409027
DaytimeFlare/train/0362.png,0.021997079253196716,0.05479032173752785
DaytimeFlare/train/0744.png,0.004813541658222675,0.011639714241027832
DaytimeFlare/train/0798.png,0.014074234291911125,0.08259226381778717
DaytimeFlare/train/0723.png,0.00770020904019475,0.08696971833705902
DaytimeFlare/train/0184.png,0.09604249149560928,0.1568191647529602
DaytimeFlare/train/0873.png,0.016707438975572586,0.027775010094046593
DaytimeFlare/train/0730.png,0.03190341219305992,0.24141660332679749
DaytimeFlare/train/0277.png,0.055223509669303894,0.13345934450626373
DaytimeFlare/train/0952.png,0.021716389805078506,0.03274720534682274
DaytimeFlare/train/0932.png,0.020708875730633736,0.4655499756336212
DaytimeFlare/train/0977.png,0.05632716417312622,0.1655101478099823
DaytimeFlare/train/0622.png,0.09607438743114471,0.2345656454563141
DaytimeFlare/train/0009.png,0.08262170851230621,0.1435425877571106
DaytimeFlare/train/0635.png,0.06831290572881699,0.16042223572731018
DaytimeFlare/train/0267.png,0.023234590888023376,0.05491824820637703
DaytimeFlare/train/0535.png,0.13891007006168365,0.37889060378074646
DaytimeFlare/train/0526.png,0.12646856904029846,0.36537837982177734
DaytimeFlare/train/0346.png,0.20252546668052673,0.27725404500961304
DaytimeFlare/train/0287.png,0.02687663957476616,0.050171464681625366
DaytimeFlare/train/0653.png,0.09956401586532593,0.15649224817752838
DaytimeFlare/train/0382.png,-0.0012968461960554123,0.14694435894489288
DaytimeFlare/train/0312.png,0.03254369646310806,0.055157940834760666
DaytimeFlare/train/0627.png,0.03733772784471512,0.10994519293308258
DaytimeFlare/train/0745.png,0.030369359999895096,0.08379736542701721
DaytimeFlare/train/0845.png,0.055076390504837036,0.09609115123748779
DaytimeFlare/train/0232.png,0.05817089602351189,0.2568500339984894
DaytimeFlare/train/0458.png,0.12316988408565521,0.21368113160133362
DaytimeFlare/train/0897.png,0.06839567422866821,0.09560614824295044
DaytimeFlare/train/0855.png,-0.03984665125608444,0.113366037607193
DaytimeFlare/train/0976.png,0.03013845533132553,0.14523226022720337
DaytimeFlare/train/0916.png,0.03435279428958893,0.1066598892211914
DaytimeFlare/train/0962.png,0.010862607508897781,0.019430700689554214
DaytimeFlare/train/0660.png,0.014343531802296638,0.028282741084694862
DaytimeFlare/train/0503.png,0.08166565001010895,0.18313109874725342
DaytimeFlare/train/0338.png,0.04073801636695862,0.09394784271717072
DaytimeFlare/train/0572.png,0.02168251946568489,0.0684717670083046
DaytimeFlare/train/0416.png,0.05561751127243042,0.0887385755777359
DaytimeFlare/train/0729.png,0.019797686487436295,0.29526376724243164
DaytimeFlare/train/0946.png,0.09012807905673981,0.17290908098220825
DaytimeFlare/train/0641.png,0.027050312608480453,0.05697878822684288
DaytimeFlare/train/0398.png,0.019992858171463013,0.05992308259010315
DaytimeFlare/train/0383.png,0.027843311429023743,0.059647515416145325
DaytimeFlare/train/0173.png,0.017549224197864532,0.04051516205072403
DaytimeFlare/train/0164.png,0.029064390808343887,0.07064002752304077
DaytimeFlare/train/0219.png,0.057213690131902695,0.3254450559616089
DaytimeFlare/train/0437.png,0.034389227628707886,0.20963817834854126
DaytimeFlare/train/0601.png,0.022050444036722183,0.07813872396945953
DaytimeFlare/train/0168.png,0.044622719287872314,0.14989851415157318
DaytimeFlare/train/0720.png,0.032069750130176544,0.07207340747117996
DaytimeFlare/train/0264.png,0.035111553966999054,0.08194008469581604
DaytimeFlare/train/0309.png,0.053497061133384705,0.11193559318780899
DaytimeFlare/train/0924.png,0.08164331316947937,0.1975759118795395
DaytimeFlare/train/0026.png,0.12228993326425552,0.23517054319381714
DaytimeFlare/train/0059.png,0.23262345790863037,0.3764406442642212
DaytimeFlare/train/0756.png,0.0110110929235816,0.042393527925014496
DaytimeFlare/train/0789.png,0.08533798158168793,0.39746221899986267
DaytimeFlare/train/0158.png,0.04606505110859871,0.08130210638046265
DaytimeFlare/train/0211.png,0.024264197796583176,0.05244220793247223
DaytimeFlare/train/0227.png,0.06028889864683151,0.14514416456222534
DaytimeFlare/train/0934.png,0.025370866060256958,0.04918723553419113
DaytimeFlare/train/0695.png,0.016085457056760788,0.048392631113529205
DaytimeFlare/train/0782.png,0.04526703804731369,0.09135662019252777
DaytimeFlare/train/0015.png,0.023647114634513855,0.21805816888809204
DaytimeFlare/train/0938.png,0.11722269654273987,0.3900594711303711
DaytimeFlare/train/0861.png,0.07392475754022598,0.12742137908935547
DaytimeFlare/train/0578.png,0.08846983313560486,0.13429966568946838
DaytimeFlare/train/0062.png,0.05123167857527733,0.0950160101056099
DaytimeFlare/train/0306.png,0.05027560144662857,0.10243089497089386
DaytimeFlare/train/0571.png,0.058388154953718185,0.08085160702466965
DaytimeFlare/train/0222.png,0.03191740810871124,0.09372414648532867
DaytimeFlare/train/0672.png,0.10668876767158508,0.27519652247428894
DaytimeFlare/train/0544.png,0.09667156636714935,0.18575099110603333
DaytimeFlare/train/0575.png,0.03061603382229805,0.2079094499349594
Raindrops/test/evocargo_raindrops__v2__a563af7ce11b14db.jpg,0.03223858028650284,0.10908965766429901
Raindrops/test/evocargo_raindrops__v2__158441e4456d733d.jpg,0.1305321902036667,0.21253468096256256
Raindrops/test/evocargo_raindrops__D1__84fc24f5cc330423.jpg,0.0478828027844429,0.1127750426530838
Raindrops/test/evocargo_raindrops__D1__84c79edd3fbae313.jpg,0.024428531527519226,0.05400517210364342
Raindrops/test/evocargo_raindrops__D1__e2eac92d0f1883e0.jpg,0.016718843951821327,0.02549855411052704
Raindrops/test/evocargo_raindrops__v2__faafd2a1a54748c7.jpg,0.10135181248188019,0.19940489530563354
Raindrops/test/evocargo_raindrops__v2__30b0e385a164f54e.jpg,0.03421061113476753,0.1287507265806198
Raindrops/test/evocargo_raindrops__v2__3f3c9264b58a9d04.jpg,0.09203924983739853,0.15288490056991577
Raindrops/test/evocargo_raindrops__D1__9442893dd3bb2469.jpg,0.009493500925600529,0.09601408988237381
Raindrops/test/evocargo_raindrops__v2__dc1dac19a10b006d.jpg,0.07504932582378387,0.18020480871200562
Raindrops/test/evocargo_raindrops__v2__316a5701fbd307ce.jpg,0.04615389555692673,0.10966359078884125
Raindrops/test/evocargo_raindrops__v2__9fbf3f1553bae33e.jpg,0.19705592095851898,0.44327232241630554
Raindrops/test/evocargo_raindrops__D1__93a754109259fbe7.jpg,0.019818563014268875,0.028842143714427948
Raindrops/test/evocargo_raindrops__D1__4de528100a28e5fd.jpg,0.06474314630031586,0.10914157330989838
Raindrops/test/evocargo_raindrops__v2__8390d69a16816548.jpg,0.023203223943710327,0.07649125158786774
Raindrops/test/evocargo_raindrops__v2__62cfde4c84db597c.jpg,0.07351154088973999,0.1143871545791626
Raindrops/test/evocargo_raindrops__D1__c20a1b638e7c1465.jpg,0.021973922848701477,0.0906066745519638
Raindrops/test/evocargo_raindrops__D2__53b3b475c99ee47b.jpg,0.018026698380708694,0.08080396801233292
Raindrops/test/evocargo_raindrops__D1__99bc65ec5e520b67.jpg,0.07615694403648376,0.12364750355482101
Raindrops/test/evocargo_raindrops__v2__4993700368623c7f.jpg,0.04705232381820679,0.2688865661621094
Raindrops/test/evocargo_raindrops__v2__6c509a066576ab11.jpg,0.04406823217868805,0.08469261229038239
Raindrops/test/evocargo_raindrops__v2__440a258a6ddee4d3.jpg,0.04676647484302521,0.0956118032336235
Raindrops/test/evocargo_raindrops__D1__8bb6a1fd25676419.jpg,-0.0008211724343709648,0.1962028294801712
Raindrops/test/evocargo_raindrops__v2__e40f1109435fed1a.jpg,0.20134592056274414,0.39777815341949463
Raindrops/test/evocargo_raindrops__v2__6278e0bed4567430.jpg,0.07398021221160889,0.17252635955810547
Raindrops/test/evocargo_raindrops__D1__f2107b67f749a3cf.jpg,0.034053437411785126,0.11542922258377075
Raindrops/test/evocargo_raindrops__v2__dbd45d3f8132fef2.jpg,0.09106015413999557,0.15032780170440674
Raindrops/test/evocargo_raindrops__D1__be5ac1985949b037.jpg,0.07178240269422531,0.3456880450248718
Raindrops/test/evocargo_raindrops__D1__6835140f750250d9.jpg,0.01885303482413292,0.02814139612019062
Raindrops/test/evocargo_raindrops__v2__2b775b3bdcfe16e4.jpg,0.14487075805664062,0.3328416049480438
Raindrops/test/evocargo_raindrops__D1__f9bcd739fff86be0.jpg,0.07248001545667648,0.14959438145160675
Raindrops/test/evocargo_raindrops__v2__4dc9f9db5a76e3d0.jpg,0.0516006276011467,0.22542214393615723
Raindrops/test/evocargo_raindrops__D1__94244fe9ca801ef3.jpg,0.029551632702350616,0.06776981800794601
Raindrops/test/evocargo_raindrops__v2__e983e01d27a07da0.jpg,0.07917685806751251,0.14838947355747223
Raindrops/test/evocargo_raindrops__D1__a79ccc5ebccbf6bd.jpg,0.01413101889193058,0.19492113590240479
Raindrops/test/evocargo_raindrops__D1__38a367f432dfe714.jpg,0.009423885494470596,0.01650301367044449
Raindrops/test/evocargo_raindrops__v2__3fdc98cdf4562cc5.jpg,0.11642953008413315,0.24964097142219543
Raindrops/test/evocargo_raindrops__D1__dc770c8ff910834f.jpg,0.06872783601284027,0.13702350854873657
Raindrops/test/evocargo_raindrops__v2__c4141f8c0d1134f8.jpg,0.1693614423274994,0.2555992603302002
Raindrops/test/evocargo_raindrops__v2__785a6c0dd54f956c.jpg,0.049398165196180344,0.10809160768985748
Raindrops/test/evocargo_raindrops__D1__2f35087b1a40c858.jpg,0.041284285485744476,0.13683702051639557
Raindrops/test/evocargo_raindrops__D2__c98bfa6c4eb2e5a9.jpg,0.012457525357604027,0.03450101241469383
Raindrops/test/evocargo_raindrops__v2__f86894fda554fd0e.jpg,0.03744928538799286,0.12893252074718475
Raindrops/test/evocargo_raindrops__v2__93e3bd691c1af73b.jpg,0.04700521007180214,0.09386435151100159
Raindrops/test/evocargo_raindrops__D1__d4b76812d07905dc.jpg,0.01549343392252922,0.03050813265144825
Raindrops/test/evocargo_raindrops__v2__0aa80fdd96255696.jpg,0.024144964292645454,0.12357345968484879
Raindrops/test/evocargo_raindrops__v2__dce3f08457b85abd.jpg,0.06571198999881744,0.1471022516489029
Raindrops/test/evocargo_raindrops__D1__02b2d76fe3590db3.jpg,0.08749997615814209,0.14160867035388947
Raindrops/test/evocargo_raindrops__D2__5151a0e6e6f32c8c.jpg,0.027415791526436806,0.09327578544616699
Raindrops/test/evocargo_raindrops__D2__e89d870cb8c1101f.jpg,0.020316557958722115,0.05293716862797737
Raindrops/test/evocargo_raindrops__D1__da72e46b8b091577.jpg,0.05377287417650223,0.11008310317993164
Raindrops/test/evocargo_raindrops__D1__25e5f2e606af62cf.jpg,0.01507551223039627,0.027813900262117386
Raindrops/test/evocargo_raindrops__v2__af81e58f7e36527e.jpg,0.2121959626674652,0.34841418266296387
Raindrops/test/evocargo_raindrops__v2__745c347d9bd9317a.jpg,0.03186129406094551,0.11789585649967194
Raindrops/test/evocargo_raindrops__D1__4bd5693787f8106b.jpg,0.012921618297696114,0.06406023353338242
Raindrops/test/evocargo_raindrops__v2__069fe4eb71290e03.jpg,0.11061624437570572,0.22310462594032288
Raindrops/test/evocargo_raindrops__D2__eacd8154552efff7.jpg,-0.006549150217324495,0.07943347096443176
Raindrops/test/evocargo_raindrops__D2__2d9b715aa3777680.jpg,0.02567511983215809,0.06923075020313263
Raindrops/test/evocargo_raindrops__v2__23e1d8975e94b196.jpg,0.02320728451013565,0.09707619249820709
Raindrops/test/evocargo_raindrops__D2__95b4b61e6555a869.jpg,0.019026152789592743,0.06008477509021759
Raindrops/test/evocargo_raindrops__D1__2172f61513306000.jpg,0.016175951808691025,0.025479838252067566
Raindrops/test/evocargo_raindrops__v2__deba8336a913acf0.jpg,0.05805280804634094,0.10690417885780334
Raindrops/test/evocargo_raindrops__D2__b957770b016a2fd4.jpg,0.01652432791888714,0.025859054177999496
Raindrops/test/evocargo_raindrops__v2__88e1103e299d089d.jpg,0.1543045938014984,0.3068661093711853
Raindrops/test/evocargo_raindrops__v2__b3a2bfedfa909664.jpg,0.06636160612106323,0.20169711112976074
Raindrops/test/evocargo_raindrops__D2__f8e1d70e423f2e82.jpg,0.014782153069972992,0.05586738511919975
Raindrops/test/evocargo_raindrops__D1__6a26b52999fc0695.jpg,0.018639588728547096,0.09258273243904114
Raindrops/test/evocargo_raindrops__v2__a0054ff64914c26f.jpg,0.14270338416099548,0.22576357424259186
Raindrops/test/evocargo_raindrops__v2__8b09d5a8693f8937.jpg,0.10732989013195038,0.19223925471305847
Raindrops/test/evocargo_raindrops__D1__9edbd258cc02d8e5.jpg,0.04954102635383606,0.11893821507692337
Raindrops/test/evocargo_raindrops__D1__07255528fee2ce21.jpg,0.021164169535040855,0.09864136576652527
Raindrops/test/evocargo_raindrops__D1__b4b2ec7be1a498d8.jpg,0.003192771226167679,0.11185803264379501
Raindrops/test/evocargo_raindrops__D1__f406c1738c8c36a3.jpg,0.012542792595922947,0.023710932582616806
Raindrops/test/evocargo_raindrops__v2__12f520913f81cef8.jpg,0.06662046164274216,0.12059857696294785
Raindrops/test/evocargo_raindrops__D1__e34a46d9eff18afa.jpg,0.06732840836048126,0.13278037309646606
Raindrops/test/evocargo_raindrops__v2__0096023914b21b7c.jpg,0.06791292876005173,0.18283213675022125
Raindrops/test/evocargo_raindrops__v2__acc4178799df40bc.jpg,0.14263680577278137,0.3154168725013733
Raindrops/test/evocargo_raindrops__D2__840232ddd5d9fd16.jpg,0.02406095340847969,0.03854331746697426
Raindrops/test/evocargo_raindrops__v2__3ef98748d30e67ed.jpg,0.10176821798086166,0.26095521450042725
Raindrops/test/evocargo_raindrops__D2__69154d127afea523.jpg,0.016522374004125595,0.035610347986221313
Raindrops/test/evocargo_raindrops__v2__01ab580b87f1097f.jpg,0.09866398572921753,0.17891594767570496
Raindrops/test/evocargo_raindrops__D2__b06093377f1f07e1.jpg,0.04197685420513153,0.10353216528892517
Raindrops/test/evocargo_raindrops__D1__3bdd95c962a88079.jpg,0.0215371735394001,0.06687772274017334
Raindrops/test/evocargo_raindrops__D2__88623a87eabe1292.jpg,0.00339398137293756,0.03131009638309479
Raindrops/test/evocargo_raindrops__D1__f1e0103d3e22d2a9.jpg,-0.001559524447657168,0.14513257145881653
Raindrops/test/evocargo_raindrops__D1__d5e1ef83d59b21fe.jpg,0.05584506690502167,0.2848188281059265
Raindrops/test/evocargo_raindrops__D2__2a9ed92618302e60.jpg,0.03614963963627815,0.08996572345495224
Raindrops/test/evocargo_raindrops__D1__3fca2bc5df1056f4.jpg,0.030826924368739128,0.05491461604833603
Raindrops/test/evocargo_raindrops__v2__adba28f67b9e3a42.jpg,0.08897562325000763,0.20563581585884094
Raindrops/test/evocargo_raindrops__D1__4fd6902c46ab85f5.jpg,0.016955843195319176,0.028175927698612213
Raindrops/test/evocargo_raindrops__v2__29b72991658ee96f.jpg,0.12653450667858124,0.2927006185054779
Raindrops/test/evocargo_raindrops__v2__ebf5276881269a2c.jpg,0.11478301882743835,0.20381972193717957
Raindrops/test/evocargo_raindrops__v2__6698d898816a2892.jpg,0.09758546948432922,0.1602860987186432
Raindrops/test/evocargo_raindrops__v2__d51a0a390daa0523.jpg,0.08127640187740326,0.19788840413093567
Raindrops/test/evocargo_raindrops__D2__7d2e40e4a7acf399.jpg,0.013188404031097889,0.05312156677246094
Raindrops/test/evocargo_raindrops__D1__dc35c0f29ddf42fc.jpg,0.037348486483097076,0.12064345180988312
Raindrops/test/evocargo_raindrops__D1__6e25eb11562f6b44.jpg,0.04404957592487335,0.11202895641326904
Raindrops/test/evocargo_raindrops__D2__d00301ef9ce394a5.jpg,0.002250432036817074,0.02997584268450737
Raindrops/test/evocargo_raindrops__v2__db8782aec51b1c1b.jpg,0.030843976885080338,0.08177253603935242
Raindrops/test/evocargo_raindrops__v2__2d3cdbc9c840e606.jpg,0.05636142939329147,0.12345142662525177
Raindrops/test/evocargo_raindrops__D1__f8f92623a6434b09.jpg,0.018280334770679474,0.05289384350180626
Raindrops/test/evocargo_raindrops__v2__e4cc6b736ae29576.jpg,0.03765544667840004,0.08734007179737091
Raindrops/test/evocargo_raindrops__v2__9521cc51fd03b3ce.jpg,0.08182640373706818,0.19887687265872955
Raindrops/test/evocargo_raindrops__D1__005cb5dc2fcbdbad.jpg,0.03536377102136612,0.115398108959198
Raindrops/test/evocargo_raindrops__v2__45293e35c4253126.jpg,0.05771404877305031,0.1295004040002823
Raindrops/test/evocargo_raindrops__D1__60965e34d3256d99.jpg,0.022516954690217972,0.08266483247280121
Raindrops/test/evocargo_raindrops__v2__be08f9c0df430f42.jpg,0.01629679650068283,0.07278944551944733
Raindrops/test/evocargo_raindrops__D1__0a295af6524fd944.jpg,0.04160764813423157,0.10970784723758698
Raindrops/test/evocargo_raindrops__D1__4fd132ce6340b981.jpg,0.027721019461750984,0.07424888014793396
Raindrops/test/evocargo_raindrops__D1__0fb12e1667edfecb.jpg,0.04291704297065735,0.07805308699607849
Raindrops/test/evocargo_raindrops__v2__79d08342bf28b96a.jpg,0.09655949473381042,0.13902857899665833
Raindrops/test/evocargo_raindrops__D1__5244f4d4f3a0e791.jpg,0.02436910942196846,0.20563025772571564
Raindrops/test/evocargo_raindrops__D1__a98c5abf6aff915f.jpg,0.04650789126753807,0.08920760452747345
Raindrops/test/evocargo_raindrops__v2__a16e45429a0bfa35.jpg,0.10697916150093079,0.2475477010011673
Raindrops/test/evocargo_raindrops__D1__ab8efd66fd2020a8.jpg,0.004284997470676899,0.013724235817790031
Raindrops/test/evocargo_raindrops__D1__48d8941defd60ccf.jpg,0.008974656462669373,0.015894366428256035
Raindrops/test/evocargo_raindrops__v2__4b3f9c9016ac8780.jpg,0.04878471791744232,0.08423754572868347
Raindrops/test/evocargo_raindrops__v2__b814bb86950f5777.jpg,0.15138548612594604,0.26457247138023376
Raindrops/test/evocargo_raindrops__D1__51779be7bebbe96c.jpg,0.029279226437211037,0.0928688645362854
Raindrops/test/evocargo_raindrops__v2__8eebf87439e3e746.jpg,0.01989889331161976,0.07397401332855225
Raindrops/test/evocargo_raindrops__D2__b32cd48f09a9b98d.jpg,0.017376843839883804,0.032857008278369904
Raindrops/test/evocargo_raindrops__D2__b6cf9fe97c64e07d.jpg,0.004260907880961895,0.05151566118001938
Raindrops/test/evocargo_raindrops__D1__ddc6b5ee5f3fa4b0.jpg,0.00827478151768446,0.1502019613981247
Raindrops/test/evocargo_raindrops__D2__fac89344322a4bfe.jpg,0.01386784203350544,0.022239716723561287
Raindrops/test/evocargo_raindrops__v2__987d2e3aa0bfe4a9.jpg,0.05791567265987396,0.15575021505355835
Raindrops/test/evocargo_raindrops__D1__4476839f99de8abe.jpg,0.0523562952876091,0.09612260013818741
Raindrops/test/evocargo_raindrops__D2__84cb06cd8e447452.jpg,0.026762956753373146,0.08416762202978134
Raindrops/test/evocargo_raindrops__D1__815c30181e523375.jpg,0.05069753900170326,0.19635286927223206
Raindrops/test/evocargo_raindrops__v2__129556c5458dee11.jpg,0.13271142542362213,0.21569570899009705
Raindrops/test/evocargo_raindrops__v2__54a21cb99e32989c.jpg,0.05900348722934723,0.148444265127182
Raindrops/test/evocargo_raindrops__v2__3d87d3645368729f.jpg,0.12149312347173691,0.19405785202980042
Raindrops/test/evocargo_raindrops__v2__8a82cf4b43b60b7f.jpg,0.12299635261297226,0.23317104578018188
Raindrops/test/evocargo_raindrops__v2__5afec8eb8ba9babf.jpg,0.0884125828742981,0.19555066525936127
Raindrops/test/evocargo_raindrops__v2__7486e3258c2d48bb.jpg,0.036412693560123444,0.11076493561267853
Raindrops/test/evocargo_raindrops__v2__636296246e1ffbce.jpg,0.09940990805625916,0.21232390403747559
Raindrops/test/evocargo_raindrops__D1__6a533eaa0850109f.jpg,0.014895515516400337,0.02519252710044384
Raindrops/test/evocargo_raindrops__v2__c6923b0e292d50ea.jpg,-0.010532536543905735,0.1657436639070511
Raindrops/test/evocargo_raindrops__v2__5aea0fd4e303ddde.jpg,0.11364562809467316,0.1785438358783722
Raindrops/test/evocargo_raindrops__D2__14216db33e8c8aef.jpg,0.01748538762331009,0.0536331869661808
Raindrops/test/evocargo_raindrops__D1__57b3ee3a6b63a11f.jpg,0.21120208501815796,0.3277636170387268
Raindrops/test/evocargo_raindrops__v2__e80e39f5347d752d.jpg,0.12953805923461914,0.2576510012149811
Raindrops/test/evocargo_raindrops__D1__d531978f48e4fd4b.jpg,0.03865697979927063,0.06532233208417892
Raindrops/test/evocargo_raindrops__v2__588235d0d41d5c13.jpg,0.0580906867980957,0.1638161838054657
Raindrops/test/evocargo_raindrops__D2__85dd9b25b8db8048.jpg,0.019976651296019554,0.029536660760641098
Raindrops/test/evocargo_raindrops__v2__88a6d5fdb3b045f7.jpg,0.02636912278831005,0.10164203494787216
Raindrops/test/evocargo_raindrops__D1__2b933e20fcd1076e.jpg,0.021177582442760468,0.04047680273652077
Raindrops/test/evocargo_raindrops__v2__e3ee9bcf2b8de690.jpg,0.08988919109106064,0.1719820350408554
Raindrops/test/evocargo_raindrops__D1__0f541fba64f0909a.jpg,0.012286616489291191,0.018679920583963394
Raindrops/test/evocargo_raindrops__v2__9f70b68c3b990389.jpg,0.03807322308421135,0.10776981711387634
Raindrops/test/evocargo_raindrops__v2__004bf6188c831d05.jpg,0.03467405587434769,0.08583813905715942
Raindrops/test/evocargo_raindrops__D2__2f8263dfeb41eb26.jpg,0.02447209134697914,0.04710841923952103
Raindrops/test/evocargo_raindrops__v2__6788ad0c361a912a.jpg,0.07759015262126923,0.1249312236905098
Raindrops/test/evocargo_raindrops__v2__86c60073264da902.jpg,0.07890462875366211,0.13074684143066406
Raindrops/test/evocargo_raindrops__D2__4c00942aa564a1f0.jpg,0.01585640013217926,0.03627697378396988
Raindrops/test/evocargo_raindrops__D1__4c52436c779fc1ed.jpg,0.05413972958922386,0.112521693110466
Raindrops/test/evocargo_raindrops__D2__c2b1f284a025b38c.jpg,0.01405189000070095,0.027775699272751808
Raindrops/test/evocargo_raindrops__D2__b13f1d740b19bef5.jpg,0.038570061326026917,0.0885675922036171
Raindrops/test/evocargo_raindrops__v2__0b7e8e8bceb7ddad.jpg,0.029611095786094666,0.07360323518514633
Raindrops/test/evocargo_raindrops__D2__7c3d36eebb2ec261.jpg,0.017642706632614136,0.04859629273414612
Raindrops/test/evocargo_raindrops__D1__2354b52648f1ee17.jpg,-0.0003223868552595377,0.07348094880580902
Raindrops/test/evocargo_raindrops__v2__1fd9fd03727eaf51.jpg,0.018915697932243347,0.08133739233016968
Raindrops/test/evocargo_raindrops__v2__5db3ab490b6cef6b.jpg,0.032037269324064255,0.25020432472229004
Raindrops/test/evocargo_raindrops__D2__12b621681ae34236.jpg,0.016595914959907532,0.08103438466787338
Raindrops/test/evocargo_raindrops__v2__df915c61ff2ad705.jpg,0.025777902454137802,0.1288217455148697
Raindrops/test/evocargo_raindrops__v2__01e724e0d6d35ea7.jpg,0.0326462984085083,0.18020617961883545
Raindrops/test/evocargo_raindrops__D1__f3cef7ccb08f4ab2.jpg,0.06647327542304993,0.3401562571525574
Raindrops/test/evocargo_raindrops__D1__ddd31e6cda76231b.jpg,-0.0021084663458168507,0.0687393993139267
Raindrops/test/evocargo_raindrops__D1__691adfa7db69b9a3.jpg,0.01927412487566471,0.06549426913261414
Raindrops/test/evocargo_raindrops__D1__c835977ae317924d.jpg,0.08423028886318207,0.14769648015499115
Raindrops/test/evocargo_raindrops__D1__41f34a293b5c67c2.jpg,0.016500823199748993,0.09339320659637451
Raindrops/test/evocargo_raindrops__v2__67a91ac070d9aed3.jpg,0.0701989084482193,0.1615445911884308
Raindrops/test/evocargo_raindrops__D2__6f5da3ce72ce2fee.jpg,0.0241776742041111,0.04387560486793518
Raindrops/test/evocargo_raindrops__D1__8ba6a4cb82d39ddc.jpg,0.030698243528604507,0.06314229965209961
Raindrops/test/evocargo_raindrops__v2__afa6c86bc8c1c75b.jpg,0.13630782067775726,0.3045051097869873
Raindrops/test/evocargo_raindrops__v2__6d3ee58e20212ce2.jpg,0.05591611564159393,0.10861092805862427
Raindrops/test/evocargo_raindrops__D2__1edd0c34b09cdca2.jpg,0.01701859012246132,0.026963669806718826
Raindrops/test/evocargo_raindrops__v2__caae5450ee04b22e.jpg,0.046211011707782745,0.10932659357786179
Raindrops/test/evocargo_raindrops__v2__f4ef797c0d914b48.jpg,0.06088148057460785,0.12006019055843353
Raindrops/test/evocargo_raindrops__v2__98828fb21859e823.jpg,0.039482712745666504,0.12695075571537018
Raindrops/test/evocargo_raindrops__v2__6a2c4303c9e318fb.jpg,0.13592195510864258,0.23931849002838135
Raindrops/test/evocargo_raindrops__v2__103af3d5aa854c56.jpg,0.12178539484739304,0.21288742125034332
Raindrops/test/evocargo_raindrops__D2__33919a196246f732.jpg,0.018727531656622887,0.06160229444503784
Raindrops/test/evocargo_raindrops__v2__193f373f30f899c2.jpg,0.10112988948822021,0.16782507300376892
Raindrops/test/evocargo_raindrops__v2__fe202889cea68cc7.jpg,0.036079853773117065,0.08245541900396347
Raindrops/test/evocargo_raindrops__v2__dc4aea210e74c09d.jpg,0.17669159173965454,0.32562127709388733
Raindrops/test/evocargo_raindrops__v2__0b42c0cf5bb42cdc.jpg,0.12608939409255981,0.19488085806369781
Raindrops/test/evocargo_raindrops__D1__9e983c0879b54619.jpg,0.05397383123636246,0.1447334587574005
Raindrops/test/evocargo_raindrops__D1__e0ee382fbbad2d10.jpg,0.014053001999855042,0.1097855493426323
Raindrops/test/evocargo_raindrops__v2__4bc2ef062037fc76.jpg,0.035108186304569244,0.08472279459238052
Raindrops/test/evocargo_raindrops__D1__713dd96d41e351e7.jpg,-0.014327434822916985,0.03757903724908829
Raindrops/test/evocargo_raindrops__v2__b40d76b16ef76bf8.jpg,0.020659342408180237,0.051152072846889496
Raindrops/test/evocargo_raindrops__v2__2a5a3535850e5389.jpg,0.022554129362106323,0.060330331325531006
Raindrops/test/evocargo_raindrops__v2__3606420e1f10d902.jpg,0.03023584932088852,0.14861658215522766
Raindrops/test/evocargo_raindrops__v2__db952bcef212e59b.jpg,0.0416812002658844,0.1268429011106491
Raindrops/test/evocargo_raindrops__v2__b9c037a5e95c6dbe.jpg,0.10077079385519028,0.250938355922699
Raindrops/test/evocargo_raindrops__v2__f35eeef968084fc2.jpg,0.02674262598156929,0.1223318800330162
Raindrops/test/evocargo_raindrops__D2__18d4a52b5bd36bda.jpg,0.00876343809068203,0.05181436240673065
Raindrops/test/evocargo_raindrops__v2__4177ec05e74e446e.jpg,0.05612163990736008,0.1112498790025711
Raindrops/test/evocargo_raindrops__v2__135731653abb32a8.jpg,0.03865708410739899,0.09442760795354843
Raindrops/test/evocargo_raindrops__v2__2404828c4f61a9de.jpg,0.055998384952545166,0.1622563600540161
Raindrops/test/evocargo_raindrops__v2__2380710fc439ef33.jpg,0.028919603675603867,0.12041813135147095
Raindrops/test/evocargo_raindrops__D1__dde06a4ede472cb7.jpg,0.1383066475391388,0.4035620093345642
Raindrops/test/evocargo_raindrops__v2__062b718c135b22af.jpg,0.09307590872049332,0.23926150798797607
Raindrops/test/evocargo_raindrops__D2__58292eb338d3fc7a.jpg,0.0159266646951437,0.04289668798446655
Raindrops/test/evocargo_raindrops__D2__c7ff22060fc8da98.jpg,0.01689441129565239,0.05240824073553085
Raindrops/test/evocargo_raindrops__v2__d5da3e5146b1cff7.jpg,0.03816906362771988,0.14970560371875763
Raindrops/test/evocargo_raindrops__D2__54681edabfcc5290.jpg,0.01759902760386467,0.032364413142204285
Raindrops/test/evocargo_raindrops__D1__0a9b50f55a7c67a4.jpg,0.02116471156477928,0.03698645159602165
Raindrops/test/evocargo_raindrops__v2__d972682a860ba45b.jpg,0.07371567189693451,0.20247724652290344
Raindrops/test/evocargo_raindrops__v2__114aeaf946c090c1.jpg,0.1962076723575592,0.38112685084342957
Raindrops/test/evocargo_raindrops__D1__c1bde1b1012e8a3f.jpg,0.00889653991907835,0.0213029608130455
Raindrops/test/evocargo_raindrops__D1__00673d7e48d67eff.jpg,0.0241195447742939,0.056799739599227905
Raindrops/test/evocargo_raindrops__v2__56aa225b7557d76a.jpg,0.041504763066768646,0.13481010496616364
Raindrops/test/evocargo_raindrops__D1__d88f3ba377be87ce.jpg,0.07882173359394073,0.38759076595306396
Raindrops/test/evocargo_raindrops__v2__114fe2166493bb53.jpg,0.06092578172683716,0.11136309057474136
Raindrops/test/evocargo_raindrops__D1__58deee05e8192622.jpg,0.026589728891849518,0.06369718909263611
Raindrops/test/evocargo_raindrops__v2__3c9724b1ad3963a8.jpg,0.08758743107318878,0.1854103058576584
Raindrops/test/evocargo_raindrops__v2__b9d7b812a88883c0.jpg,0.045466095209121704,0.08204057812690735
Raindrops/test/evocargo_raindrops__D1__f4a7fe795a9d6e18.jpg,0.019134197384119034,0.0468268021941185
Raindrops/test/evocargo_raindrops__D1__29bef29d66f7e179.jpg,0.0816567912697792,0.20269924402236938
Raindrops/test/evocargo_raindrops__v2__bfb82ed40bd13322.jpg,0.049986258149147034,0.11294428259134293
Raindrops/test/evocargo_raindrops__v2__c4a46a4553353b1a.jpg,0.05428294837474823,0.09998977929353714
Raindrops/test/evocargo_raindrops__D1__36e04a8f81ccc0a6.jpg,0.013912182301282883,0.09858071804046631
Raindrops/test/evocargo_raindrops__v2__a2255ab52ab022d4.jpg,0.12568002939224243,0.22928179800510406
Raindrops/test/evocargo_raindrops__v2__371e475d2fd89ed9.jpg,0.12343700975179672,0.2396095097064972
Raindrops/test/evocargo_raindrops__v2__282310a14c831750.jpg,0.07711489498615265,0.23068112134933472
Raindrops/test/evocargo_raindrops__v2__f31c537861743f39.jpg,0.04064297676086426,0.1031823456287384
Raindrops/test/evocargo_raindrops__D1__d4e6389d874b59e6.jpg,0.06780572235584259,0.28858494758605957
Raindrops/test/evocargo_raindrops__v2__b1d2c51901fc749f.jpg,0.04714272916316986,0.15679802000522614
Raindrops/test/evocargo_raindrops__v2__cd0c01fb75d742f9.jpg,0.08626037836074829,0.17061279714107513
Raindrops/test/evocargo_raindrops__v2__fdef7c8ef8484bc1.jpg,0.11972182989120483,0.2683004140853882
Raindrops/test/evocargo_raindrops__v2__89a2fc90007881e5.jpg,0.0595758892595768,0.14530205726623535
Raindrops/test/evocargo_raindrops__D1__4afdf583af5d4d11.jpg,0.07000366598367691,0.1305433064699173
Raindrops/test/evocargo_raindrops__D2__4aad24621fd96070.jpg,0.029797149822115898,0.07063278555870056
Raindrops/test/evocargo_raindrops__v2__afb8c4ffa438020e.jpg,0.026706842705607414,0.1627974957227707
Raindrops/test/evocargo_raindrops__D1__821549c43dd28318.jpg,0.04971408471465111,0.11044317483901978
Raindrops/test/evocargo_raindrops__D1__e0f9bed9627bb197.jpg,0.022242622449994087,0.04461490735411644
Raindrops/test/evocargo_raindrops__v2__d6b9d470d88e635b.jpg,0.12208973616361618,0.19000160694122314
Raindrops/test/evocargo_raindrops__D2__87db2d095110cb08.jpg,0.002290882170200348,0.0642477422952652
Raindrops/test/evocargo_raindrops__D2__bbf5d7b5e7352095.jpg,0.017566287890076637,0.08154529333114624
Raindrops/test/evocargo_raindrops__D1__4ea60b7c25bbc9e8.jpg,0.01720087230205536,0.14218738675117493
Raindrops/test/evocargo_raindrops__D1__8ea22126677a0fd3.jpg,0.02159409038722515,0.04425845295190811
Raindrops/test/evocargo_raindrops__v2__501900b18374827b.jpg,0.10923738777637482,0.3693596124649048
Raindrops/test/evocargo_raindrops__D2__0f6fce854f77cb1b.jpg,0.013041846454143524,0.07798266410827637
Raindrops/test/evocargo_raindrops__v2__ceea970cb85c52f5.jpg,0.022105436772108078,0.11315044015645981
Raindrops/test/evocargo_raindrops__v2__c44a4f149f1a968f.jpg,0.048186711966991425,0.13298428058624268
Raindrops/test/evocargo_raindrops__v2__4e41783703cb45cd.jpg,0.09092000871896744,0.13548889756202698
Raindrops/test/evocargo_raindrops__v2__43f1ac7c205394af.jpg,0.1471930742263794,0.2770790457725525
Raindrops/test/evocargo_raindrops__D1__4aedb9f666395788.jpg,0.0449661985039711,0.15524235367774963
Raindrops/test/evocargo_raindrops__D1__a3b3e8112b628f3c.jpg,0.001712648430839181,0.059948310256004333
Raindrops/test/evocargo_raindrops__v2__52d306f2f549a5f7.jpg,0.12572239339351654,0.29222553968429565
Raindrops/test/evocargo_raindrops__D1__a78ebf43486e8938.jpg,0.037533797323703766,0.13627316057682037
Raindrops/test/evocargo_raindrops__D1__0870d3713faf0ee8.jpg,0.045721977949142456,0.07588765025138855
Raindrops/test/evocargo_raindrops__v2__557ea38598b24be3.jpg,0.057254061102867126,0.13750551640987396
Raindrops/test/evocargo_raindrops__D1__00099564bb50f3d1.jpg,0.013942321762442589,0.028603877872228622
Raindrops/test/evocargo_raindrops__v2__8762eeb5baa86fc2.jpg,0.0994834154844284,0.24901479482650757
Raindrops/test/evocargo_raindrops__D2__5558902514a10e7e.jpg,0.014281846582889557,0.029031626880168915
Raindrops/test/evocargo_raindrops__v2__7da8ad93aae3c31c.jpg,0.09122790396213531,0.18347464501857758
Raindrops/test/evocargo_raindrops__v2__ae18ac1be753ff97.jpg,0.035511571913957596,0.08344598114490509
Raindrops/test/evocargo_raindrops__D2__4321bb14c95d7565.jpg,0.01750771328806877,0.06746311485767365
Raindrops/test/evocargo_raindrops__v2__0a0d95765e4f8921.jpg,0.044277191162109375,0.10450463742017746
Raindrops/test/evocargo_raindrops__v2__2df145b605e66a5a.jpg,0.1543179452419281,0.28870752453804016
Raindrops/test/evocargo_raindrops__v2__e4c9fb9dc225a1dc.jpg,0.03499118983745575,0.10531555116176605
Raindrops/test/evocargo_raindrops__D2__2ad8025abd06f338.jpg,0.032393790781497955,0.07233677804470062
Raindrops/test/evocargo_raindrops__D1__9663f981b66a50b1.jpg,0.05311104655265808,0.11960278451442719
Raindrops/test/evocargo_raindrops__v2__51e19c3bbea361d8.jpg,0.1096428632736206,0.23513925075531006
Raindrops/test/evocargo_raindrops__D2__427f89544faabee0.jpg,0.020341839641332626,0.08069012314081192
Raindrops/test/evocargo_raindrops__D2__f89de79355b76933.jpg,0.017405617982149124,0.028649352490901947
Raindrops/test/evocargo_raindrops__D1__886d9bbcb4ab193f.jpg,0.0026372510474175215,0.0827254205942154
Raindrops/test/evocargo_raindrops__D2__8e2cdd57696ffc3b.jpg,0.013359466567635536,0.07240219414234161
Raindrops/test/evocargo_raindrops__D2__3d74679d45672fdf.jpg,0.03148840367794037,0.046645134687423706
Raindrops/test/evocargo_raindrops__v2__8cedc0cd90e0bc6a.jpg,0.08973617851734161,0.1774831861257553
Raindrops/test/evocargo_raindrops__D1__14964c476bac0e66.jpg,0.026098793372511864,0.04742436856031418
Raindrops/test/evocargo_raindrops__D2__bf61b4ef2bc390d9.jpg,0.014955321326851845,0.02250673808157444
Raindrops/test/evocargo_raindrops__D2__9b7bfb59335417bf.jpg,0.000753692293073982,0.049287717789411545
Raindrops/test/evocargo_raindrops__v2__35a901f413065d04.jpg,0.0968165397644043,0.1701275110244751
Raindrops/test/evocargo_raindrops__D1__9667dc81c7d3d26b.jpg,0.044760435819625854,0.16021911799907684
Raindrops/test/evocargo_raindrops__D2__d73ed9b31499548b.jpg,0.014553045853972435,0.04845224320888519
Raindrops/test/evocargo_raindrops__D1__9789a243b15f92a8.jpg,0.09968005120754242,0.1420098841190338
Raindrops/test/evocargo_raindrops__v2__1b6c9e83f8826790.jpg,0.027088919654488564,0.06771541386842728
Raindrops/test/evocargo_raindrops__D1__6e719c1c2580e371.jpg,0.021693464368581772,0.035153262317180634
Raindrops/test/evocargo_raindrops__D1__555d04daa605cb30.jpg,0.028377482667565346,0.07004720717668533
Raindrops/test/evocargo_raindrops__D1__d7998ef7a7eff3e0.jpg,0.016914017498493195,0.03021167777478695
Raindrops/test/evocargo_raindrops__v2__1dd8a25d4a4b616d.jpg,0.135689839720726,0.24162641167640686
Raindrops/test/evocargo_raindrops__D2__ea9a26cfa2e279f6.jpg,0.01485016755759716,0.02756081335246563
Raindrops/test/evocargo_raindrops__v2__c7d94cb4493682f7.jpg,0.08633638918399811,0.15194585919380188
Raindrops/test/evocargo_raindrops__D1__378aa699764ea82c.jpg,0.02382001280784607,0.045110367238521576
Raindrops/test/evocargo_raindrops__v2__ba78607a9e9707f3.jpg,0.08628395199775696,0.2987343668937683
Raindrops/test/evocargo_raindrops__v2__c0522742c13ad8f7.jpg,0.03338351845741272,0.20280221104621887
Raindrops/test/evocargo_raindrops__v2__e552eaa2a32d154d.jpg,0.09591624140739441,0.1616697460412979
Raindrops/test/evocargo_raindrops__v2__e92b3c9a14e7516f.jpg,0.1713569462299347,0.32488909363746643
Raindrops/test/evocargo_raindrops__v2__ed7ad3cc1e20f70b.jpg,0.11006022989749908,0.16621030867099762
Raindrops/test/evocargo_raindrops__v2__fd57bc55c6469a98.jpg,0.07579126954078674,0.17269015312194824
Raindrops/test/evocargo_raindrops__v2__b9b5e113c4adca1d.jpg,0.06063184142112732,0.16398561000823975
Raindrops/test/evocargo_raindrops__v2__fedff430c415cad6.jpg,0.04428444802761078,0.11030969023704529
Raindrops/test/evocargo_raindrops__v2__6bef9c42ebe92c20.jpg,0.028311271220445633,0.09473607689142227
Raindrops/test/evocargo_raindrops__D1__92bd38bb9e46466b.jpg,0.02655874192714691,0.07823008298873901
Raindrops/test/evocargo_raindrops__D1__98db1e6d2a42bf98.jpg,0.03957618772983551,0.09662000834941864
Raindrops/test/evocargo_raindrops__v2__a7618bc1b341a5b7.jpg,0.0394669808447361,0.22580170631408691
Raindrops/test/evocargo_raindrops__v2__f0f658248600d15c.jpg,0.027166100218892097,0.13199421763420105
Raindrops/test/evocargo_raindrops__D1__b0db07f6225f40b1.jpg,0.030866889283061028,0.05821703374385834
Raindrops/test/evocargo_raindrops__D2__98ba51a75fab39df.jpg,0.024356640875339508,0.07687653601169586
Raindrops/test/evocargo_raindrops__D1__87b273022d4dbf7a.jpg,0.03585583716630936,0.15388274192810059
Raindrops/test/evocargo_raindrops__v2__c7c7fb87742198a0.jpg,0.039356350898742676,0.09815093874931335
Raindrops/test/evocargo_raindrops__v2__4659a12b3580c41d.jpg,0.14066101610660553,0.25513967871665955
Raindrops/test/evocargo_raindrops__D1__bdc11aca0edf7c6c.jpg,0.06882917881011963,0.1450847089290619
Raindrops/test/evocargo_raindrops__v2__643c863cbefa586c.jpg,0.16898784041404724,0.2885672152042389
Raindrops/test/evocargo_raindrops__D1__5f2b8c637892df8d.jpg,0.06012541800737381,0.11669396609067917
Raindrops/test/evocargo_raindrops__v2__238ece30b50f55a6.jpg,0.09691344201564789,0.25940150022506714
Raindrops/test/evocargo_raindrops__v2__631974b9deb77b71.jpg,0.05609718710184097,0.1461809277534485
Raindrops/test/evocargo_raindrops__v2__1ec13db3d383cd59.jpg,0.09809985756874084,0.21489109098911285
Raindrops/test/evocargo_raindrops__D2__1138685ece00c56f.jpg,0.018515150994062424,0.030019259080290794
Raindrops/test/evocargo_raindrops__v2__057f385c9bcec6ff.jpg,-0.06446930021047592,0.1541452705860138
Raindrops/test/evocargo_raindrops__D1__16bd04514cf5aa7e.jpg,0.01680087484419346,0.056350573897361755
Raindrops/test/evocargo_raindrops__v2__a2026b40db2f2642.jpg,0.030426135286688805,0.09745576977729797
Raindrops/test/evocargo_raindrops__v2__c76dc945825a6648.jpg,0.11403200030326843,0.2695417106151581
Raindrops/test/evocargo_raindrops__D1__04ccd0677c455ba3.jpg,0.03933187574148178,0.0797622948884964
Raindrops/test/evocargo_raindrops__D1__ddfb7602d24bc8e9.jpg,0.04584527760744095,0.11885837465524673
Raindrops/test/evocargo_raindrops__D1__36d9141ab603600f.jpg,0.06930428743362427,0.162454754114151
Raindrops/test/evocargo_raindrops__D2__1cf8ece1b773368a.jpg,0.012702157720923424,0.04732824116945267
Raindrops/test/evocargo_raindrops__v2__2bb2e831c5346720.jpg,0.20079684257507324,0.39637482166290283
Raindrops/test/evocargo_raindrops__v2__db1f82f3484a1697.jpg,0.11877179145812988,0.19752633571624756
Raindrops/test/evocargo_raindrops__D1__0257b4c6cc78226e.jpg,0.03890217840671539,0.20386900007724762
Raindrops/test/evocargo_raindrops__D1__40c59ebd418b5e8b.jpg,0.06941759586334229,0.1198187917470932
Raindrops/test/evocargo_raindrops__D1__b7f9405cee0669da.jpg,0.015970028936862946,0.09466493129730225
Raindrops/test/evocargo_raindrops__D1__b7065b0edd311787.jpg,0.017572566866874695,0.12679219245910645
Raindrops/test/evocargo_raindrops__v2__d75e0845d2cf917c.jpg,0.20207032561302185,0.2950296998023987
Raindrops/test/evocargo_raindrops__v2__81a71da115ce929f.jpg,0.11604954302310944,0.1860143393278122
Raindrops/test/evocargo_raindrops__v2__07d0e23b4df63325.jpg,0.061810657382011414,0.1996087282896042
Raindrops/test/evocargo_raindrops__v2__15569efaf4896747.jpg,0.028413495048880577,0.1315898448228836
Raindrops/test/evocargo_raindrops__D2__cb4bc6eba1b3ebf2.jpg,0.003541168523952365,0.04130157083272934
Raindrops/test/evocargo_raindrops__v2__e1041bd928bbfb0e.jpg,0.03336581587791443,0.18454745411872864
Raindrops/test/evocargo_raindrops__D1__6bd71ad5b48989c9.jpg,0.04215196147561073,0.10494353622198105
Raindrops/test/evocargo_raindrops__v2__a43e82ac767a54f7.jpg,0.14990824460983276,0.26675188541412354
Raindrops/test/evocargo_raindrops__D2__7f7d33075a31adc9.jpg,0.004477427341043949,0.06485283374786377
Raindrops/test/evocargo_raindrops__D1__3dc083467e3313f3.jpg,0.009095389395952225,0.018178176134824753
Raindrops/test/evocargo_raindrops__v2__1d0b216970b3ba20.jpg,0.08047351241111755,0.16738776862621307
Raindrops/test/evocargo_raindrops__D2__e53ed074876b39a4.jpg,0.011737164109945297,0.021425336599349976
Raindrops/test/evocargo_raindrops__D1__498debc2a219b283.jpg,0.08936674892902374,0.1645798534154892
Raindrops/test/evocargo_raindrops__D1__7a245afa608a74d4.jpg,0.014889469370245934,0.17260131239891052
Raindrops/test/evocargo_raindrops__v2__e2d3c1c9ebdab583.jpg,0.19189229607582092,0.30270034074783325
Raindrops/test/evocargo_raindrops__v2__b3e75567bcfcef9a.jpg,0.029562383890151978,0.09165655076503754
Raindrops/test/evocargo_raindrops__D1__6a2018b591aa72ff.jpg,0.06665132939815521,0.1972070336341858
Raindrops/test/evocargo_raindrops__v2__21f6595c17d7d7a0.jpg,0.013001433573663235,0.32146328687667847
Raindrops/test/evocargo_raindrops__v2__080f48322e024edf.jpg,0.022322608157992363,0.08369476348161697
Raindrops/test/evocargo_raindrops__v2__57e9c0286f4fd5bc.jpg,0.08254984021186829,0.20685987174510956
Raindrops/test/evocargo_raindrops__v2__feba3938dfe11f6c.jpg,0.03758741915225983,0.19111531972885132
Raindrops/test/evocargo_raindrops__D2__f09ce826463a2184.jpg,0.015634968876838684,0.04859551787376404
Raindrops/test/evocargo_raindrops__v2__4bc16d2f653d8480.jpg,0.06890641152858734,0.1286350041627884
Raindrops/test/evocargo_raindrops__D1__1a2cf3b92699f4d6.jpg,0.02428300678730011,0.1801573634147644
Raindrops/test/evocargo_raindrops__D2__daa30444ad057d74.jpg,0.04461564123630524,0.08763271570205688
Raindrops/test/evocargo_raindrops__v2__64ae7fee5655152b.jpg,0.03346528485417366,0.12700435519218445
Raindrops/test/evocargo_raindrops__D1__0761d7e2e0637576.jpg,0.17320355772972107,0.4229474365711212
Raindrops/test/evocargo_raindrops__D1__685346bf4e09687a.jpg,0.005866456776857376,0.01153226662427187
Raindrops/test/evocargo_raindrops__v2__7f0fcbf9d7ad5b21.jpg,0.0171027984470129,0.05702842026948929
Raindrops/test/evocargo_raindrops__D1__aaf0afc20af23f06.jpg,0.06037793308496475,0.12961295247077942
Raindrops/test/evocargo_raindrops__v2__557a22be943a0691.jpg,0.1717643439769745,0.25393417477607727
Raindrops/test/evocargo_raindrops__v2__f31628ab439f2d71.jpg,0.04290929436683655,0.22632473707199097
Raindrops/test/evocargo_raindrops__D1__9c76e5ab8cb4dd6e.jpg,0.057626910507678986,0.11334731429815292
Raindrops/test/evocargo_raindrops__D1__e3dff934a19d4c94.jpg,0.008934639394283295,0.015410857275128365
Raindrops/test/evocargo_raindrops__D1__2af72adae04a2419.jpg,0.041209787130355835,0.09023729711771011
Raindrops/test/evocargo_raindrops__v2__c2d467dd13948bcf.jpg,0.15817692875862122,0.27382034063339233
Raindrops/test/evocargo_raindrops__D2__07b5a33b26e6ecdb.jpg,0.005459585227072239,0.06048382818698883
Raindrops/test/evocargo_raindrops__D2__b22930eb6989460b.jpg,0.020610099658370018,0.035652074962854385
Raindrops/test/evocargo_raindrops__v2__fdff81a3310a3697.jpg,0.11013038456439972,0.25241994857788086
Raindrops/test/evocargo_raindrops__D2__ca73235b72fea131.jpg,0.02501678839325905,0.07706688344478607
Raindrops/test/evocargo_raindrops__D1__a494f5bf5431aac7.jpg,0.012382471933960915,0.062499843537807465
Raindrops/test/evocargo_raindrops__v2__472083278279b071.jpg,0.11649066209793091,0.19878464937210083
Raindrops/test/evocargo_raindrops__v2__530cbb6f503a7662.jpg,0.011065331287682056,0.06021725386381149
Raindrops/test/evocargo_raindrops__v2__c33457b7231fc465.jpg,0.12436691671609879,0.225365549325943
Raindrops/test/evocargo_raindrops__v2__a7257b8d2468ec8c.jpg,0.1546899676322937,0.25517138838768005
Raindrops/test/evocargo_raindrops__D2__e340877578e7ab19.jpg,0.009771497920155525,0.08533651381731033
Raindrops/test/evocargo_raindrops__v2__2544771f64c401e9.jpg,0.10590791702270508,0.19243937730789185
Raindrops/test/evocargo_raindrops__D1__602919477e603f8b.jpg,0.0025974551681429148,0.11535988748073578
Raindrops/test/evocargo_raindrops__D2__9a41561e3b3f1c57.jpg,0.013791406527161598,0.02399374172091484
Raindrops/test/evocargo_raindrops__D1__ad2d078bc902a28b.jpg,-0.0020586764439940453,0.11489604413509369
Raindrops/test/evocargo_raindrops__v2__18bff9c50c9f98b1.jpg,0.03323143720626831,0.081053726375103
Raindrops/test/evocargo_raindrops__D1__5c16b1babe96bb0d.jpg,0.040348250418901443,0.08308564871549606
Raindrops/test/evocargo_raindrops__D1__e66b7e650a1f4873.jpg,1.8422695575281978e-05,0.02243635430932045
Raindrops/test/evocargo_raindrops__v2__2013a31aafbdba61.jpg,0.05942118912935257,0.12488158792257309
Raindrops/test/evocargo_raindrops__D1__fb24827abe675b32.jpg,0.03307349979877472,0.07058855891227722
Raindrops/test/evocargo_raindrops__D1__a0d4ad6e45c66161.jpg,0.0634908676147461,0.1155567318201065
Raindrops/test/evocargo_raindrops__D1__063d9737263b4f53.jpg,-0.005428416654467583,0.19677698612213135
Raindrops/test/evocargo_raindrops__v2__8ea1746758c1a9a7.jpg,0.11664185672998428,0.21453315019607544
Raindrops/test/evocargo_raindrops__D1__31c5e2e49424e57a.jpg,0.018505863845348358,0.03818023204803467
Raindrops/test/evocargo_raindrops__v2__067ed94b12340e42.jpg,0.044310860335826874,0.12610609829425812
Raindrops/test/evocargo_raindrops__v2__c1c912aac87c6af5.jpg,0.1313031166791916,0.2618619203567505
Raindrops/test/evocargo_raindrops__v2__65244d7f28a7c56a.jpg,0.018030313774943352,0.12544456124305725
Raindrops/test/evocargo_raindrops__v2__631c78a868bc57b9.jpg,0.16504259407520294,0.3381235599517822
Raindrops/test/evocargo_raindrops__v2__f136145f48fa595a.jpg,0.052278559654951096,0.10098770260810852
Raindrops/test/evocargo_raindrops__D1__b3b526ab189aa07a.jpg,0.08780691027641296,0.1279061883687973
Raindrops/test/evocargo_raindrops__v2__cc3dedd98ac01818.jpg,0.0952761247754097,0.1668209284543991
Raindrops/test/evocargo_raindrops__v2__cde19b3ade299f03.jpg,0.08807545900344849,0.218607559800148
Raindrops/test/evocargo_raindrops__D1__8074bdb96ebe03d6.jpg,0.030059121549129486,0.060360923409461975
Raindrops/test/evocargo_raindrops__D2__3056a13d96cea2e3.jpg,0.015266798436641693,0.07216204702854156
Raindrops/test/evocargo_raindrops__v2__bb4acb8e11a388c4.jpg,0.03364410251379013,0.13766738772392273
Raindrops/test/evocargo_raindrops__D1__893ecce46d5ded58.jpg,0.030912913382053375,0.11619386821985245
Raindrops/test/evocargo_raindrops__v2__5962cf11f78d30c0.jpg,0.07626743614673615,0.20498068630695343
Raindrops/test/evocargo_raindrops__v2__6bf07c2196a7903f.jpg,0.026335783302783966,0.16238966584205627
Raindrops/test/evocargo_raindrops__v2__6bba2d1563bbd562.jpg,0.0499269962310791,0.09365616738796234
Raindrops/test/evocargo_raindrops__D1__7673860af04922f0.jpg,0.042055822908878326,0.07454413175582886
Raindrops/test/evocargo_raindrops__D1__ee4dccfb6443c134.jpg,0.023954780772328377,0.03844195604324341
Raindrops/test/evocargo_raindrops__v2__77312fa022dffb49.jpg,0.07155689597129822,0.15714719891548157
Raindrops/test/evocargo_raindrops__D2__969419bb489665b9.jpg,0.024850856512784958,0.07359664142131805
Raindrops/test/evocargo_raindrops__D1__3ff913b39bdc8a92.jpg,0.004419778008013964,0.12468594312667847
Raindrops/test/evocargo_raindrops__D1__718294b6a75a8afd.jpg,0.01897592470049858,0.03755604103207588
Raindrops/test/evocargo_raindrops__D2__ecaf528082ecfd5f.jpg,0.01697198860347271,0.025933541357517242
Raindrops/test/evocargo_raindrops__v2__96f4de0748a60de2.jpg,0.02759965881705284,0.12784874439239502
Raindrops/test/evocargo_raindrops__v2__1ffd8b4a36a4b2cc.jpg,0.04286634922027588,0.13781607151031494
Raindrops/test/evocargo_raindrops__D1__92b2d9e9fa37ae9a.jpg,0.05053587630391121,0.11774955689907074
Raindrops/test/evocargo_raindrops__v2__aebd8c14d932bc80.jpg,0.10739006102085114,0.1852429211139679
Raindrops/test/evocargo_raindrops__D2__67ec4ddc50b313b9.jpg,0.03576602041721344,0.07539650052785873
Raindrops/test/evocargo_raindrops__D2__2d7af9151e3340a5.jpg,0.01121100690215826,0.03915144130587578
Raindrops/test/evocargo_raindrops__v2__b025059ae4822f0d.jpg,0.15524503588676453,0.3565051555633545
Raindrops/test/evocargo_raindrops__v2__f924cd2d1e20842b.jpg,0.04019096493721008,0.08512026816606522
Raindrops/test/evocargo_raindrops__v2__3e7170248b5b6765.jpg,0.016603641211986542,0.24386368691921234
Raindrops/test/evocargo_raindrops__v2__ee5b36bfc35c28cb.jpg,0.05268320441246033,0.12448252737522125
Raindrops/test/evocargo_raindrops__v2__4e6faaf5e4d9b3de.jpg,0.16684141755104065,0.34491854906082153
Raindrops/test/evocargo_raindrops__D1__5786cf8dc30cfb19.jpg,0.0413319393992424,0.283609539270401
Raindrops/test/evocargo_raindrops__D1__9ad54ffa28d181ca.jpg,0.07422433793544769,0.3085843622684479
Raindrops/test/evocargo_raindrops__v2__4920474e27c1ecc1.jpg,0.06842391192913055,0.22265134751796722
Raindrops/test/evocargo_raindrops__D2__ffe4157e7d97e388.jpg,0.01596253551542759,0.02485082484781742
Raindrops/test/evocargo_raindrops__v2__5f0f39265ff75334.jpg,0.10663624852895737,0.27169954776763916
Raindrops/test/evocargo_raindrops__v2__646fd8f35d250dc9.jpg,0.09563173353672028,0.17852413654327393
Raindrops/test/evocargo_raindrops__v2__de148bb33a95a72a.jpg,0.19287250936031342,0.30652397871017456
Raindrops/test/evocargo_raindrops__v2__e95521cfe434a889.jpg,0.1522064208984375,0.25710412859916687
Raindrops/test/evocargo_raindrops__D1__0c48c87835849829.jpg,0.009955006651580334,0.12936219573020935
Raindrops/test/evocargo_raindrops__D1__7a0cbbdbb89168fe.jpg,0.07369843870401382,0.13036729395389557
Raindrops/test/evocargo_raindrops__D1__7b3236a68d0d1ddb.jpg,0.05805790796875954,0.12342611700296402
Raindrops/test/evocargo_raindrops__D1__308f6cf4a6bb9850.jpg,0.05530059337615967,0.14545069634914398
Raindrops/test/evocargo_raindrops__D2__9e75660013c380da.jpg,0.015614937990903854,0.048057619482278824
Raindrops/test/evocargo_raindrops__D2__b251e7d6ebff2d0d.jpg,0.00847508106380701,0.06086517497897148
Raindrops/test/evocargo_raindrops__D2__936c857003d9e03b.jpg,0.02792508155107498,0.08101324737071991
Raindrops/test/evocargo_raindrops__D2__45ff430cb794a18c.jpg,0.01346077024936676,0.026415374130010605
Raindrops/test/evocargo_raindrops__v2__b3254a16e67fe0e9.jpg,0.05614548176527023,0.12399604916572571
Raindrops/test/evocargo_raindrops__D2__d8f9dd66bdbf8223.jpg,0.02014816738665104,0.03201301023364067
Raindrops/test/evocargo_raindrops__v2__40e6a42a46ade743.jpg,0.05795740336179733,0.12170346826314926
Raindrops/test/evocargo_raindrops__D1__7226346d2bcaf69c.jpg,0.028170663863420486,0.08741696178913116
Raindrops/test/evocargo_raindrops__v2__5171d3a3c630349d.jpg,0.033971384167671204,0.12953954935073853
Raindrops/test/evocargo_raindrops__D1__8ce88072e7946670.jpg,0.0350816547870636,0.0794791430234909
Raindrops/test/evocargo_raindrops__v2__deabc6d2749541c3.jpg,0.07166451960802078,0.15880422294139862
Raindrops/test/evocargo_raindrops__D2__16af06f00946f36f.jpg,0.015782305970788002,0.0504545122385025
Raindrops/test/evocargo_raindrops__v2__d2e81a5ee9933d97.jpg,0.14700078964233398,0.23882165551185608
Raindrops/test/evocargo_raindrops__v2__cbf2a912c28da391.jpg,0.027370039373636246,0.12898868322372437
Raindrops/test/evocargo_raindrops__v2__a6e11e38f4f90a6d.jpg,0.017865769565105438,0.08024716377258301
Raindrops/test/evocargo_raindrops__D1__fe7f0d1a734776bc.jpg,0.04310357943177223,0.10043394565582275
Raindrops/test/evocargo_raindrops__D1__d6c3c2d180444f4d.jpg,0.042254429310560226,0.12920384109020233
Raindrops/test/evocargo_raindrops__v2__b88ced59257940a5.jpg,-0.009014207869768143,0.1499091237783432
Raindrops/test/evocargo_raindrops__D1__4e6f6928c4a24fd5.jpg,0.09040583670139313,0.28581303358078003
Raindrops/test/evocargo_raindrops__v2__208c1f6ae7418a5e.jpg,0.15436343848705292,0.26440396904945374
Raindrops/test/evocargo_raindrops__v2__0e68865aca9cae52.jpg,0.1350908726453781,0.2905528247356415
Raindrops/test/evocargo_raindrops__v2__39dd3030301cfb82.jpg,0.03103022649884224,0.09645338356494904
Raindrops/test/evocargo_raindrops__D1__f2a77deb968bef69.jpg,0.016821499913930893,0.03643343597650528
Raindrops/test/evocargo_raindrops__D2__0d3a6501cf0bc89f.jpg,0.019657379016280174,0.07080718874931335
Raindrops/test/evocargo_raindrops__D1__41ef73ffc6205cad.jpg,0.08873066306114197,0.31843680143356323
Raindrops/test/evocargo_raindrops__D2__d2dadf92b1afa3fb.jpg,0.015576397068798542,0.026824336498975754
Raindrops/test/evocargo_raindrops__D1__64e394acddeedd5e.jpg,0.04025961458683014,0.3236420750617981
Raindrops/test/evocargo_raindrops__v2__d0cd8de96f16abc2.jpg,0.049929115921258926,0.10210932791233063
Raindrops/test/evocargo_raindrops__D1__e13ba010def1ec8c.jpg,0.010003282688558102,0.018341142684221268
Raindrops/test/evocargo_raindrops__D2__b6b1e77d83d3eaf3.jpg,0.01896623894572258,0.08271007239818573
Raindrops/test/evocargo_raindrops__v2__ebb98a16e4b05773.jpg,0.13525322079658508,0.29583874344825745
Raindrops/test/evocargo_raindrops__D2__7dcb2c6492a77bd0.jpg,0.021432720124721527,0.04987413436174393
Raindrops/test/evocargo_raindrops__D2__52fa486374704ced.jpg,0.017906025052070618,0.028189191594719887
Raindrops/test/evocargo_raindrops__D2__be1e0c53d47f0994.jpg,0.04648193344473839,0.06841818243265152
Raindrops/test/evocargo_raindrops__D1__0d3859bb0860b0fd.jpg,0.013010364025831223,0.0304875411093235
Raindrops/test/evocargo_raindrops__v2__5029614b068983cd.jpg,0.01553536206483841,0.11909428983926773
Raindrops/test/evocargo_raindrops__D2__5bd2d2dbdc726382.jpg,0.012171395123004913,0.0504254475235939
Raindrops/test/evocargo_raindrops__D2__8ae50fc52aa46a0a.jpg,0.04062966629862785,0.10607843101024628
Raindrops/test/evocargo_raindrops__v2__e6c149811c6a08a1.jpg,0.05935559421777725,0.14035341143608093
Raindrops/test/evocargo_raindrops__v2__03e39efeb6148eed.jpg,0.05495284125208855,0.17046821117401123
Raindrops/test/evocargo_raindrops__D1__78dbd717b5b24ccb.jpg,0.02332882396876812,0.12905502319335938
Raindrops/test/evocargo_raindrops__D2__0fcfd28c045f286c.jpg,0.007318077143281698,0.05481228232383728
Raindrops/test/evocargo_raindrops__v2__b1cb704595885f2c.jpg,0.02401522360742092,0.08008475601673126
Raindrops/test/evocargo_raindrops__D2__33400bc96e9948cb.jpg,0.013558007776737213,0.0205247700214386
Raindrops/test/evocargo_raindrops__v2__fac1acfd38d98c7c.jpg,0.1592639684677124,0.23223891854286194
Raindrops/test/evocargo_raindrops__D1__d62c8767c1e2b03f.jpg,0.04057563841342926,0.09484691917896271
Raindrops/test/evocargo_raindrops__v2__3d75387f102b3ef4.jpg,0.01304809283465147,0.05529925599694252
Raindrops/test/evocargo_raindrops__v2__bcffe533532d6220.jpg,0.11540558934211731,0.1987185776233673
Raindrops/test/evocargo_raindrops__v2__2fe3ff9e3d0aad19.jpg,0.13329942524433136,0.22819241881370544
Raindrops/test/evocargo_raindrops__D1__b38942bd6735888e.jpg,0.026819735765457153,0.0541992112994194
Raindrops/test/evocargo_raindrops__v2__e0e5a4bb4e17c2c1.jpg,0.06786014139652252,0.2006896436214447
Raindrops/test/evocargo_raindrops__v2__5eb472a53091cc58.jpg,0.11317836493253708,0.2357049435377121
Raindrops/test/evocargo_raindrops__v2__29b5cd471910b63f.jpg,0.12311096489429474,0.27211612462997437
Raindrops/test/evocargo_raindrops__D1__4efb3921691eab0d.jpg,-0.018421296030282974,0.054849885404109955
Raindrops/test/evocargo_raindrops__v2__93faccd94afe4b90.jpg,0.006756660528481007,0.06020945683121681
Raindrops/test/evocargo_raindrops__D1__ffa6ae3369ecad42.jpg,0.014835165813565254,0.022978726774454117
Raindrops/test/evocargo_raindrops__D2__7178b4838d756bdd.jpg,0.03931491822004318,0.09464801847934723
Raindrops/test/evocargo_raindrops__D1__740198c3e1fc17bf.jpg,-0.010044489055871964,0.0372089222073555
Raindrops/test/evocargo_raindrops__D1__092e497656559eb2.jpg,0.19980019330978394,0.38926607370376587
Raindrops/test/evocargo_raindrops__v2__9e1c2280e037be98.jpg,0.14701369404792786,0.23726637661457062
Raindrops/test/evocargo_raindrops__D1__ba5d8ffdc5993650.jpg,0.04007626324892044,0.07707978785037994
Raindrops/test/evocargo_raindrops__D1__4a8e506e4f9d71ab.jpg,0.022767364978790283,0.11023280024528503
Raindrops/test/evocargo_raindrops__v2__acf0abc842761200.jpg,0.14559118449687958,0.27417874336242676
Raindrops/test/evocargo_raindrops__v2__69f98499bbf394d6.jpg,0.08671897649765015,0.1717909723520279
Raindrops/test/evocargo_raindrops__D2__fc83dd677ea061b6.jpg,0.0338405966758728,0.09006641060113907
Raindrops/test/evocargo_raindrops__v2__93b8d322eb18d6ef.jpg,0.10166274756193161,0.2504984438419342
Raindrops/test/evocargo_raindrops__D1__1978d10758fdb887.jpg,0.06282073259353638,0.11725477129220963
Raindrops/test/evocargo_raindrops__v2__9509f73d4d3caddd.jpg,0.10272599756717682,0.27305781841278076
Raindrops/test/evocargo_raindrops__D1__e0ea8239cd8d68ee.jpg,0.04694115370512009,0.0882863998413086
Raindrops/test/evocargo_raindrops__D1__3ea3da3180add7a9.jpg,0.014246821403503418,0.024239201098680496
Raindrops/test/evocargo_raindrops__D2__8c00fb013736bcac.jpg,0.0319238156080246,0.05746844410896301
Raindrops/test/evocargo_raindrops__D2__613986f324671188.jpg,0.015006763860583305,0.041722387075424194
Raindrops/test/evocargo_raindrops__v2__7d6486fe9f810dc4.jpg,0.07792451232671738,0.20894667506217957
Raindrops/test/evocargo_raindrops__D1__64e2d6429faf9173.jpg,0.05099727585911751,0.3013714551925659
Raindrops/test/evocargo_raindrops__D1__810cb8c658daa82d.jpg,0.01441936381161213,0.08837016671895981
Raindrops/test/evocargo_raindrops__v2__8ed22a4648147255.jpg,0.01781485788524151,0.14058905839920044
Raindrops/test/evocargo_raindrops__v2__c74c722cde05fbdc.jpg,0.040544092655181885,0.15642854571342468
Raindrops/test/evocargo_raindrops__D2__c43232049988f305.jpg,0.01432885229587555,0.023396581411361694
Raindrops/test/evocargo_raindrops__v2__c6ea4eac87dd74ca.jpg,0.03083707019686699,0.13475707173347473
Raindrops/test/evocargo_raindrops__D1__366399553893bf05.jpg,0.05594921112060547,0.07684077322483063
Raindrops/test/evocargo_raindrops__D2__14d43db74e549533.jpg,0.01657387986779213,0.02966286800801754
Raindrops/test/evocargo_raindrops__v2__541ca847fe2cecfb.jpg,0.04549365118145943,0.11961106956005096
Raindrops/test/evocargo_raindrops__v2__9b7fdbcde66b84c7.jpg,0.16665133833885193,0.26962584257125854
Raindrops/test/evocargo_raindrops__v2__365eae370ac7e261.jpg,-0.019422728568315506,0.12902697920799255
Raindrops/test/evocargo_raindrops__v2__2ffb19929adb303d.jpg,0.09188500791788101,0.25583362579345703
Raindrops/test/evocargo_raindrops__v2__70ea86d7965ccafe.jpg,0.027094917371869087,0.10651732981204987
Raindrops/test/evocargo_raindrops__v2__21c27c089a8cc4a2.jpg,0.11289352923631668,0.24098946154117584
Raindrops/test/evocargo_raindrops__v2__a4932d7e4fb8ab61.jpg,0.030615588650107384,0.0861477255821228
Raindrops/test/evocargo_raindrops__v2__637af443f9aea6eb.jpg,0.019331444054841995,0.06753787398338318
Raindrops/test/evocargo_raindrops__v2__b29bd6dbb102fb7f.jpg,0.12030637264251709,0.1901860386133194
Raindrops/test/evocargo_raindrops__D1__fc4f2d7173bc04d3.jpg,0.016337484121322632,0.03864932060241699
Raindrops/test/evocargo_raindrops__D1__b62c9ea6d46a215a.jpg,0.1877291053533554,0.4350149631500244
Raindrops/test/evocargo_raindrops__v2__7a58fd634a94f7e9.jpg,0.10047968477010727,0.17159970104694366
Raindrops/test/evocargo_raindrops__D1__a62810d547560a56.jpg,0.008577312342822552,0.014021122828125954
Raindrops/test/evocargo_raindrops__D2__c0308f6a1ec345d3.jpg,0.012447287328541279,0.048062488436698914
Raindrops/test/evocargo_raindrops__D1__889240813c900c13.jpg,0.06570969521999359,0.10300947725772858
Raindrops/test/evocargo_raindrops__D1__98ce4dc00d8149d6.jpg,0.03719044104218483,0.08308003842830658
Raindrops/test/evocargo_raindrops__v2__94b8b2a31a0223f6.jpg,0.03156086802482605,0.1135832816362381
Raindrops/test/evocargo_raindrops__D2__820be6accaf44b93.jpg,0.014645842835307121,0.030361462384462357
Raindrops/test/evocargo_raindrops__v2__d304076ee59a2660.jpg,0.0038365619257092476,0.2195163518190384
Raindrops/test/evocargo_raindrops__v2__87e597ba24777252.jpg,0.05175374075770378,0.10958005487918854
Raindrops/test/evocargo_raindrops__D1__fce33074ac16ef9f.jpg,0.03101653791964054,0.1670568287372589
Raindrops/test/evocargo_raindrops__D2__fce27b27d2825d8d.jpg,0.03499184548854828,0.0962601751089096
Raindrops/test/evocargo_raindrops__v2__03acf450ca031ca2.jpg,0.032767608761787415,0.12108911573886871
Raindrops/test/evocargo_raindrops__v2__00a5a677d7bed3f1.jpg,0.02626952901482582,0.19287711381912231
Raindrops/test/evocargo_raindrops__D2__50b670319951d7ec.jpg,0.03377053141593933,0.059259891510009766
Raindrops/test/evocargo_raindrops__v2__24c4249c33261cb1.jpg,0.04938357323408127,0.17421382665634155
Raindrops/test/evocargo_raindrops__v2__2ee7bbf31c5dfbd9.jpg,0.04109238460659981,0.1894974708557129
Raindrops/test/evocargo_raindrops__D1__6952fa84d020c331.jpg,0.08526811003684998,0.31222930550575256
Raindrops/test/evocargo_raindrops__v2__371e2323b1071fd6.jpg,0.07744421064853668,0.15168866515159607
Raindrops/test/evocargo_raindrops__v2__a49b937585e32410.jpg,0.13328711688518524,0.3897136449813843
Raindrops/test/evocargo_raindrops__v2__013d8d02c75ad799.jpg,0.04078437387943268,0.16086450219154358
Raindrops/test/evocargo_raindrops__D2__72b1bf538bb34ea4.jpg,0.014092419296503067,0.03905022516846657
Raindrops/test/evocargo_raindrops__D2__1d3d1b3484550d28.jpg,-0.0009660682990215719,0.06223464012145996
Raindrops/test/evocargo_raindrops__D1__4b04baaa475dffd8.jpg,0.006326218135654926,0.18328140676021576
Raindrops/test/evocargo_raindrops__D2__8e5cdc0c85626a0c.jpg,0.024953695014119148,0.03700042515993118
Raindrops/test/evocargo_raindrops__D1__3b5671572d12dcee.jpg,0.026840131729841232,0.09676718711853027
Raindrops/test/evocargo_raindrops__v2__26f6aa85f5d80e70.jpg,0.15698882937431335,0.2926027178764343
Raindrops/test/evocargo_raindrops__v2__93ce85c3099981d3.jpg,0.014484340324997902,0.06658993661403656
Raindrops/test/evocargo_raindrops__v2__7994935b0c7c624c.jpg,0.017978237941861153,0.0686323270201683
Raindrops/test/evocargo_raindrops__D1__f047bc82c5894644.jpg,0.005125944036990404,0.015354730188846588
Raindrops/test/evocargo_raindrops__v2__2594a6ef2bcd5a3c.jpg,0.1581595540046692,0.32933521270751953
Raindrops/test/evocargo_raindrops__D1__9b517394bcb6d9b2.jpg,0.04327450692653656,0.07728716731071472
Raindrops/test/evocargo_raindrops__D1__81afbdb31d7f5f71.jpg,0.07621285319328308,0.2374572902917862
Raindrops/test/evocargo_raindrops__v2__1cd59e85c003673f.jpg,0.03476899862289429,0.1369176059961319
Raindrops/test/evocargo_raindrops__v2__707858e917e43d43.jpg,0.06960403919219971,0.13743053376674652
Raindrops/test/evocargo_raindrops__v2__8c12465269e762c3.jpg,0.10447283089160919,0.2560088038444519
Raindrops/test/evocargo_raindrops__D1__2277229a9ff5c432.jpg,0.017116721719503403,0.027444472536444664
Raindrops/test/evocargo_raindrops__v2__e03a65f9b20bc69d.jpg,0.12810900807380676,0.24634093046188354
Raindrops/test/evocargo_raindrops__D1__2451d84535404e09.jpg,-0.006387032568454742,0.056861698627471924
Raindrops/test/evocargo_raindrops__v2__eed3bc7fe5119e1d.jpg,0.02795064076781273,0.10408663749694824
Raindrops/test/evocargo_raindrops__D2__c5ab3eace6d7df6e.jpg,0.008106623776257038,0.05893542617559433
Raindrops/test/evocargo_raindrops__D2__5114cbfc5e5b3d1d.jpg,0.012791851535439491,0.021777572110295296
Raindrops/test/evocargo_raindrops__v2__aa79b2a580f02ed0.jpg,0.15987010300159454,0.34378713369369507
Raindrops/test/evocargo_raindrops__D1__3b39ae37491cd037.jpg,0.024171695113182068,0.05300845205783844
Raindrops/test/evocargo_raindrops__D1__85df749a26f00290.jpg,0.015123795717954636,0.024377120658755302
Raindrops/test/evocargo_raindrops__v2__e99f38baa5f44f72.jpg,0.11974784731864929,0.17449060082435608
Raindrops/test/evocargo_raindrops__D1__37ac7ab9eb3acee7.jpg,0.051911596208810806,0.07917681336402893
Raindrops/test/evocargo_raindrops__D1__376da11633390c1c.jpg,0.012121549807488918,0.025180436670780182
Raindrops/train/evocargo_raindrops__D3__720bdf1ca0570533.jpg,0.015573592856526375,0.07159841060638428
Raindrops/train/evocargo_raindrops__D3__5ebb1ebde819602c.jpg,0.009473862126469612,0.08616593480110168
Raindrops/train/evocargo_raindrops__D4__80580e78c0e2159d.jpg,0.0777527242898941,0.1560267210006714
Raindrops/train/evocargo_raindrops__D4__d2f0e20dc178cee9.jpg,0.020138107240200043,0.09700632095336914
Raindrops/train/evocargo_raindrops__D3__346ea44305846a72.jpg,0.015365608036518097,0.06969150900840759
Raindrops/train/evocargo_raindrops__D3__3ef945279f137edc.jpg,0.015221040695905685,0.07699574530124664
Raindrops/train/evocargo_raindrops__D3__97b203a9895588f0.jpg,0.016304142773151398,0.14920876920223236
Raindrops/train/evocargo_raindrops__D3__c3d31f377acfd17e.jpg,0.016967661678791046,0.07082033157348633
Raindrops/train/evocargo_raindrops__D3__daefac44fbd8e8fd.jpg,0.013253388926386833,0.07123833894729614
Raindrops/train/evocargo_raindrops__D3__17b0f02465e5a70f.jpg,0.0536968857049942,0.13621145486831665
Raindrops/train/evocargo_raindrops__D4__398be11632b3a641.jpg,0.1209292858839035,0.250833123922348
Raindrops/train/evocargo_raindrops__D4__3d989e85740e2333.jpg,0.05436914041638374,0.12983465194702148
Raindrops/train/evocargo_raindrops__D3__8373366a21d10d33.jpg,0.01737905479967594,0.0907958522439003
Raindrops/train/evocargo_raindrops__D4__8bc02ad5f0c59f8a.jpg,0.057383473962545395,0.19229760766029358
Raindrops/train/evocargo_raindrops__D3__533a9ff1f8b2e27a.jpg,0.02213623933494091,0.07287204265594482
Raindrops/train/evocargo_raindrops__D3__914064603b1bbe73.jpg,0.05134814977645874,0.12178340554237366
Raindrops/train/evocargo_raindrops__D3__c0f122672a400627.jpg,0.021016109734773636,0.11840495467185974
Raindrops/train/cadc__2018_03_07_0006__efc368daf50a8f33.jpg,0.04186968877911568,0.05567574128508568
Raindrops/train/evocargo_raindrops__D3__ee6798d6214816a6.jpg,0.0037544937804341316,0.05519435554742813
Raindrops/train/evocargo_raindrops__D3__cd0db5f1d4db93e4.jpg,0.00834502000361681,0.046224117279052734
Raindrops/train/evocargo_raindrops__D4__2529680d1e2bec80.jpg,0.095669224858284,0.2071324735879898
Raindrops/train/evocargo_raindrops__D4__aea528e8b113ba12.jpg,0.063810795545578,0.17719435691833496
Raindrops/train/evocargo_raindrops__D3__51ccbfd1413b0640.jpg,0.006302783265709877,0.07405596971511841
Raindrops/train/evocargo_raindrops__D3__61e0fe79ed5420c4.jpg,0.07199009507894516,0.165254145860672
Raindrops/train/evocargo_raindrops__D3__0a35b9f6e32af8eb.jpg,0.009498601779341698,0.07267571985721588
Raindrops/train/evocargo_raindrops__D3__53d6e99a23979b01.jpg,0.031089462339878082,0.09500639140605927
Raindrops/train/evocargo_raindrops__D3__f1a5c7d6016cf9a6.jpg,0.0206962451338768,0.08007708936929703
Raindrops/train/evocargo_raindrops__D3__e126b366b0b101be.jpg,0.009474340826272964,0.06241953372955322
Raindrops/train/evocargo_raindrops__D4__7b9fe6a90427b634.jpg,0.0914137065410614,0.24576593935489655
Raindrops/train/evocargo_raindrops__D4__9e1426e13b7caa09.jpg,0.02998555451631546,0.14840149879455566
Raindrops/train/evocargo_raindrops__D3__98c90b63a33c1f21.jpg,0.008708540350198746,0.0674743503332138
Raindrops/train/evocargo_raindrops__D4__805e8503ffb0fd9c.jpg,0.010838532820343971,0.1103246659040451
Raindrops/train/evocargo_raindrops__D4__509be94c4218213c.jpg,0.018208809196949005,0.1176610141992569
Raindrops/train/evocargo_raindrops__D4__40838986e2d6951c.jpg,0.02386435493826866,0.09078077226877213
Raindrops/train/evocargo_raindrops__D3__7cbdbd1ee42c416c.jpg,0.04466994106769562,0.14159557223320007
Raindrops/train/evocargo_raindrops__D3__3e5e669e57ceb53c.jpg,0.03048788011074066,0.0983385369181633
Raindrops/train/evocargo_raindrops__D4__ea3cee3f55b5c853.jpg,0.013063762336969376,0.08040866255760193
Raindrops/train/evocargo_raindrops__D3__d2fc468b0d819732.jpg,0.0024930904619395733,0.05273102968931198
Raindrops/train/evocargo_raindrops__D4__f08024f613b80b41.jpg,0.02302791178226471,0.08097448199987411
Raindrops/train/evocargo_raindrops__D4__c75d26cb1161ba7b.jpg,-0.003160503227263689,0.06678546965122223
Raindrops/train/evocargo_raindrops__D3__b76c9a1ed8a75e15.jpg,0.08517415821552277,0.3050105571746826
Raindrops/train/evocargo_raindrops__D4__8eb2a8535089b95d.jpg,0.02579149417579174,0.0874645859003067
Raindrops/train/evocargo_raindrops__D3__793f884a711e9dc1.jpg,-0.002051937859505415,0.04994124919176102
Raindrops/train/evocargo_raindrops__D3__3f19a7caab18389b.jpg,0.031049787998199463,0.08309775590896606
Raindrops/train/cadc__2018_03_07_0006__b6b5a0c652f71e59.jpg,0.04365558922290802,0.07667433470487595
Raindrops/train/evocargo_raindrops__D3__6081beb4d01c7a8a.jpg,0.05322504788637161,0.1735023409128189
Raindrops/train/evocargo_raindrops__D3__89f6d9d796cafa81.jpg,0.013107781298458576,0.04489950090646744
Raindrops/train/evocargo_raindrops__D3__8f9ed2ea137736c3.jpg,0.01006830669939518,0.09079065173864365
Raindrops/train/evocargo_raindrops__D4__ad1ae5d89d65b69c.jpg,0.09532708674669266,0.21960020065307617
Raindrops/train/evocargo_raindrops__D3__2a2a1fcac7ff0309.jpg,0.023661751300096512,0.08722352981567383
Raindrops/train/evocargo_raindrops__D3__f02c1528aaef4d86.jpg,0.06914685666561127,0.17471663653850555
Raindrops/train/evocargo_raindrops__D4__7c6c9805827fd139.jpg,0.043373435735702515,0.14982697367668152
Raindrops/train/evocargo_raindrops__D4__970cd451af31811d.jpg,0.027941565960645676,0.1645074188709259
Raindrops/train/evocargo_raindrops__D4__71a390f4af4cce90.jpg,0.026966959238052368,0.08635494112968445
Raindrops/train/evocargo_raindrops__D4__1f25b2712bb81683.jpg,0.018443170934915543,0.05726001411676407
Raindrops/train/evocargo_raindrops__D4__fa23bea9fbeda404.jpg,0.0598386712372303,0.22329263389110565
Raindrops/train/evocargo_raindrops__D4__40a301c928b62e67.jpg,0.05962109565734863,0.11224623024463654
Raindrops/train/evocargo_raindrops__D3__2f2a9b2d09547124.jpg,0.03441726043820381,0.10711453855037689
Raindrops/train/evocargo_raindrops__D4__7b2ed4c69a4f086a.jpg,0.05368022620677948,0.24242013692855835
Raindrops/train/cadc__2018_03_07_0006__67d202d6eb90a601.jpg,0.06762626767158508,0.12380051612854004
Raindrops/train/evocargo_raindrops__D4__7b4c98dc9cc6413b.jpg,0.060703814029693604,0.1533956080675125
Raindrops/train/evocargo_raindrops__D3__cb7e6788e396130c.jpg,-0.018482614308595657,0.032009415328502655
Raindrops/train/evocargo_raindrops__D4__84ad63126ee3e8e2.jpg,0.021180830895900726,0.08400741219520569
Raindrops/train/evocargo_raindrops__D4__194de823d998c9ad.jpg,0.058608368039131165,0.11155012249946594
Raindrops/train/cadc__2018_03_07_0001__060f9c8a3d25e9b3.jpg,0.20613664388656616,0.6845097541809082
Raindrops/train/evocargo_raindrops__D4__454df8729106b8a3.jpg,0.01841188780963421,0.07875822484493256
Raindrops/train/evocargo_raindrops__D3__4c67f9eaca2d3842.jpg,0.0227736197412014,0.05467399209737778
Raindrops/train/evocargo_raindrops__D3__0a4d61b9eccf1fb2.jpg,0.020331621170043945,0.07925847172737122
Raindrops/train/evocargo_raindrops__D4__be2b6a71606e491c.jpg,0.04587603360414505,0.1167946457862854
Raindrops/train/evocargo_raindrops__D3__884b53453c0ea12d.jpg,0.02827373519539833,0.08786068856716156
Raindrops/train/evocargo_raindrops__D3__29b90c0611e291e9.jpg,0.02378026768565178,0.11252934485673904
Raindrops/train/evocargo_raindrops__D3__1326443c5311af2f.jpg,0.09312476217746735,0.20542430877685547
Raindrops/train/evocargo_raindrops__D3__3d8c7417e5ee1be7.jpg,0.06664441525936127,0.14682835340499878
Raindrops/train/evocargo_raindrops__D4__8b5648bf331520a2.jpg,0.053793467581272125,0.1110883355140686
Raindrops/train/evocargo_raindrops__D4__5e250a1106a3422c.jpg,0.04318520426750183,0.1129046231508255
Raindrops/train/evocargo_raindrops__D3__68a448257edd65f7.jpg,0.020861633121967316,0.11369222402572632
Raindrops/train/evocargo_raindrops__D4__d54c5a53785983e8.jpg,0.03666020929813385,0.11163845658302307
Raindrops/train/evocargo_raindrops__D3__ee605f09378b35e4.jpg,0.04733097553253174,0.1825062483549118
Raindrops/train/evocargo_raindrops__D4__0f308b0734ff2186.jpg,0.08581820875406265,0.19150276482105255
Raindrops/train/evocargo_raindrops__D4__d6ece06d0251e342.jpg,0.0516548827290535,0.252568781375885
Raindrops/train/cadc__2018_03_07_0006__accef2e257064322.jpg,0.07546944916248322,0.1460716873407364
Raindrops/train/evocargo_raindrops__D4__b3910bd16e0ce078.jpg,0.03146471083164215,0.09081146866083145
Raindrops/train/evocargo_raindrops__D4__9116e722a2957f66.jpg,-0.005438845604658127,0.12308260798454285
Raindrops/train/evocargo_raindrops__D4__0b8445339c7e38e3.jpg,0.09756891429424286,0.3041421175003052
Raindrops/train/evocargo_raindrops__D3__d1281a6982932d17.jpg,0.018102090805768967,0.0946672335267067
Raindrops/train/evocargo_raindrops__D4__8fc952970ee58907.jpg,0.061583224684000015,0.22408448159694672
Raindrops/train/cadc__2018_03_07_0006__7e2fecc332f75c14.jpg,0.07230368256568909,0.19833289086818695
Raindrops/train/evocargo_raindrops__D4__e9eeabd9436e0a22.jpg,0.04233982041478157,0.1053699404001236
Raindrops/train/evocargo_raindrops__D3__c3f5a6ae4c9aa42f.jpg,0.003249099012464285,0.07024785876274109
Raindrops/train/evocargo_raindrops__D4__24e09e1cf4807cc6.jpg,0.03042903169989586,0.09814922511577606
Raindrops/train/evocargo_raindrops__D4__ba3e46a813432d66.jpg,0.040788643062114716,0.11396533250808716
Raindrops/train/evocargo_raindrops__D3__30ea2bf814432bf3.jpg,0.008028404787182808,0.08673661947250366
Raindrops/train/evocargo_raindrops__D3__fc7afce8343e4977.jpg,-0.010871087200939655,0.03631564974784851
Raindrops/train/evocargo_raindrops__D4__94387dad3dd848f6.jpg,0.050647810101509094,0.1777099072933197
Raindrops/train/evocargo_raindrops__D4__2341735baf7b49f4.jpg,0.01767635904252529,0.09128405153751373
Raindrops/train/evocargo_raindrops__D3__ae6d787d6060df06.jpg,0.009280755184590816,0.07418134063482285
Raindrops/train/evocargo_raindrops__D3__7a74fd427892de69.jpg,0.008385958150029182,0.06296665966510773
Raindrops/train/evocargo_raindrops__D3__384e765b2432806e.jpg,0.006466979626566172,0.05435624718666077
Raindrops/train/evocargo_raindrops__D3__2ec095084e1ba024.jpg,0.02222777158021927,0.0821353867650032
Raindrops/train/evocargo_raindrops__D4__811d91403d4781ee.jpg,0.1152576431632042,0.2977333068847656
Raindrops/train/evocargo_raindrops__D3__0da7032911dfff21.jpg,-0.005543471314013004,0.06535185873508453
Raindrops/train/evocargo_raindrops__D4__9cc5d1999cff6f9d.jpg,0.02313452959060669,0.09831202775239944
Raindrops/train/evocargo_raindrops__D3__da510370a6bba336.jpg,0.0023952911142259836,0.03361986577510834
Raindrops/train/evocargo_raindrops__D4__210b1e4eaa15824e.jpg,0.05325653776526451,0.16835185885429382
Raindrops/train/evocargo_raindrops__D3__b1de7c6da18fe229.jpg,0.009763030335307121,0.06937414407730103
Raindrops/train/evocargo_raindrops__D3__153d273c45eb89c0.jpg,0.01116756722331047,0.059637486934661865
Raindrops/train/evocargo_raindrops__D3__536a9eb1c39a540e.jpg,0.02018742263317108,0.07199021428823471
Raindrops/train/evocargo_raindrops__D4__721e5807b08e1079.jpg,0.011826672591269016,0.0663473978638649
Raindrops/train/evocargo_raindrops__D3__c9f1a920e8426fcd.jpg,0.008001098409295082,0.061923883855342865
Raindrops/train/evocargo_raindrops__D3__52a2bfbac6be5888.jpg,0.059708863496780396,0.20097984373569489
Raindrops/train/cadc__2018_03_07_0006__622a11d01b8b114a.jpg,0.05847633257508278,0.11410245299339294
Raindrops/train/evocargo_raindrops__D3__bd578495b41a4e09.jpg,0.002430844120681286,0.07038971781730652
Raindrops/train/evocargo_raindrops__D4__d966f8856eed79c1.jpg,0.008565770462155342,0.11504471302032471
Raindrops/train/evocargo_raindrops__D3__2010c4f06c58fabe.jpg,0.013976690359413624,0.08802808076143265
Raindrops/train/evocargo_raindrops__D4__a98d67c8de6327df.jpg,0.07887960970401764,0.2769721746444702
Raindrops/train/evocargo_raindrops__D4__4912158445e2a489.jpg,0.028208233416080475,0.08303439617156982
Raindrops/train/evocargo_raindrops__D4__d3b459501b98a985.jpg,0.03507073596119881,0.06217356026172638
Raindrops/train/evocargo_raindrops__D3__9c7c46dc83433f51.jpg,0.03448569402098656,0.09883749485015869
Raindrops/train/evocargo_raindrops__D3__77325b751e2b9b0c.jpg,0.0487959161400795,0.11918827891349792
Raindrops/train/evocargo_raindrops__D3__28e97c706cdbff3f.jpg,0.009489204734563828,0.07074553519487381
Raindrops/train/evocargo_raindrops__D4__86f297d8eb49cefb.jpg,0.05878041684627533,0.11168242990970612
Raindrops/train/evocargo_raindrops__D3__b4d23cc79889269e.jpg,0.004287193529307842,0.06557545065879822
Raindrops/train/evocargo_raindrops__D3__8ada2e2dcf1310d1.jpg,0.03794417530298233,0.1417173445224762
Raindrops/train/evocargo_raindrops__D4__2d374a3e2482d6b6.jpg,0.038561951369047165,0.096612848341465
Raindrops/train/evocargo_raindrops__D3__4a298fc813b149f8.jpg,-0.004984493833035231,0.04864899441599846
Raindrops/train/evocargo_raindrops__D3__447d4a6283a10951.jpg,0.02132926881313324,0.13304653763771057
Raindrops/train/evocargo_raindrops__D3__9a89c6701c67bd52.jpg,0.02234356850385666,0.12197501957416534
Raindrops/train/evocargo_raindrops__D3__e65fbfaf30117f66.jpg,0.004423291422426701,0.07110098004341125
Raindrops/train/cadc__2018_03_07_0006__6f2f318e76c4eadb.jpg,0.03791604936122894,0.0679011344909668
Raindrops/train/evocargo_raindrops__D3__72162ec716e53606.jpg,-0.001112194499000907,0.03462760150432587
Raindrops/train/evocargo_raindrops__D4__e31be3ad3975acc0.jpg,0.12327410280704498,0.37811994552612305
Raindrops/train/evocargo_raindrops__D3__7c5fe2f4318461c6.jpg,0.03754374384880066,0.14217227697372437
Raindrops/train/evocargo_raindrops__D3__a0a20ca7a38ea2d3.jpg,0.038538817316293716,0.10389146208763123
Raindrops/train/evocargo_raindrops__D3__062d0dd99c9056bc.jpg,0.03825695812702179,0.15743952989578247
Raindrops/train/evocargo_raindrops__D3__15f5678e9c996400.jpg,0.03372275456786156,0.07687468081712723
Raindrops/train/evocargo_raindrops__D3__808682b6122c0a88.jpg,-0.0038118658121675253,0.06845194846391678
Raindrops/train/evocargo_raindrops__D3__62ddb7f3ef5bbf1d.jpg,0.014597350731492043,0.13455632328987122
Raindrops/train/evocargo_raindrops__D3__bc6d40f762ac2828.jpg,0.04395490512251854,0.14546899497509003
Raindrops/train/evocargo_raindrops__D4__740cd8300caa69ef.jpg,0.11301451921463013,0.2662903070449829
Raindrops/train/evocargo_raindrops__D3__7c98dc62c186cd60.jpg,0.012945834547281265,0.07800815254449844
Raindrops/train/evocargo_raindrops__D3__3cc023d1c12db057.jpg,0.02810021862387657,0.11225533485412598
Raindrops/train/evocargo_raindrops__D4__0f3c40d98b5ddcf7.jpg,0.044787198305130005,0.12180604040622711
Raindrops/train/evocargo_raindrops__D4__c02b9a65d9e9b175.jpg,0.07742102444171906,0.17694157361984253
Raindrops/train/evocargo_raindrops__D4__2d58d696228fef5c.jpg,0.019294805824756622,0.09454052150249481
Raindrops/train/evocargo_raindrops__D4__56dc29c8ee1a0c3d.jpg,0.12076243758201599,0.2748681902885437
Raindrops/train/evocargo_raindrops__D3__572964c69e1b55ee.jpg,0.02994069643318653,0.13488982617855072
Raindrops/train/evocargo_raindrops__D4__2916cb882090ecfa.jpg,0.07964012026786804,0.2140013873577118
Raindrops/train/evocargo_raindrops__D3__956e05e5901f46be.jpg,0.07319968938827515,0.12323921918869019
Raindrops/train/evocargo_raindrops__D3__838813b091825234.jpg,0.04445233196020126,0.12153656780719757
Raindrops/train/evocargo_raindrops__D3__627a5d40b72d56b6.jpg,0.03253011405467987,0.08647668361663818
Raindrops/train/cadc__2018_03_07_0006__e98d07cd1f34669b.jpg,0.045210517942905426,0.06254042685031891
Raindrops/train/evocargo_raindrops__D4__4174388509b1dc7d.jpg,0.15821799635887146,0.28187185525894165
Raindrops/train/evocargo_raindrops__D4__90e21831e0750d24.jpg,0.06267113238573074,0.2018953412771225
Raindrops/train/evocargo_raindrops__D4__736272399284bb6a.jpg,0.1051788330078125,0.336256206035614
Raindrops/train/evocargo_raindrops__D3__ccc03411c57b6616.jpg,0.07071678340435028,0.2021826207637787
Raindrops/train/evocargo_raindrops__D3__83c93c19c4d859c8.jpg,0.019204581156373024,0.05613739788532257
Raindrops/train/cadc__2018_03_07_0006__fb2bc7174fd588b4.jpg,0.08037176728248596,0.17574457824230194
Raindrops/train/evocargo_raindrops__D4__fe8086f7e3743242.jpg,0.021299706771969795,0.08135563880205154
Raindrops/train/evocargo_raindrops__D3__3a3c69cd5e7e39e9.jpg,0.025812387466430664,0.05174342915415764
Raindrops/train/evocargo_raindrops__D3__c226bbfcd0939a03.jpg,0.021364692598581314,0.08765694499015808
Raindrops/train/evocargo_raindrops__D4__3b336522a95f8400.jpg,0.028655461966991425,0.09520889073610306
Raindrops/train/evocargo_raindrops__D4__630eff1bdc4b7746.jpg,0.0172620490193367,0.1025800108909607
Raindrops/train/evocargo_raindrops__D3__52476c965324fccb.jpg,-0.0015076298732310534,0.08695907890796661
Raindrops/train/evocargo_raindrops__D3__d37853b39cf945a8.jpg,0.06906089186668396,0.2150956094264984
Raindrops/train/evocargo_raindrops__D3__9735503932c8969a.jpg,0.021840672940015793,0.08524315059185028
Raindrops/train/evocargo_raindrops__D3__7d47e6474a958d79.jpg,0.06325091421604156,0.1445668637752533
Raindrops/train/evocargo_raindrops__D3__a3d289fcef2b754a.jpg,0.049870528280735016,0.21344104409217834
Raindrops/train/evocargo_raindrops__D3__c795fe7c3733341f.jpg,0.03626817464828491,0.14093726873397827
Raindrops/train/evocargo_raindrops__D3__65b11ca08679642e.jpg,0.030406419187784195,0.070534847676754
Raindrops/train/evocargo_raindrops__D3__ffaf1d21d944e96f.jpg,0.031405046582221985,0.07549868524074554
Raindrops/train/evocargo_raindrops__D3__5d5016eb3535b844.jpg,0.011263327673077583,0.10434751212596893
Raindrops/train/evocargo_raindrops__D4__d8018753145fd2e1.jpg,0.021044351160526276,0.06285205483436584
Raindrops/train/evocargo_raindrops__D3__0b8092ba9579b29a.jpg,0.02121155336499214,0.07219309359788895
Raindrops/train/evocargo_raindrops__D3__ddcfac38f8f51a40.jpg,0.02007201686501503,0.07621508836746216
Raindrops/train/evocargo_raindrops__D4__37fb07132f13a6ec.jpg,0.12553967535495758,0.2634158730506897
Raindrops/train/evocargo_raindrops__D3__514eb29c8c2dcba1.jpg,0.006863344460725784,0.08728598803281784
Raindrops/train/evocargo_raindrops__D3__aeff5f8b008e3f06.jpg,0.06278228014707565,0.1497161090373993
Raindrops/train/evocargo_raindrops__D3__b30c8760032fc68f.jpg,0.023093335330486298,0.07771523296833038
Raindrops/train/evocargo_raindrops__D4__5d8b624d90a301a2.jpg,0.03730379790067673,0.09182798862457275
Raindrops/train/evocargo_raindrops__D4__15ef51806cd24b00.jpg,0.024751920253038406,0.0951230525970459
Raindrops/train/evocargo_raindrops__D3__0d734501ab7dd595.jpg,0.02210056409239769,0.07857009023427963
Raindrops/train/evocargo_raindrops__D4__3c7f9e8c26daa100.jpg,0.1273626983165741,0.2707727551460266
Raindrops/train/evocargo_raindrops__D4__b57ce18690e62028.jpg,0.12277784943580627,0.35392898321151733
Raindrops/train/evocargo_raindrops__D4__2925ed7b2c9ffe35.jpg,0.06730897724628448,0.15360267460346222
Raindrops/train/evocargo_raindrops__D4__948b597e7d3d3407.jpg,0.06818260252475739,0.27181535959243774
Raindrops/train/evocargo_raindrops__D3__0fe96ca47b22f19f.jpg,0.04050213098526001,0.08047404885292053
Raindrops/train/cadc__2018_03_07_0006__65f898f9502f07ec.jpg,0.06682156026363373,0.09488587081432343
Raindrops/train/evocargo_raindrops__D4__7f786cc425b07eeb.jpg,0.06589986383914948,0.20067155361175537
Raindrops/train/cadc__2018_03_07_0006__b6ddf7b20c2e0d62.jpg,0.08154113590717316,0.1540776640176773
Raindrops/train/cadc__2018_03_07_0001__2c4d8f97bf88a5e8.jpg,0.16040219366550446,0.4460740089416504
Raindrops/train/evocargo_raindrops__D4__9c5572366e402cdc.jpg,0.11191649734973907,0.3090696930885315
Raindrops/train/evocargo_raindrops__D4__4504165f3633ddc9.jpg,0.02369070053100586,0.12270601093769073
Raindrops/train/evocargo_raindrops__D3__984897a2bc1cd902.jpg,0.016810808330774307,0.06840013712644577
Raindrops/train/evocargo_raindrops__D3__717843a8959764e9.jpg,0.029192183166742325,0.12662968039512634
Raindrops/train/evocargo_raindrops__D4__8e3bd4c4075b11ac.jpg,0.05190769582986832,0.13031697273254395
Raindrops/train/cadc__2018_03_07_0001__4e67c044b783f5af.jpg,0.11000803112983704,0.4693184494972229
Raindrops/train/evocargo_raindrops__D4__ca04f8347a81d84c.jpg,0.06576988101005554,0.15462931990623474
Raindrops/train/evocargo_raindrops__D3__0146d74bd7251d7a.jpg,-0.009209701791405678,0.04000798985362053
Raindrops/train/cadc__2018_03_07_0006__7366886c7636da79.jpg,0.04650024324655533,0.06029655039310455
Raindrops/train/evocargo_raindrops__D3__ead7872f377e2a97.jpg,0.08363709598779678,0.22758474946022034
Raindrops/train/evocargo_raindrops__D3__abec91055d8be74e.jpg,0.003070870181545615,0.02417038008570671
Raindrops/train/evocargo_raindrops__D4__6d32e4d4b9eeb309.jpg,0.1540132761001587,0.3634181618690491
Raindrops/train/evocargo_raindrops__D4__a77930713e58a075.jpg,0.11513963341712952,0.22251713275909424
Raindrops/train/evocargo_raindrops__D4__06532deb78704c71.jpg,0.02961578778922558,0.10682128369808197
Raindrops/train/evocargo_raindrops__D4__647ec36813ffd553.jpg,0.044778190553188324,0.09992662072181702
Raindrops/train/evocargo_raindrops__D3__830bf4060290b8f1.jpg,0.042934246361255646,0.1005745381116867
Raindrops/train/evocargo_raindrops__D3__0f65ba814de95604.jpg,0.015680454671382904,0.07273115962743759
Raindrops/train/evocargo_raindrops__D3__51dff241e6d0c29c.jpg,0.014185940846800804,0.07021618634462357
Raindrops/train/evocargo_raindrops__D3__30b35b259823649a.jpg,0.01976478099822998,0.06485320627689362
Raindrops/train/evocargo_raindrops__D3__83274a3157b18bbf.jpg,0.01183710340410471,0.06500664353370667
Raindrops/train/evocargo_raindrops__D3__9ae0968866753abe.jpg,0.010523100383579731,0.1337510198354721
Raindrops/train/evocargo_raindrops__D4__7f510ab165e7b503.jpg,0.050852227956056595,0.32732054591178894
Raindrops/train/evocargo_raindrops__D4__26b8314f5cf2a709.jpg,0.084541916847229,0.1826634407043457
Raindrops/train/evocargo_raindrops__D3__2113fb20b050810f.jpg,0.01773250475525856,0.07560482621192932
Raindrops/train/evocargo_raindrops__D3__a5867c1d8032d43b.jpg,0.051076941192150116,0.0902172401547432
Raindrops/train/evocargo_raindrops__D4__53b9dc8fef362bc7.jpg,-0.009276352822780609,0.19912996888160706
Raindrops/train/evocargo_raindrops__D4__4365cf659cb354b3.jpg,0.059579119086265564,0.15456971526145935
Raindrops/train/evocargo_raindrops__D3__70a88365ac3ca694.jpg,0.002501328242942691,0.06349699199199677
Raindrops/train/evocargo_raindrops__D3__3ea8cf1a14e86ca0.jpg,0.0004905443056486547,0.07307906448841095
Raindrops/train/evocargo_raindrops__D4__b2248f948976c64c.jpg,0.028142049908638,0.10585617274045944
Raindrops/train/evocargo_raindrops__D3__ca188dc1861fb7a8.jpg,-0.0006383862346410751,0.0697798877954483
Raindrops/train/evocargo_raindrops__D3__7ff19591978487d2.jpg,-0.009186843410134315,0.047504574060440063
Raindrops/train/evocargo_raindrops__D3__3a8791203827dbe9.jpg,-0.011321302503347397,0.04923293739557266
Raindrops/train/evocargo_raindrops__D3__129ae27409e0ca11.jpg,0.05449198558926582,0.16236349940299988
Raindrops/train/evocargo_raindrops__D4__bd41ed52bcea5808.jpg,0.07311616837978363,0.21218019723892212
Raindrops/train/evocargo_raindrops__D3__fe13df1279ed88b7.jpg,0.03130907565355301,0.10238341987133026
Raindrops/train/evocargo_raindrops__D4__c8852172db455dd2.jpg,0.09909359365701675,0.2598523795604706
Raindrops/train/evocargo_raindrops__D4__0dbbb0d2737b6069.jpg,0.03589283302426338,0.16154685616493225
Raindrops/train/evocargo_raindrops__D3__7d2553ae5afef156.jpg,0.07903920114040375,0.21696460247039795
Raindrops/train/evocargo_raindrops__D4__6ad21c7d52fa476b.jpg,0.05031200870871544,0.13528865575790405
Raindrops/train/evocargo_raindrops__D4__18f7db5a2d4bad41.jpg,0.03498484194278717,0.0924423336982727
Raindrops/train/evocargo_raindrops__D3__6aaa763a05168ba2.jpg,-0.008871860802173615,0.04948056489229202
Raindrops/train/evocargo_raindrops__D4__672e7cefb3ebf201.jpg,0.021565860137343407,0.10844926536083221
Raindrops/train/evocargo_raindrops__D4__f09a01347528c626.jpg,0.05646331235766411,0.11208456754684448
Raindrops/train/evocargo_raindrops__D4__0ebb7d69a975c73e.jpg,0.016259875148534775,0.10041232407093048
Raindrops/train/evocargo_raindrops__D3__b420290ab608dae5.jpg,0.027679719030857086,0.11145768314599991
Raindrops/train/evocargo_raindrops__D4__8a916847af5d0fb8.jpg,0.011373860761523247,0.05887776240706444
Raindrops/train/evocargo_raindrops__D3__d209abac85fe5c89.jpg,0.04240395501255989,0.12598392367362976
Raindrops/train/evocargo_raindrops__D3__7e98fb9cc15325dc.jpg,0.021137600764632225,0.08628550171852112
Raindrops/train/evocargo_raindrops__D3__fe8efb74cbacd843.jpg,0.013428384438157082,0.1152871698141098
Raindrops/train/evocargo_raindrops__D3__f008a99cae73ce5f.jpg,0.030669692903757095,0.10586024820804596
Raindrops/train/evocargo_raindrops__D3__534c51a0ef04ae6c.jpg,0.01816324144601822,0.08642004430294037
Raindrops/train/evocargo_raindrops__D3__10fca0390c5592b6.jpg,0.013904931955039501,0.0579899400472641
Raindrops/train/evocargo_raindrops__D4__314422b03496d8d0.jpg,0.0881710946559906,0.18522703647613525
Raindrops/train/evocargo_raindrops__D3__79d7d9a5117d8a82.jpg,0.007422691211104393,0.023168541491031647
Raindrops/train/evocargo_raindrops__D4__481c499589a1e053.jpg,0.08825798332691193,0.18724706768989563
Raindrops/train/evocargo_raindrops__D4__06a3411f4c87cacf.jpg,0.03968697041273117,0.10299636423587799
Raindrops/train/evocargo_raindrops__D4__0a16f52c893f5032.jpg,0.12652146816253662,0.39202675223350525
Raindrops/train/evocargo_raindrops__D3__45855bb933ecf143.jpg,0.0357244536280632,0.10162550210952759
Raindrops/train/evocargo_raindrops__D4__e600ebb417eb0557.jpg,0.03393431752920151,0.10206158459186554
Raindrops/train/evocargo_raindrops__D3__6cd4575f29414ab3.jpg,0.059295155107975006,0.13870707154273987
Raindrops/train/evocargo_raindrops__D3__f3547f02bc072293.jpg,0.007772490382194519,0.05798456072807312
Raindrops/train/evocargo_raindrops__D4__076307ae5765ca68.jpg,0.023966295644640923,0.1141723245382309
Raindrops/train/evocargo_raindrops__D4__3798975930ab9552.jpg,0.07533128559589386,0.15567119419574738
Raindrops/train/evocargo_raindrops__D4__5ea731328b40a0cc.jpg,0.05337191000580788,0.12962409853935242
Raindrops/train/evocargo_raindrops__D3__66a879c85170d2c5.jpg,0.03035406768321991,0.06159902364015579
Raindrops/train/evocargo_raindrops__D3__987e7603f0a3c5d7.jpg,-0.00019085103122051805,0.057264819741249084
Raindrops/train/evocargo_raindrops__D3__5a64f7233386acac.jpg,0.010812991298735142,0.08888492733240128
Raindrops/train/evocargo_raindrops__D3__483298838a33bf92.jpg,0.004283434245735407,0.05877850949764252
Raindrops/train/evocargo_raindrops__D4__099c7945811ddb71.jpg,0.06620882451534271,0.21355322003364563
Raindrops/train/evocargo_raindrops__D3__beaaccf836b1aea4.jpg,0.012335598468780518,0.07590161263942719
Raindrops/train/evocargo_raindrops__D4__5775f13044a85cf3.jpg,0.13319271802902222,0.42719727754592896
Raindrops/train/evocargo_raindrops__D4__1be5773b6d4b5787.jpg,0.022405102849006653,0.10001528263092041
Raindrops/train/evocargo_raindrops__D3__b4f3c897fdb1a484.jpg,-0.00845266878604889,0.038721367716789246
Raindrops/train/evocargo_raindrops__D3__6f81f1b7c206bca1.jpg,0.005742859560996294,0.12529754638671875
Raindrops/train/evocargo_raindrops__D3__a206d428f74b46bf.jpg,0.008234357461333275,0.07174298167228699
Raindrops/train/evocargo_raindrops__D4__ec00af19a2111759.jpg,0.023224398493766785,0.10869015753269196
Raindrops/train/evocargo_raindrops__D4__3928670dd9b440ef.jpg,0.06416270136833191,0.26899173855781555
Raindrops/train/evocargo_raindrops__D4__c6973781dda734bb.jpg,0.04114183783531189,0.12385500967502594
Raindrops/train/evocargo_raindrops__D3__2c22b9771367aa11.jpg,0.008917096070945263,0.07035678625106812
Raindrops/train/evocargo_raindrops__D4__9861d30004f2f041.jpg,0.06246308237314224,0.11700199544429779
Raindrops/train/evocargo_raindrops__D3__188b9038fb49a90c.jpg,0.02172582969069481,0.0706396996974945
Raindrops/train/evocargo_raindrops__D4__e96c84a4e48b75c2.jpg,0.11054128408432007,0.2609827518463135
Raindrops/train/evocargo_raindrops__D3__199f9d08f51f0039.jpg,0.0012440774589776993,0.05625113099813461
Raindrops/train/evocargo_raindrops__D3__3863a138fd1187a6.jpg,0.03511007875204086,0.0856921374797821
Raindrops/train/evocargo_raindrops__D4__81a845f730ebd1c6.jpg,0.03609168529510498,0.08150000870227814
Raindrops/train/evocargo_raindrops__D3__3cd5232c223506b2.jpg,0.027125747874379158,0.0696047693490982
Raindrops/train/evocargo_raindrops__D3__552dfba6d4da5e98.jpg,0.0064980629831552505,0.053897831588983536
Raindrops/train/evocargo_raindrops__D4__fdd9c1f2526c62ac.jpg,-0.006871849298477173,0.06347906589508057
Raindrops/train/evocargo_raindrops__D4__22cac1da3652dea6.jpg,0.03447703644633293,0.08050207048654556
Raindrops/train/evocargo_raindrops__D3__7a2d2689763424e4.jpg,0.03568912297487259,0.10830403864383698
Raindrops/train/evocargo_raindrops__D4__6c134e6ea997452a.jpg,0.011468132957816124,0.07038820534944534
Raindrops/train/evocargo_raindrops__D3__590b941b35c2f1cb.jpg,0.08762964606285095,0.18383046984672546
Raindrops/train/evocargo_raindrops__D3__1b965c097e959449.jpg,0.01272947620600462,0.07960978150367737
Raindrops/train/evocargo_raindrops__D4__d7961b6e7c4a2fd9.jpg,0.057841330766677856,0.10663259029388428
Raindrops/train/evocargo_raindrops__D4__5a467b71772faf70.jpg,0.04233485460281372,0.10323476791381836
Raindrops/train/evocargo_raindrops__D3__0a73bfe189e99c86.jpg,0.01159654464572668,0.08206164836883545
Raindrops/train/evocargo_raindrops__D3__6e03ecae0b2606b1.jpg,0.015964780002832413,0.07692147046327591
Raindrops/train/evocargo_raindrops__D4__3b4e58bfadabe2c9.jpg,0.1084333285689354,0.1838380992412567
Raindrops/train/evocargo_raindrops__D4__8593cb4cd21ac2a7.jpg,0.05753800645470619,0.12255223095417023
Raindrops/train/evocargo_raindrops__D3__c9957d4fc1a9f8e2.jpg,0.05230893939733505,0.20084163546562195
Raindrops/train/evocargo_raindrops__D4__f60b5f8d0cf70a53.jpg,0.013242446817457676,0.08128727972507477
Raindrops/train/evocargo_raindrops__D3__15b76d887d8f3993.jpg,-0.007823783904314041,0.04779040440917015
Raindrops/train/evocargo_raindrops__D4__cb4df55279df126c.jpg,0.078938789665699,0.1419222056865692
Raindrops/train/evocargo_raindrops__D3__8a99cd670fc4096f.jpg,-0.0003914246044587344,0.044118791818618774
Raindrops/train/evocargo_raindrops__D3__5b58124614783dd5.jpg,0.02140899747610092,0.06026817113161087
Raindrops/train/evocargo_raindrops__D3__82a15ca14faac53e.jpg,0.01359589584171772,0.06252710521221161
Raindrops/train/evocargo_raindrops__D4__5bde5eaef270b662.jpg,0.09777070581912994,0.35550442337989807
Raindrops/train/evocargo_raindrops__D3__227138fe3750f792.jpg,0.011981934309005737,0.13037191331386566
Raindrops/train/evocargo_raindrops__D4__d404dcaeac64ce27.jpg,0.08276532590389252,0.14671073853969574
Raindrops/train/evocargo_raindrops__D3__7c96af10e963f19d.jpg,0.006082480773329735,0.06861066818237305
Raindrops/train/evocargo_raindrops__D3__cf86552ead827b2a.jpg,0.001452926779165864,0.043494272977113724
Raindrops/train/cadc__2018_03_07_0001__1ab4b9f07a79b716.jpg,0.11887386441230774,0.35970890522003174
Raindrops/train/evocargo_raindrops__D3__57f05ec6c957aa5e.jpg,-0.001834074268117547,0.059228986501693726
Raindrops/train/evocargo_raindrops__D4__41535627bbf06cc3.jpg,0.03316823020577431,0.07353278994560242
Raindrops/train/evocargo_raindrops__D4__a98fba34966d40d6.jpg,0.04416581243276596,0.09011882543563843
Raindrops/train/evocargo_raindrops__D4__1d8685bef738dfc6.jpg,0.11451904475688934,0.26593369245529175
Raindrops/train/evocargo_raindrops__D3__b24c7750bb493d10.jpg,0.04045722633600235,0.1509653925895691
Raindrops/train/evocargo_raindrops__D3__d12400ddbadaa7b3.jpg,0.024767082184553146,0.08833079040050507
Raindrops/train/evocargo_raindrops__D3__232e66b1118e8e3c.jpg,0.07449404895305634,0.15580779314041138
Raindrops/train/evocargo_raindrops__D4__2aa1dcdc420fd33a.jpg,0.062238533049821854,0.10211312025785446
Raindrops/train/evocargo_raindrops__D4__00b9cdbca1fa110b.jpg,0.06550423055887222,0.19769588112831116
Raindrops/train/evocargo_raindrops__D3__0f2251112022eb0f.jpg,0.034370407462120056,0.06910243630409241
Raindrops/train/evocargo_raindrops__D4__a01e6d65e70ef49b.jpg,0.040492232888936996,0.1737554371356964
Raindrops/train/evocargo_raindrops__D3__e46babf08a8c434d.jpg,0.03987240046262741,0.1323968470096588
Raindrops/train/evocargo_raindrops__D4__22d199655d741c2e.jpg,0.08348143100738525,0.22355470061302185
Raindrops/train/evocargo_raindrops__D4__24be6f1364d65fb8.jpg,0.10669313371181488,0.3231234550476074
Raindrops/train/evocargo_raindrops__D4__b75920e3943a7022.jpg,0.09720950573682785,0.3383333683013916
Raindrops/train/evocargo_raindrops__D3__0b449155e4a12665.jpg,0.0023797000758349895,0.06138231232762337
Raindrops/train/evocargo_raindrops__D4__5485127c44894563.jpg,0.07955791056156158,0.3197743892669678
Raindrops/train/evocargo_raindrops__D4__f62a79e582c839e7.jpg,0.02997969090938568,0.07184585183858871
Raindrops/train/evocargo_raindrops__D4__8107c938ded34f92.jpg,0.026025407016277313,0.09195710718631744
Raindrops/train/evocargo_raindrops__D3__9012efb2cc9bb536.jpg,0.03175870701670647,0.08118686079978943
Raindrops/train/evocargo_raindrops__D4__1e4a5adabfbf88f1.jpg,0.031491469591856,0.06379909813404083
Raindrops/train/evocargo_raindrops__D3__2cd7509ad816b228.jpg,0.04434593766927719,0.10637187957763672
Raindrops/train/evocargo_raindrops__D4__00f5754427e3dffa.jpg,0.027371017262339592,0.09243054687976837
Raindrops/train/evocargo_raindrops__D4__5e6624ad373f75c9.jpg,0.08339742571115494,0.26480793952941895
Raindrops/train/evocargo_raindrops__D3__6089e2a255088c62.jpg,0.00843142718076706,0.0868106484413147
Raindrops/train/cadc__2018_03_07_0001__2da6b4bb0d4fab68.jpg,0.1135595291852951,0.36949676275253296
Raindrops/train/evocargo_raindrops__D3__07a182b9bbbbd2b9.jpg,0.08087007701396942,0.2647898197174072
Raindrops/train/evocargo_raindrops__D4__af7db0e2a7155da1.jpg,0.07199022173881531,0.36128509044647217
Raindrops/train/evocargo_raindrops__D4__2ccf1d89677a931e.jpg,0.12987442314624786,0.32947394251823425
Raindrops/train/evocargo_raindrops__D4__c2bfe3fb08407262.jpg,0.06011609733104706,0.13578209280967712
Raindrops/train/evocargo_raindrops__D3__b2f721844ea70ce9.jpg,0.02615707367658615,0.16587282717227936
Raindrops/train/evocargo_raindrops__D4__f4172f9c18416147.jpg,0.06437503546476364,0.11594846099615097
Raindrops/train/evocargo_raindrops__D3__b33f3e848f49b860.jpg,-0.0034113684669137,0.12800699472427368
Raindrops/train/evocargo_raindrops__D3__c5567a873a6177e1.jpg,-0.008317209780216217,0.054042935371398926
Raindrops/train/evocargo_raindrops__D4__eb6bb609d16626b5.jpg,0.09378223866224289,0.35635149478912354
Raindrops/train/evocargo_raindrops__D4__5bdf5b180ecf4fd2.jpg,0.089215487241745,0.2881861925125122
Raindrops/train/evocargo_raindrops__D4__5efeab218a33c4ee.jpg,0.026937460526823997,0.2223181128501892
Raindrops/train/evocargo_raindrops__D4__14f201b2f261fb45.jpg,0.03694579377770424,0.13985908031463623
Raindrops/train/evocargo_raindrops__D3__52fcbc58c2c53539.jpg,0.013571655377745628,0.07113015651702881
Raindrops/train/evocargo_raindrops__D4__97f4bc3883dbc774.jpg,0.017051614820957184,0.07605424523353577
Raindrops/train/evocargo_raindrops__D3__66d6b28e9424b3b2.jpg,-0.011427072808146477,0.0242807324975729
Raindrops/train/evocargo_raindrops__D3__a626a18f6c0c6ad8.jpg,0.02907804399728775,0.07575066387653351
Raindrops/train/evocargo_raindrops__D3__4b5fe6a09c48891b.jpg,-0.004305803216993809,0.04742135480046272
Raindrops/train/evocargo_raindrops__D4__2b40a443e24b38f1.jpg,0.04331713169813156,0.1084592193365097
Raindrops/train/evocargo_raindrops__D4__0472e29b15d8e2b8.jpg,0.022930778563022614,0.09499958157539368
Raindrops/train/evocargo_raindrops__D3__e452a646c4119811.jpg,0.029633980244398117,0.07557348161935806
Raindrops/train/evocargo_raindrops__D4__222b2962ad95fcb0.jpg,0.08762557804584503,0.33526599407196045
Raindrops/train/evocargo_raindrops__D3__fb99f504a70d91ee.jpg,0.046989455819129944,0.11952990293502808
Raindrops/train/evocargo_raindrops__D4__3c0cf82a70ce96f8.jpg,0.04442257434129715,0.14834091067314148
Raindrops/train/evocargo_raindrops__D4__4b74e78760ace63d.jpg,0.07272414863109589,0.2169375717639923
Raindrops/train/evocargo_raindrops__D3__a1f8aba72c33aebb.jpg,0.014988891780376434,0.07409149408340454
Raindrops/train/evocargo_raindrops__D4__2afd415bdfede629.jpg,0.04504819214344025,0.11289121955633163
Raindrops/train/evocargo_raindrops__D3__c2f3854ec269925c.jpg,0.006140143144875765,0.11048457026481628
Raindrops/train/evocargo_raindrops__D4__716330fc0a945c05.jpg,0.02523142844438553,0.09827907383441925
Raindrops/train/cadc__2018_03_07_0006__5e166276aebdaa11.jpg,0.08860143274068832,0.2284243106842041
Raindrops/train/evocargo_raindrops__D4__3758af53d972cf9a.jpg,0.05894102156162262,0.1789000928401947
Raindrops/train/evocargo_raindrops__D4__7fa945a565bbd789.jpg,0.038209203630685806,0.10473662614822388
Raindrops/train/evocargo_raindrops__D4__44d2dfe595d78aa5.jpg,0.09500972926616669,0.2888975739479065
Raindrops/train/evocargo_raindrops__D4__c8da24437e0f9e2c.jpg,0.012941068038344383,0.07349476218223572
Raindrops/train/evocargo_raindrops__D3__3303d75352aa11f9.jpg,-0.00594067620113492,0.11261613667011261
Raindrops/train/evocargo_raindrops__D3__d49b0bf358d0890e.jpg,0.003692641155794263,0.05449113994836807
Raindrops/train/evocargo_raindrops__D3__0f01a16aafb6d2e6.jpg,0.07979688048362732,0.19024157524108887
Raindrops/train/evocargo_raindrops__D4__7b87a98263b9018e.jpg,0.04731513559818268,0.10849019885063171
Raindrops/train/cadc__2018_03_07_0006__60409cb3b7738999.jpg,0.052468933165073395,0.10456354171037674
Raindrops/train/evocargo_raindrops__D3__62d30192cde80a45.jpg,0.009300008416175842,0.05513935163617134
Raindrops/train/evocargo_raindrops__D4__fe7050225feaf937.jpg,0.0315001904964447,0.06924517452716827
Raindrops/train/cadc__2018_03_07_0006__113145945a480e1a.jpg,0.054703086614608765,0.1311347633600235
Raindrops/train/evocargo_raindrops__D3__09e0b379dc9d3b39.jpg,-0.0012148163514211774,0.0972626656293869
Raindrops/train/evocargo_raindrops__D3__ba34f2f9efbb8a71.jpg,0.03274368494749069,0.09729374200105667
Raindrops/train/evocargo_raindrops__D3__1d999d048a639628.jpg,-0.010912036523222923,0.12301351130008698
Raindrops/train/evocargo_raindrops__D4__ec52fc06f3dec9bd.jpg,0.05717523768544197,0.2241080105304718
Raindrops/train/evocargo_raindrops__D4__07d0caa5939fecc6.jpg,0.13034862279891968,0.25954097509384155
Raindrops/train/evocargo_raindrops__D3__3eca548847e675ba.jpg,0.009459953755140305,0.053962670266628265
Raindrops/train/evocargo_raindrops__D3__0fab46dc02ce71db.jpg,0.023622557520866394,0.08387447893619537
Raindrops/train/evocargo_raindrops__D3__5114680cc5fd0e94.jpg,0.04749750345945358,0.12312929332256317
Raindrops/train/evocargo_raindrops__D3__2c25887cd0ebdfaa.jpg,0.05437934398651123,0.11115762591362
Raindrops/train/evocargo_raindrops__D3__264fdfb72e40f964.jpg,0.025179423391819,0.10106327384710312
Raindrops/train/evocargo_raindrops__D3__b808875b3466369d.jpg,0.0006437853444367647,0.05472841113805771
Raindrops/train/evocargo_raindrops__D3__5b6a5c32ba60b18a.jpg,0.04159792512655258,0.11736477166414261
Raindrops/train/evocargo_raindrops__D4__5586bef4ec17d7cb.jpg,0.06517989933490753,0.19638121128082275
Raindrops/train/evocargo_raindrops__D3__5dbde62e484da994.jpg,-0.00869865994900465,0.05025170370936394
Raindrops/train/evocargo_raindrops__D3__240bff86cb76a39b.jpg,0.008618081919848919,0.07015098631381989
Raindrops/train/evocargo_raindrops__D4__f239affa35461d07.jpg,0.019326554611325264,0.09458672255277634
Raindrops/train/evocargo_raindrops__D4__f420ed1daaa5cb5d.jpg,0.07708937674760818,0.1845153570175171
Raindrops/train/evocargo_raindrops__D3__12092783349bbae4.jpg,0.01716155931353569,0.05894671753048897
Raindrops/train/evocargo_raindrops__D4__ba40fdeb88e6de5a.jpg,0.015759699046611786,0.05896974727511406
Raindrops/train/evocargo_raindrops__D4__3d860d543342622b.jpg,0.010171685367822647,0.09577426314353943
Raindrops/train/cadc__2018_03_07_0006__d7146ff96caff444.jpg,0.07197903096675873,0.2510317862033844
Raindrops/train/evocargo_raindrops__D3__fcb0bb0decf013dc.jpg,0.009604284539818764,0.07685984671115875
Raindrops/train/evocargo_raindrops__D3__0c36d2de21be05cc.jpg,0.00575529970228672,0.07770244777202606
Raindrops/train/evocargo_raindrops__D3__735697fa3c3d3997.jpg,0.011188197880983353,0.08093898743391037
Raindrops/train/evocargo_raindrops__D3__d55e259d87fe24fc.jpg,0.015727315098047256,0.1105482280254364
Raindrops/train/evocargo_raindrops__D3__7aa9dc9dba39a772.jpg,0.07272341102361679,0.23301467299461365
Raindrops/train/evocargo_raindrops__D3__a7f22505a8b8a85c.jpg,0.007369655184447765,0.0674820989370346
Raindrops/train/evocargo_raindrops__D4__e1414d8e6f49cef5.jpg,0.056023839861154556,0.2704496383666992
Raindrops/train/evocargo_raindrops__D3__e850c8c1159536bb.jpg,0.0011674982961267233,0.06929056346416473
Raindrops/train/evocargo_raindrops__D3__0b86e25a8173bb19.jpg,0.00886185746639967,0.05604211241006851
Raindrops/train/evocargo_raindrops__D4__8c90b2eb06072b20.jpg,0.054066143929958344,0.25814247131347656
Raindrops/train/evocargo_raindrops__D4__61d66c53de7debc4.jpg,0.044117458164691925,0.09875990450382233
Raindrops/train/evocargo_raindrops__D3__1b0862fd99e0f102.jpg,0.02380600944161415,0.08596444129943848
Raindrops/train/evocargo_raindrops__D4__35574535f13fcfae.jpg,0.04853367060422897,0.09582415968179703
Raindrops/train/evocargo_raindrops__D3__9920b788378cde61.jpg,0.034181393682956696,0.06725773215293884
Raindrops/train/evocargo_raindrops__D3__882194318ed5b5e0.jpg,-0.0034395591355860233,0.03422051668167114
Raindrops/train/evocargo_raindrops__D3__adc32e64cc345a73.jpg,0.025556333363056183,0.0739724189043045
Raindrops/train/evocargo_raindrops__D3__f9f31addf9cc45f3.jpg,0.03351982682943344,0.08585991710424423
Raindrops/train/cadc__2018_03_07_0006__64fe3a6e06f82d1e.jpg,0.07489144057035446,0.16567839682102203
Raindrops/train/evocargo_raindrops__D4__9bbc635e63a516f5.jpg,0.1410219669342041,0.41962409019470215
Raindrops/train/cadc__2018_03_07_0006__dfc2e2e4a529caaf.jpg,0.06951789557933807,0.15508463978767395
Raindrops/train/evocargo_raindrops__D3__c2e632bff853a50d.jpg,0.005985944531857967,0.05525696277618408
Raindrops/train/evocargo_raindrops__D4__fdcb844b29facd2f.jpg,0.1116880550980568,0.37147098779678345
Raindrops/train/evocargo_raindrops__D4__17f0d303390644b5.jpg,0.058900825679302216,0.11566483974456787
Raindrops/train/evocargo_raindrops__D3__28220164454c0c61.jpg,-0.016049616038799286,0.047634609043598175
Raindrops/train/evocargo_raindrops__D3__8cb4a55c2073bfc3.jpg,-0.006772430147975683,0.10290288925170898
Raindrops/train/evocargo_raindrops__D3__16a7019e6de9d9ca.jpg,0.003933852072805166,0.029252920299768448
Raindrops/train/evocargo_raindrops__D3__26c51cdcb15f60a6.jpg,0.006484420038759708,0.07949572801589966
Raindrops/train/evocargo_raindrops__D4__53daa4bcee099423.jpg,0.10949884355068207,0.3512929379940033
Raindrops/train/evocargo_raindrops__D4__c88e40b0a4ff9670.jpg,0.01785258948802948,0.09288480877876282
Raindrops/train/evocargo_raindrops__D4__7e0b2e1ea212c3e7.jpg,0.07552173733711243,0.34070587158203125
Raindrops/train/evocargo_raindrops__D4__20b7ca08d6f08229.jpg,0.008356831967830658,0.04930095374584198
Raindrops/train/evocargo_raindrops__D4__bc8b6cf91aedaff5.jpg,0.07560336589813232,0.38012146949768066
Raindrops/train/evocargo_raindrops__D3__7cda45550aeaa814.jpg,0.038213156163692474,0.09659606218338013
Raindrops/train/evocargo_raindrops__D4__9024bc735e28c77d.jpg,0.02284354157745838,0.08931024372577667
Raindrops/train/evocargo_raindrops__D4__c28b833d7c3df907.jpg,0.10650759935379028,0.2447044849395752
Raindrops/train/evocargo_raindrops__D3__895e2858bf3a09af.jpg,0.0240115188062191,0.07820833474397659
Raindrops/train/evocargo_raindrops__D3__1141146d7bee497e.jpg,0.021731579676270485,0.08416008949279785
Raindrops/train/cadc__2018_03_07_0006__9693732b66dc8554.jpg,0.0761699378490448,0.16510514914989471
Raindrops/train/evocargo_raindrops__D4__ae29261afd02bf4a.jpg,0.09354212135076523,0.14324809610843658
Raindrops/train/evocargo_raindrops__D3__1c9e8152b2914a6a.jpg,0.010548679158091545,0.07484471797943115
Raindrops/train/evocargo_raindrops__D3__022c1e356df55d7c.jpg,0.0032983410637825727,0.08224039524793625
Raindrops/train/evocargo_raindrops__D3__20e120568d0af64c.jpg,0.00021253226441331208,0.05819227546453476
Raindrops/train/cadc__2018_03_07_0006__a8484cf0862c3c82.jpg,0.04977066442370415,0.10325868427753448
Raindrops/train/evocargo_raindrops__D4__5d72397537454e21.jpg,0.047608066350221634,0.1506391018629074
Raindrops/train/evocargo_raindrops__D3__ff3641af3758b741.jpg,0.008299577981233597,0.06259045004844666
Raindrops/train/evocargo_raindrops__D4__a2fc6eba5e8e6e57.jpg,0.05898348242044449,0.2630198001861572
Raindrops/train/evocargo_raindrops__D3__843cb076ba7f847c.jpg,0.006727930158376694,0.049454037100076675
Raindrops/train/evocargo_raindrops__D4__ff0e988df06062ed.jpg,0.14964230358600616,0.2774425148963928
Raindrops/train/evocargo_raindrops__D3__067f6ee1b123f6da.jpg,-0.004834380932152271,0.05808986723423004
Raindrops/train/evocargo_raindrops__D3__3bd1d2c02ae64ab5.jpg,0.01575324684381485,0.061949826776981354
Raindrops/train/evocargo_raindrops__D4__a1e273099b60e7a4.jpg,0.07027491182088852,0.17725804448127747
Raindrops/train/evocargo_raindrops__D3__1fcf810cfed24faa.jpg,0.023979192599654198,0.07887722551822662
Raindrops/train/evocargo_raindrops__D4__d07841bb51a5ad57.jpg,0.08894214034080505,0.26637938618659973
Raindrops/train/evocargo_raindrops__D3__aca118bfffb7c885.jpg,0.008753806352615356,0.06242810934782028
Raindrops/train/evocargo_raindrops__D3__eb10c8004e27c735.jpg,0.06805968284606934,0.16192317008972168
Raindrops/train/evocargo_raindrops__D3__8cc1cb89ad0e4b60.jpg,0.03936460614204407,0.09177866578102112
Raindrops/train/evocargo_raindrops__D3__cf366618aea13c8c.jpg,-0.00557713583111763,0.033254075795412064
Raindrops/train/evocargo_raindrops__D3__db4440536dfdb0dd.jpg,0.005832732189446688,0.06803224980831146
Raindrops/train/evocargo_raindrops__D3__71b5b8ae28774021.jpg,-0.01390744373202324,0.038504838943481445
Raindrops/train/evocargo_raindrops__D4__4eca89c68ee58b7a.jpg,-0.011262946762144566,0.22303086519241333
Raindrops/train/evocargo_raindrops__D4__c82f0cbad4016909.jpg,0.01620490849018097,0.09239309281110764
Raindrops/train/evocargo_raindrops__D4__7e1e1f9ee2a7721f.jpg,0.03484669700264931,0.12112903594970703
Raindrops/train/evocargo_raindrops__D3__5fc7e63980c5ee3d.jpg,0.010028740391135216,0.0536443293094635
Raindrops/train/evocargo_raindrops__D3__bfdf41a5b5ef7cad.jpg,0.04508432373404503,0.11956753581762314
Raindrops/train/evocargo_raindrops__D3__472dea9a7c578e31.jpg,-0.004812471568584442,0.050522010773420334
Raindrops/train/cadc__2018_03_07_0001__d013b39cfbbb3d05.jpg,0.21227416396141052,0.7555931806564331
Raindrops/train/evocargo_raindrops__D4__5188adfda8ba290d.jpg,0.009407902136445045,0.07135993242263794
Raindrops/train/evocargo_raindrops__D3__9b68fd067363b101.jpg,0.04130496457219124,0.0872844010591507
Raindrops/train/evocargo_raindrops__D4__cb998b83ca003711.jpg,0.04006221517920494,0.15064775943756104
Raindrops/train/evocargo_raindrops__D3__ba964a48a4d94931.jpg,0.017056263983249664,0.08255139738321304
Raindrops/train/evocargo_raindrops__D3__fb357defd3e489ba.jpg,0.019782157614827156,0.05482812598347664
Raindrops/train/evocargo_raindrops__D3__e55c61479a3696b7.jpg,0.024895481765270233,0.10179615020751953
Raindrops/train/evocargo_raindrops__D4__83e9edce5a1eec57.jpg,0.07758491486310959,0.29577547311782837
Raindrops/train/evocargo_raindrops__D4__408fb8b9c181bdbb.jpg,0.1446925401687622,0.3743257522583008
Raindrops/train/evocargo_raindrops__D4__2f260f13d700b829.jpg,0.06586883962154388,0.33816635608673096
Raindrops/train/evocargo_raindrops__D4__a60ed8378b29a11c.jpg,0.002152013359591365,0.07569418847560883
Raindrops/train/evocargo_raindrops__D3__fa12e0e15da5aa46.jpg,0.017228394746780396,0.08939090371131897
Raindrops/train/evocargo_raindrops__D4__2fd0a73571eb52d7.jpg,0.057722341269254684,0.14916926622390747
Raindrops/train/evocargo_raindrops__D4__2b60afb3c32d4423.jpg,0.055514223873615265,0.11147922277450562
Raindrops/train/evocargo_raindrops__D3__e6e2e2320df89b18.jpg,0.0019356436096131802,0.045256357640028
Raindrops/train/evocargo_raindrops__D4__e392c9be6fbede8e.jpg,0.03682893514633179,0.09323090314865112
Raindrops/train/evocargo_raindrops__D3__6151f455e9ed50f9.jpg,0.04062321037054062,0.07672437280416489
Raindrops/train/evocargo_raindrops__D3__2feb12146918c7b9.jpg,0.005047343671321869,0.057131871581077576
Raindrops/train/evocargo_raindrops__D3__458138b16ce9d202.jpg,0.010196799412369728,0.10883326828479767
Raindrops/train/evocargo_raindrops__D3__a781c84df77f6bca.jpg,0.01769275963306427,0.1315436065196991
Raindrops/train/evocargo_raindrops__D3__baa925c32e69fc35.jpg,0.001332553569227457,0.06943193078041077
Raindrops/train/evocargo_raindrops__D3__487870039449e3f7.jpg,0.018894433975219727,0.05602680519223213
Raindrops/train/evocargo_raindrops__D3__61c42ae3b0658c46.jpg,0.059564679861068726,0.1924455463886261
Raindrops/train/evocargo_raindrops__D3__b00bcf98ca7a8017.jpg,0.07146348059177399,0.15651622414588928
Raindrops/train/evocargo_raindrops__D3__183fef78dd0c4773.jpg,0.03720696642994881,0.08893825113773346
Raindrops/train/evocargo_raindrops__D4__69076b2424db56f0.jpg,0.06471221148967743,0.2527461647987366
Raindrops/train/evocargo_raindrops__D3__924e80071752a07e.jpg,0.02720385044813156,0.1039431095123291
Raindrops/train/evocargo_raindrops__D4__058f978d6001d621.jpg,0.14004632830619812,0.28730887174606323
Raindrops/train/evocargo_raindrops__D3__e2f75c97cca7fbb4.jpg,0.02889777533710003,0.06459686905145645
Raindrops/train/cadc__2018_03_07_0001__7fcc76c3747c8ddc.jpg,0.1182161495089531,0.41627976298332214
Raindrops/train/evocargo_raindrops__D4__838570226bae5287.jpg,0.09449879080057144,0.14229992032051086
Raindrops/train/evocargo_raindrops__D4__bb7cc66a92ef3829.jpg,0.027261443436145782,0.12114747613668442
Raindrops/train/evocargo_raindrops__D4__7ec482dea98c9e45.jpg,0.0669919028878212,0.2739850580692291
Raindrops/train/evocargo_raindrops__D3__9411c7eb4b8cc593.jpg,-9.576953016221523e-05,0.06794468313455582
Raindrops/train/evocargo_raindrops__D3__d8165a68ea51dd2c.jpg,-0.010839401744306087,0.03736426308751106
Raindrops/train/evocargo_raindrops__D3__6e66635fabb5a3ba.jpg,0.024682778865098953,0.07270980626344681
Raindrops/train/evocargo_raindrops__D3__c85e2c7848baacdb.jpg,0.08380281925201416,0.19681239128112793
Raindrops/train/evocargo_raindrops__D4__61099e8669398e8c.jpg,0.09203173965215683,0.1674647182226181
Raindrops/train/evocargo_raindrops__D4__b4dd790156909d8f.jpg,0.0737624317407608,0.12843292951583862
Raindrops/train/evocargo_raindrops__D3__f6df7bd36ce2e0e0.jpg,0.041077081114053726,0.17588211596012115
Raindrops/train/evocargo_raindrops__D3__0bd8d84f63929c7b.jpg,-0.008920516818761826,0.0512201264500618
Raindrops/train/evocargo_raindrops__D3__ad10d54d9c2d1f39.jpg,0.030768513679504395,0.08765928447246552
Raindrops/train/evocargo_raindrops__D3__e2a562ea27c4dc03.jpg,0.02317669987678528,0.08460386097431183
Raindrops/train/evocargo_raindrops__D3__158ac06115c82c78.jpg,0.0210722628980875,0.07447401434183121
Raindrops/train/evocargo_raindrops__D4__b460f5ae047eb823.jpg,0.017434556037187576,0.13007622957229614
Raindrops/train/evocargo_raindrops__D3__b0c1b41267cf3d8e.jpg,0.015206776559352875,0.08757662028074265
Raindrops/train/evocargo_raindrops__D3__e2f1bc4180cd57af.jpg,0.04916340112686157,0.11573395133018494
Raindrops/train/evocargo_raindrops__D4__b3a27606586f14da.jpg,0.0382051020860672,0.11173175275325775
Raindrops/train/evocargo_raindrops__D3__45502561ab1e51b4.jpg,0.022918175905942917,0.08424696326255798
Raindrops/train/evocargo_raindrops__D3__6f1507bcc601b224.jpg,0.005267583765089512,0.07444411516189575
Raindrops/train/evocargo_raindrops__D4__d86c774e0a6fcb0a.jpg,0.12927502393722534,0.41812664270401
Raindrops/train/evocargo_raindrops__D3__74421211ebdb62be.jpg,0.0158427394926548,0.07605771720409393
Raindrops/train/evocargo_raindrops__D3__bd73213209c5b8bb.jpg,0.004105295054614544,0.045474108308553696
Raindrops/train/cadc__2018_03_07_0001__3172429174791284.jpg,0.12209448963403702,0.4198954701423645
Raindrops/train/evocargo_raindrops__D3__cfa291db721b7cfd.jpg,0.012084711343050003,0.07967349886894226
Raindrops/train/evocargo_raindrops__D4__8995c737bdefe704.jpg,0.02152680791914463,0.09828664362430573
Raindrops/train/evocargo_raindrops__D3__42aa16fe971b091f.jpg,0.013740422204136848,0.0866357833147049
Raindrops/train/evocargo_raindrops__D3__abf4f6c0db14f79a.jpg,-0.007795666344463825,0.0488872304558754
Raindrops/train/evocargo_raindrops__D3__83393819ca809200.jpg,0.012896256521344185,0.07105457782745361
Raindrops/train/evocargo_raindrops__D3__4f950778a65f70c1.jpg,0.01706031896173954,0.07998371124267578
Raindrops/train/evocargo_raindrops__D4__3981274371390720.jpg,0.041341640055179596,0.12202730774879456
Raindrops/train/evocargo_raindrops__D4__7ad1acb0a6924edf.jpg,0.03983149304986,0.12838128209114075
Raindrops/train/evocargo_raindrops__D4__076d02ffcaf3b559.jpg,0.08254288882017136,0.19040964543819427
Raindrops/train/evocargo_raindrops__D4__1d1aded6609f5887.jpg,0.10520344972610474,0.2500936985015869
Raindrops/train/evocargo_raindrops__D4__f9f4292806c3d889.jpg,0.05243546515703201,0.12076620757579803
Raindrops/train/evocargo_raindrops__D3__d6f81b16267293c8.jpg,0.0049101985059678555,0.07930921763181686
Raindrops/train/evocargo_raindrops__D3__070df8dc8014f55c.jpg,0.017257073894143105,0.08942459523677826
Raindrops/train/evocargo_raindrops__D4__2e0eece3877a832a.jpg,0.0409826785326004,0.10636449605226517
Raindrops/train/evocargo_raindrops__D3__5ec569842ddd8132.jpg,0.005046846345067024,0.03663341701030731
Raindrops/train/evocargo_raindrops__D3__12d2709676549c1a.jpg,0.03234653174877167,0.09463059902191162
Raindrops/train/cadc__2018_03_07_0001__ded5c4adc38340c9.jpg,0.08185798674821854,0.48113372921943665
Raindrops/train/evocargo_raindrops__D4__a6a1835787bdf47c.jpg,0.026925135403871536,0.082275390625
Raindrops/train/cadc__2018_03_07_0001__ce36dd3f1715c4ed.jpg,0.06937088072299957,0.271731972694397
Raindrops/train/evocargo_raindrops__D3__e78a46f7950165a0.jpg,0.03032223880290985,0.1012764573097229
Raindrops/train/evocargo_raindrops__D3__a35e0ffdfb080a64.jpg,0.08521859347820282,0.1604706197977066
Raindrops/train/evocargo_raindrops__D4__e0475cb78dd85238.jpg,0.03856431692838669,0.10909400880336761
Raindrops/train/evocargo_raindrops__D3__02e2742f96c24e2e.jpg,-0.006763074081391096,0.10785244405269623
Raindrops/train/evocargo_raindrops__D4__a957f5b072559d72.jpg,0.04680711776018143,0.16214443743228912
Raindrops/train/evocargo_raindrops__D3__98b110feaab66475.jpg,0.0017113813664764166,0.07698148488998413
Raindrops/train/evocargo_raindrops__D4__b5d3c8fc49d6341e.jpg,0.03498932719230652,0.11366650462150574
Raindrops/train/evocargo_raindrops__D3__014fea9dbae3d8f0.jpg,0.023502472788095474,0.07531485706567764
Raindrops/train/evocargo_raindrops__D4__79b33f958710d9b5.jpg,0.07339710742235184,0.13936060667037964
Raindrops/train/evocargo_raindrops__D3__c2dd4ea33929c849.jpg,0.0016045733354985714,0.08623355627059937
Raindrops/train/cadc__2018_03_07_0006__f790a1e2f9ff8d9c.jpg,0.07690760493278503,0.15118099749088287
Raindrops/train/evocargo_raindrops__D4__6a46e3298326d2c9.jpg,0.11912324279546738,0.1885312795639038
Raindrops/train/cadc__2018_03_07_0006__d95acdf82c985f2e.jpg,0.05441395193338394,0.12694934010505676
Raindrops/train/evocargo_raindrops__D4__592766145a3e366e.jpg,0.02800110913813114,0.10425218939781189
Raindrops/train/evocargo_raindrops__D4__84ee2d90641b8c2f.jpg,0.0742846429347992,0.19062507152557373
Raindrops/train/evocargo_raindrops__D3__0a8743e0a7646ee7.jpg,0.021041706204414368,0.0821191817522049
Raindrops/train/evocargo_raindrops__D4__4ad2b0b678ade68c.jpg,0.006848486140370369,0.06789776682853699
Raindrops/train/evocargo_raindrops__D4__427cae733b15c8e5.jpg,0.041846562176942825,0.1148742288351059
Raindrops/train/evocargo_raindrops__D4__afe72974ad62e92e.jpg,0.03983203321695328,0.11252304911613464
Raindrops/train/evocargo_raindrops__D3__d62440e5d3e89485.jpg,0.011717879213392735,0.0925745964050293
Raindrops/train/evocargo_raindrops__D4__40f61c9e28bacf46.jpg,0.05693906545639038,0.1714605689048767
Raindrops/train/evocargo_raindrops__D4__ba21d6a7857c9eab.jpg,0.08976903557777405,0.2066534161567688
Raindrops/train/evocargo_raindrops__D3__16d06ba9d33c77a8.jpg,0.06269608438014984,0.1703994870185852
Raindrops/train/cadc__2018_03_07_0006__47fb777a30718e6f.jpg,0.05243363976478577,0.0737203061580658
Raindrops/train/evocargo_raindrops__D3__d4198b644b859dff.jpg,0.029134171083569527,0.0753018707036972
Raindrops/train/evocargo_raindrops__D3__2fa7805b82378c65.jpg,0.014971936121582985,0.07230532169342041
Raindrops/train/evocargo_raindrops__D4__5d69d6fca6a6c0c6.jpg,0.009402976371347904,0.08459987491369247
Raindrops/train/evocargo_raindrops__D4__bc5588277e105910.jpg,0.0341729074716568,0.08939652144908905
Raindrops/train/evocargo_raindrops__D3__01cb8643a66d1d9c.jpg,0.015095709823071957,0.07540462166070938
Raindrops/train/evocargo_raindrops__D3__a44a066a3db4f7c0.jpg,0.016923965886235237,0.07239340990781784
Raindrops/train/evocargo_raindrops__D4__ddd6f52a21f2f15f.jpg,0.04207199811935425,0.2118811011314392
Raindrops/train/evocargo_raindrops__D4__8f6187b99d2bfd52.jpg,0.10306350886821747,0.20297536253929138
Raindrops/train/cadc__2018_03_07_0001__970448537be09a28.jpg,0.018132399767637253,0.3213748335838318
Raindrops/train/evocargo_raindrops__D3__277263db10dac84c.jpg,-0.011238530278205872,0.06840168684720993
Raindrops/train/evocargo_raindrops__D4__51ee352dcf78e1ac.jpg,0.0312507301568985,0.08799941092729568
Raindrops/train/cadc__2018_03_07_0006__1bce5e4e747dfd19.jpg,0.06276221573352814,0.10801829397678375
Raindrops/train/evocargo_raindrops__D3__b9884500b97b1379.jpg,0.03457747399806976,0.13569508492946625
Raindrops/train/evocargo_raindrops__D4__4b5e939dd6fc48ac.jpg,0.03808169811964035,0.0861397460103035
Raindrops/train/evocargo_raindrops__D3__7987fbcb1c4e25f8.jpg,-0.014498915523290634,0.03715791553258896
Raindrops/train/evocargo_raindrops__D4__50079b2e84f1803c.jpg,0.04240737855434418,0.10084493458271027
Raindrops/train/evocargo_raindrops__D3__ffbd2286f135ee77.jpg,0.028062306344509125,0.10929221659898758
Raindrops/train/evocargo_raindrops__D4__15f91e4a01feec49.jpg,0.006318060681223869,0.07838775217533112
Raindrops/train/evocargo_raindrops__D3__2f98555655fa30cc.jpg,0.0008662864565849304,0.06012308597564697
Raindrops/train/evocargo_raindrops__D3__80cd1b22af37ff09.jpg,-0.0022482143249362707,0.04325056076049805
Raindrops/train/evocargo_raindrops__D4__051c5e9e2f5f5d1d.jpg,0.097431980073452,0.3063625991344452
Raindrops/train/evocargo_raindrops__D3__c3743cdaecd59c2e.jpg,0.009919571690261364,0.0946282222867012
Raindrops/train/evocargo_raindrops__D3__6461a26d80f3ba08.jpg,0.0047746384516358376,0.06615156680345535
Raindrops/train/evocargo_raindrops__D3__745e65ccd72bb1ab.jpg,0.01744855009019375,0.07604201138019562
Raindrops/train/evocargo_raindrops__D3__bf21f66c88a03034.jpg,0.012498797848820686,0.06130947917699814
Raindrops/train/cadc__2018_03_07_0006__bf7b44e415d200ba.jpg,0.06262622028589249,0.11980044841766357
Raindrops/train/evocargo_raindrops__D3__ee4a3de6513414f7.jpg,0.010905425064265728,0.06161356717348099
Raindrops/train/evocargo_raindrops__D3__48d1cc7b888ef3e7.jpg,0.004456275142729282,0.07418926060199738
Raindrops/train/evocargo_raindrops__D4__25b779ad4634fbb9.jpg,0.017285818234086037,0.09108348190784454
Raindrops/train/evocargo_raindrops__D3__904d9e01a3636711.jpg,0.014853015542030334,0.07667019218206406
Raindrops/train/evocargo_raindrops__D3__2f2185e1fca330a5.jpg,0.015616522170603275,0.04846588522195816
Raindrops/train/evocargo_raindrops__D3__4ea4c58ac14bc2bf.jpg,0.07865580916404724,0.19530001282691956
Raindrops/train/evocargo_raindrops__D3__a3faaa4b6e64dfb1.jpg,0.00992731936275959,0.058385007083415985
Raindrops/train/evocargo_raindrops__D4__a6660274a89ad172.jpg,0.01275950763374567,0.07840828597545624
Raindrops/train/evocargo_raindrops__D3__ed18b7deb5e050ca.jpg,-0.004219109192490578,0.06508311629295349
Raindrops/train/evocargo_raindrops__D3__b84b319a6e673a9d.jpg,-0.00985346082597971,0.02926810458302498
Raindrops/train/evocargo_raindrops__D4__9083195006138809.jpg,0.022273873910307884,0.07895699143409729
Raindrops/train/evocargo_raindrops__D3__0f56ef347d2f2293.jpg,0.00718163326382637,0.0957842618227005
Raindrops/train/evocargo_raindrops__D3__94ef52da7b7c21fa.jpg,0.012959107756614685,0.10685934126377106
Raindrops/train/evocargo_raindrops__D4__1927d2a652bf1484.jpg,0.08897306025028229,0.2935606837272644
Raindrops/train/evocargo_raindrops__D3__4ac2288a43233db5.jpg,0.00041416584281250834,0.06803624331951141
Raindrops/train/evocargo_raindrops__D3__32e0e876b6354cbe.jpg,0.00776233384385705,0.0594867467880249
Raindrops/train/evocargo_raindrops__D3__a03642eb5cce4ddb.jpg,0.029306085780262947,0.09644018113613129
Raindrops/train/evocargo_raindrops__D4__6d353136637716ba.jpg,0.05889737606048584,0.14187514781951904
Raindrops/train/cadc__2018_03_07_0001__aea9df207d8adb82.jpg,0.10626289248466492,0.2818114161491394
Raindrops/train/evocargo_raindrops__D3__b351ee9faa4a7d8d.jpg,0.010383625514805317,0.08205841481685638
Raindrops/train/evocargo_raindrops__D4__a27e385354e2768a.jpg,0.027903052046895027,0.07973416149616241
Raindrops/train/evocargo_raindrops__D3__1dbef64a3a24a7fd.jpg,0.014100402593612671,0.07144821435213089
Raindrops/train/evocargo_raindrops__D4__7df2c970fc47de44.jpg,0.016460072249174118,0.09929431229829788
Raindrops/train/evocargo_raindrops__D3__e71fa8a3f43c18e7.jpg,0.0008507394231855869,0.07223346829414368
Raindrops/train/evocargo_raindrops__D4__0cc2be5c4451623e.jpg,0.13584625720977783,0.39289480447769165
Raindrops/train/evocargo_raindrops__D3__b028dc29b7a54d79.jpg,0.012309884652495384,0.06181236356496811
Raindrops/train/evocargo_raindrops__D3__d7231fa8c1ea8d61.jpg,0.010268203914165497,0.07466763257980347
Raindrops/train/evocargo_raindrops__D4__0e45de3b32108ac6.jpg,0.05686945468187332,0.19853001832962036
Raindrops/train/evocargo_raindrops__D3__4530805340866c95.jpg,0.01718774624168873,0.09675116837024689
Raindrops/train/evocargo_raindrops__D3__5d5769b477672c7f.jpg,0.016061605885624886,0.08818107843399048
Raindrops/train/evocargo_raindrops__D3__cac6d4f87be73560.jpg,0.024081755429506302,0.0773664116859436
Raindrops/train/evocargo_raindrops__D3__5c43c544f0204615.jpg,0.010685404762625694,0.08549252897500992
Raindrops/train/evocargo_raindrops__D4__fcbb9136ec5efeb2.jpg,0.05354801565408707,0.3093780279159546
Raindrops/train/evocargo_raindrops__D4__3f369a65e4066deb.jpg,0.06983113288879395,0.114624984562397
Raindrops/train/evocargo_raindrops__D4__c3739cb4e404d9cc.jpg,-0.04363518953323364,0.3368736505508423
Raindrops/train/evocargo_raindrops__D4__512f5b24f298f6ec.jpg,0.08547057211399078,0.3508429527282715
Raindrops/train/evocargo_raindrops__D4__8b5dddb3c605b0f9.jpg,0.012569086626172066,0.0616600438952446
Raindrops/train/evocargo_raindrops__D3__28f6d05722251a96.jpg,-0.007785659283399582,0.14544987678527832
Raindrops/train/cadc__2018_03_07_0006__a25ed1d76665d932.jpg,0.044058214873075485,0.0691477432847023
Raindrops/train/cadc__2018_03_07_0006__5abb34c98a915727.jpg,0.09625039249658585,0.15577112138271332
Raindrops/train/evocargo_raindrops__D4__a6d7a751042d21b9.jpg,0.06997672468423843,0.17110303044319153
Raindrops/train/evocargo_raindrops__D3__8b4beee3f6a30bb3.jpg,0.009810942225158215,0.073955237865448
Raindrops/train/evocargo_raindrops__D4__25bc76fb4fa8032f.jpg,0.014249536208808422,0.0789685994386673
Raindrops/train/evocargo_raindrops__D3__e44a3f296d198774.jpg,0.049977999180555344,0.11934489756822586
Raindrops/train/evocargo_raindrops__D3__9aa4a75fd8736632.jpg,0.015074828639626503,0.0995267927646637
Raindrops/train/evocargo_raindrops__D3__df883f2cd0661797.jpg,-0.015450198203325272,0.036427006125450134
Raindrops/train/evocargo_raindrops__D3__08b52cd18e0a3348.jpg,0.024145051836967468,0.05638378486037254
Raindrops/train/evocargo_raindrops__D3__3acd1b599af5d923.jpg,0.012450924143195152,0.05247652903199196
Raindrops/train/evocargo_raindrops__D3__6645aec81637c754.jpg,-0.012693624943494797,0.03400906175374985
Raindrops/train/evocargo_raindrops__D3__f6f8d6172c77ddee.jpg,0.043009426444768906,0.08612818270921707
Raindrops/train/evocargo_raindrops__D3__ce9b49b759ecb851.jpg,0.03677741065621376,0.12421192228794098
Raindrops/train/evocargo_raindrops__D3__1780370919930a74.jpg,0.010008223354816437,0.14372964203357697
Raindrops/train/evocargo_raindrops__D3__e4c8b2c3418da283.jpg,-0.0035617281682789326,0.12982575595378876
Raindrops/train/evocargo_raindrops__D3__6bbf32317134f59f.jpg,0.008670482784509659,0.06487415730953217
Raindrops/train/evocargo_raindrops__D3__8c3b1398f6d1e250.jpg,0.01633073389530182,0.07437276840209961
Raindrops/train/evocargo_raindrops__D3__e8b2283d3f227707.jpg,0.00932101346552372,0.0721435546875
Raindrops/train/evocargo_raindrops__D3__a87121ea1fbe81f1.jpg,0.012621333822607994,0.05103529244661331
Raindrops/train/evocargo_raindrops__D4__2a716391d2620c41.jpg,0.06591685116291046,0.32069993019104004
Raindrops/train/evocargo_raindrops__D3__bc21802104e85ed8.jpg,0.04107051342725754,0.10871617496013641
Raindrops/train/evocargo_raindrops__D3__999b1f677e3d8d8e.jpg,-0.009027501568198204,0.03899721801280975
Raindrops/train/evocargo_raindrops__D3__9679dcc565409933.jpg,0.04423006251454353,0.10326109081506729
Raindrops/train/evocargo_raindrops__D3__bb43980ee0f323c1.jpg,0.014658475294709206,0.08094512671232224
Raindrops/train/evocargo_raindrops__D4__9e3aa7fd75fe48f5.jpg,0.0910818874835968,0.17923074960708618
Raindrops/train/evocargo_raindrops__D3__64d7de58a3bd7a1c.jpg,0.03230905532836914,0.06744898855686188
Raindrops/train/evocargo_raindrops__D4__8c85561864d093f2.jpg,0.10038658231496811,0.21894803643226624
Raindrops/train/evocargo_raindrops__D4__f1245911c25d39d5.jpg,0.06619597226381302,0.22103480994701385
Raindrops/train/evocargo_raindrops__D3__51e3eca8a89a1f3e.jpg,0.004183444194495678,0.05803626403212547
Raindrops/train/evocargo_raindrops__D3__bcb16bd511a1d2c6.jpg,0.0123619195073843,0.07859380543231964
Raindrops/train/cadc__2018_03_07_0006__d10f7fa366683981.jpg,0.05848028510808945,0.27508288621902466
Raindrops/train/evocargo_raindrops__D4__9aa4ad3a45be8d31.jpg,0.06529104709625244,0.17239730060100555
Raindrops/train/evocargo_raindrops__D4__7cb602bebc8cd019.jpg,0.07335751503705978,0.18125420808792114
Raindrops/train/evocargo_raindrops__D3__e314a1ef34b3bd70.jpg,0.006452761124819517,0.0578799732029438
Raindrops/train/evocargo_raindrops__D3__ff4860575f0b87f8.jpg,0.03838120400905609,0.08591613173484802
Raindrops/train/evocargo_raindrops__D4__5cbc584d071fb4cd.jpg,0.1642887443304062,0.25423482060432434
Raindrops/train/evocargo_raindrops__D4__9df425df5f79b808.jpg,0.01486872136592865,0.08010051399469376
Raindrops/train/evocargo_raindrops__D4__55c893793325487a.jpg,0.04992736130952835,0.13283789157867432
Raindrops/train/cadc__2018_03_07_0006__4db308926dfd03a6.jpg,0.031083831563591957,0.07623617351055145
Raindrops/train/evocargo_raindrops__D3__22d319a344645b0e.jpg,0.016302239149808884,0.049333326518535614
Raindrops/train/evocargo_raindrops__D3__6e6d4a95e92495a9.jpg,0.017044173553586006,0.07682054489850998
Raindrops/train/evocargo_raindrops__D4__935505c88a691a2c.jpg,0.13036322593688965,0.35407429933547974
Raindrops/train/evocargo_raindrops__D3__35c93ccda6c8a07b.jpg,-0.006194000132381916,0.045614130795001984
Raindrops/train/evocargo_raindrops__D3__77a86321ff9993e0.jpg,0.0001398152526235208,0.06199236586689949
Raindrops/train/cadc__2018_03_07_0001__70e70ce1592ce5aa.jpg,0.16000467538833618,0.37859249114990234
Raindrops/train/evocargo_raindrops__D4__625cbc1dceefd983.jpg,0.06951084733009338,0.13992615044116974
Raindrops/train/evocargo_raindrops__D3__30b6fa626a5f1fa2.jpg,0.029420429840683937,0.08467508852481842
Raindrops/train/evocargo_raindrops__D3__d5e83411568927ac.jpg,0.013455758802592754,0.0825677439570427
Raindrops/train/evocargo_raindrops__D3__ac0e4bf9b9300325.jpg,0.028256583958864212,0.06840723752975464
Raindrops/train/evocargo_raindrops__D3__a9e2136c62e74e78.jpg,0.018823010846972466,0.1426241248846054
Raindrops/train/evocargo_raindrops__D4__53328cba01a6b3e8.jpg,0.16703549027442932,0.36277687549591064
Raindrops/train/evocargo_raindrops__D4__f0dc8a79eef0501e.jpg,0.030634615570306778,0.10100498795509338
Raindrops/train/evocargo_raindrops__D4__69cc93e771c4572f.jpg,0.0391852967441082,0.10086457431316376
Raindrops/train/evocargo_raindrops__D4__6a90c5b1657eb03a.jpg,0.06125957518815994,0.1027960404753685
Raindrops/train/evocargo_raindrops__D4__2153f5ce7a5f2e28.jpg,0.10580795258283615,0.3293376863002777
Raindrops/train/evocargo_raindrops__D4__e065da899e29eb2a.jpg,0.06647530198097229,0.1985006332397461
Raindrops/train/evocargo_raindrops__D4__7a71c9953feaf9fe.jpg,0.046821169555187225,0.1289743036031723
Raindrops/train/evocargo_raindrops__D4__c9e0f433d689d00c.jpg,0.06392093747854233,0.141754150390625
Raindrops/train/evocargo_raindrops__D4__d487611d36225b3c.jpg,0.04063110798597336,0.1247231662273407
Raindrops/train/evocargo_raindrops__D3__1a28a48db1fa3cb5.jpg,-0.0005400986410677433,0.06160823255777359
Raindrops/train/evocargo_raindrops__D3__1f70f6ff7eafeb8a.jpg,0.02960081398487091,0.08607795089483261
Raindrops/train/evocargo_raindrops__D4__c61bcc4996213aca.jpg,0.07046288251876831,0.16993901133537292
Raindrops/train/evocargo_raindrops__D3__1ad088d8851ef97e.jpg,0.03816921263933182,0.14248819649219513
Raindrops/train/evocargo_raindrops__D3__adb30384883c9079.jpg,0.022232547402381897,0.07634250819683075
Raindrops/train/evocargo_raindrops__D3__16f5e7179adb2b50.jpg,-0.0005698575405403972,0.05013129487633705
Raindrops/train/evocargo_raindrops__D3__6a144f732a90e6ac.jpg,0.027599051594734192,0.07899750769138336
Raindrops/train/evocargo_raindrops__D3__1f1b850f68d2f96c.jpg,-0.01164369285106659,0.03470988944172859
Raindrops/train/evocargo_raindrops__D3__0d92176ee601af9d.jpg,-0.00045897229574620724,0.04358173906803131
Raindrops/train/evocargo_raindrops__D4__cd560f55f9d01819.jpg,0.03813880681991577,0.08327071368694305
Raindrops/train/evocargo_raindrops__D4__0d7b4e10294c0098.jpg,0.10715866088867188,0.24601039290428162
Raindrops/train/evocargo_raindrops__D3__87afd52cc437ed00.jpg,0.023414088413119316,0.08322057127952576
Raindrops/train/evocargo_raindrops__D4__fed9221e20ea8a06.jpg,0.11315813660621643,0.29585668444633484
Raindrops/train/evocargo_raindrops__D3__8bbcc1592013f811.jpg,0.020818307995796204,0.08110769838094711
Raindrops/train/evocargo_raindrops__D3__44178ab37226f0de.jpg,0.028704090043902397,0.14527779817581177
Raindrops/train/evocargo_raindrops__D3__6b85e658dc545c10.jpg,-0.0025933613069355488,0.11240005493164062
Raindrops/train/evocargo_raindrops__D4__8af3ccb9a2e6a6c6.jpg,0.014795152470469475,0.10350464284420013
Raindrops/train/evocargo_raindrops__D3__d201dbb0723032eb.jpg,0.04053053259849548,0.10135914385318756
Raindrops/train/evocargo_raindrops__D3__74ef9cff2d9a5591.jpg,0.04184246435761452,0.2650319039821625
Raindrops/train/evocargo_raindrops__D4__9885b1ca99e3d982.jpg,0.06683752685785294,0.12129952013492584
Raindrops/train/evocargo_raindrops__D3__54e1b5c762b3fea8.jpg,0.0173325277864933,0.0674097016453743
Raindrops/train/evocargo_raindrops__D3__648ba2a54e234e1f.jpg,0.0023914678022265434,0.0944119468331337
Raindrops/train/evocargo_raindrops__D3__fbd45b63bcf5507a.jpg,0.011280294507741928,0.07640433311462402
Raindrops/train/evocargo_raindrops__D3__69462d0dd32d1af7.jpg,0.0327950119972229,0.0866570696234703
Raindrops/train/evocargo_raindrops__D3__4a2c47da85b539bf.jpg,-0.00863397866487503,0.0361938402056694
Raindrops/train/evocargo_raindrops__D3__b7696fefb0602866.jpg,0.009507959708571434,0.0858420878648758
Raindrops/train/evocargo_raindrops__D3__2a1eb3b89caabb01.jpg,-0.0041222646832466125,0.053769372403621674
Raindrops/train/evocargo_raindrops__D4__3e253849968f746b.jpg,0.10775928199291229,0.22914201021194458
Raindrops/train/evocargo_raindrops__D4__2dc141eb8f797a45.jpg,0.15614692866802216,0.49408894777297974
Raindrops/train/evocargo_raindrops__D3__182418c701042ae5.jpg,-0.00019514892483130097,0.05988694727420807
Raindrops/train/evocargo_raindrops__D4__38dc157d2554e1e8.jpg,0.06946408748626709,0.156419575214386
Raindrops/train/evocargo_raindrops__D4__db5d87713c9b5957.jpg,0.05662587285041809,0.16876381635665894
Raindrops/train/evocargo_raindrops__D3__2cbede78d419adbb.jpg,0.030711647123098373,0.09787888824939728
Raindrops/train/evocargo_raindrops__D4__db2b91f80f5284e9.jpg,0.10849999636411667,0.24571093916893005
Raindrops/train/evocargo_raindrops__D3__3c4c0659124eab66.jpg,0.011551898904144764,0.06746481359004974
Raindrops/train/evocargo_raindrops__D4__d43eacf7fa6dd892.jpg,0.0546611025929451,0.1828208863735199
Raindrops/train/cadc__2018_03_07_0001__4ed9199c5ac4e75a.jpg,0.2021828591823578,0.6338467597961426
Raindrops/train/evocargo_raindrops__D4__f3caaa55fe025b3f.jpg,0.012528842315077782,0.07131993770599365
Raindrops/train/evocargo_raindrops__D4__0b3fd8362573f65b.jpg,0.11159450560808182,0.2874849736690521
Raindrops/train/evocargo_raindrops__D3__957f5199d43a8dba.jpg,0.020397551357746124,0.07112820446491241
Raindrops/train/evocargo_raindrops__D3__8a1f2ee22416c475.jpg,0.07686106860637665,0.22819998860359192
Raindrops/train/evocargo_raindrops__D3__618b5dc06392ccd3.jpg,0.013333513401448727,0.07712039351463318
Raindrops/train/evocargo_raindrops__D3__55ed901e4d515b41.jpg,0.043589018285274506,0.11640678346157074
Raindrops/train/evocargo_raindrops__D4__964f60b7669f46b5.jpg,-0.0024135832209140062,0.14571169018745422
Raindrops/train/evocargo_raindrops__D3__fb040b9cfc36b280.jpg,0.049526847898960114,0.14857682585716248
Raindrops/train/evocargo_raindrops__D3__b052875bd5412a3b.jpg,0.01686968468129635,0.18120095133781433
Raindrops/train/evocargo_raindrops__D4__896534f427db75c6.jpg,0.017099790275096893,0.0712914764881134
Raindrops/train/evocargo_raindrops__D4__77f6bc708841f09d.jpg,0.10014156997203827,0.32640334963798523
Raindrops/train/evocargo_raindrops__D3__eb60764bb186f69f.jpg,0.014974202960729599,0.0728120431303978
Raindrops/train/cadc__2018_03_07_0006__7aefa3f2cab23487.jpg,0.16128645837306976,0.4196680784225464
Raindrops/train/evocargo_raindrops__D4__963c282ff84d509e.jpg,0.04648347944021225,0.11077818274497986
Raindrops/train/evocargo_raindrops__D4__407972348c2f5487.jpg,0.12394878268241882,0.2979987859725952
Raindrops/train/evocargo_raindrops__D4__00c209662408fde7.jpg,0.0659472644329071,0.2150937169790268
Raindrops/train/evocargo_raindrops__D3__0ebd27c7431d35c3.jpg,0.001278710551559925,0.0993640199303627
Raindrops/train/evocargo_raindrops__D3__fd4efa13c68e502a.jpg,0.009881455451250076,0.07616105675697327
Raindrops/train/cadc__2018_03_07_0001__11c60fb08a7d4a27.jpg,0.09182514250278473,0.4804891347885132
Raindrops/train/evocargo_raindrops__D3__4e16001b90e1898b.jpg,0.020093698054552078,0.07719588279724121
Raindrops/train/evocargo_raindrops__D4__89cbcbdb23bc03c3.jpg,0.06401237100362778,0.14189252257347107
Raindrops/train/evocargo_raindrops__D4__6a19991d6ed413a4.jpg,0.04095108062028885,0.24895837903022766
Raindrops/train/evocargo_raindrops__D3__4e7ad6b0c8df934a.jpg,0.02045624330639839,0.08156167715787888
Raindrops/train/evocargo_raindrops__D3__ac301966631848b9.jpg,0.017366444692015648,0.06065531075000763
Raindrops/train/evocargo_raindrops__D3__ec58ae416d233e14.jpg,0.013223599642515182,0.0744006335735321
Raindrops/train/evocargo_raindrops__D4__e51beb18cf31d3db.jpg,0.0428912416100502,0.10114139318466187
Raindrops/train/evocargo_raindrops__D3__fc18f0fdef009251.jpg,0.008831610903143883,0.08565947413444519
Raindrops/train/cadc__2018_03_07_0006__7def44c1a1e4496e.jpg,0.08723410964012146,0.15151505172252655
Raindrops/train/evocargo_raindrops__D3__0b59b75765e17a6b.jpg,0.01637028530240059,0.08515527844429016
Raindrops/train/evocargo_raindrops__D4__7baafc5f92d78f61.jpg,0.09106191247701645,0.24898146092891693
Raindrops/train/evocargo_raindrops__D3__c05ba7556a46c3b3.jpg,0.006449257023632526,0.04013507813215256
Raindrops/train/evocargo_raindrops__D3__55aed26bf27a4537.jpg,0.03599461168050766,0.09064975380897522
Raindrops/train/evocargo_raindrops__D3__76f8f852fc589305.jpg,0.019682785496115685,0.08520103991031647
Raindrops/train/evocargo_raindrops__D3__0497ea19a0ab87cb.jpg,0.008341571316123009,0.038727566599845886
Raindrops/train/evocargo_raindrops__D3__69e1c5fc2aed3f56.jpg,0.012494070455431938,0.09251131862401962
Raindrops/train/evocargo_raindrops__D3__35922cf4967ba0c6.jpg,-0.0037408804055303335,0.05411625653505325
Raindrops/train/evocargo_raindrops__D3__0bf26272d35023c1.jpg,0.0027007735334336758,0.08838295191526413
Raindrops/train/evocargo_raindrops__D4__2313e7d077f03c8f.jpg,0.014774715527892113,0.08169066905975342
Raindrops/train/evocargo_raindrops__D3__cb1f35371f7d8a13.jpg,0.042965274304151535,0.10161541402339935
Raindrops/train/evocargo_raindrops__D4__5cf77321d7359b1a.jpg,0.033116791397333145,0.07272994518280029
Raindrops/train/evocargo_raindrops__D3__2bc357495b59abe0.jpg,0.00494995154440403,0.0625598356127739
Raindrops/train/evocargo_raindrops__D4__26353d82a1eb14e0.jpg,0.012944096699357033,0.08624182641506195
Raindrops/train/evocargo_raindrops__D3__2ef65f6d10722717.jpg,-0.008509021252393723,0.04104730114340782
Raindrops/train/evocargo_raindrops__D4__f0f2a50fe44b0795.jpg,0.10999131202697754,0.19389790296554565
Raindrops/train/evocargo_raindrops__D3__239e5dc5fc6da7f3.jpg,0.049064524471759796,0.14590363204479218
Raindrops/train/evocargo_raindrops__D3__b390b8e97968d583.jpg,0.01204988919198513,0.08425430208444595
Raindrops/train/evocargo_raindrops__D3__41349cf9de541a1e.jpg,0.00042938668048009276,0.05172065272927284
Raindrops/train/evocargo_raindrops__D4__70a94eef53f9a8e8.jpg,0.06281563639640808,0.142094686627388
Raindrops/train/evocargo_raindrops__D3__f8fb7c2606eb8059.jpg,0.012472875416278839,0.07027479261159897
Raindrops/train/evocargo_raindrops__D3__653f561a3eb5d721.jpg,0.003645956749096513,0.045204464346170425
Raindrops/train/evocargo_raindrops__D3__fbd9f65070e4337d.jpg,0.00910948496311903,0.05927736312150955
Raindrops/train/evocargo_raindrops__D4__49999722501f094d.jpg,0.0151936961337924,0.11065378785133362
Raindrops/train/evocargo_raindrops__D4__5ba27efeda8d9ce6.jpg,0.030296791344881058,0.15449711680412292
Raindrops/train/evocargo_raindrops__D3__e9c9d23ba4fe971a.jpg,0.024387817829847336,0.07367406040430069
Raindrops/train/evocargo_raindrops__D4__e827e2d40630044f.jpg,0.07721380144357681,0.11604659259319305
Raindrops/train/evocargo_raindrops__D4__af8965bda2c1f043.jpg,0.13560731709003448,0.23127275705337524
Raindrops/train/evocargo_raindrops__D3__265045957ad7bee2.jpg,0.01864607259631157,0.07653234899044037
Raindrops/train/evocargo_raindrops__D4__c3e7a8a98619f4d4.jpg,0.042465224862098694,0.09617677330970764
Raindrops/train/evocargo_raindrops__D4__52b7da69ca3d2b3d.jpg,0.06398047506809235,0.1382363736629486
Raindrops/train/evocargo_raindrops__D4__0598bc4bceefb3c1.jpg,0.08781958371400833,0.2005583643913269
Raindrops/train/evocargo_raindrops__D3__9d866c1109812042.jpg,0.02600761130452156,0.088494211435318
Raindrops/train/evocargo_raindrops__D3__160bec82e4ff9177.jpg,0.026056569069623947,0.10243651270866394
Raindrops/train/evocargo_raindrops__D3__8321ced84b97a539.jpg,0.05171312391757965,0.10924927890300751
Raindrops/train/evocargo_raindrops__D3__f587f97daa9ccfc7.jpg,0.0020593872759491205,0.06411783397197723
Raindrops/train/evocargo_raindrops__D4__1b50fc4c4983a292.jpg,0.022372497245669365,0.07601816952228546
Raindrops/train/evocargo_raindrops__D4__e27b9778ed74a3de.jpg,0.0882907509803772,0.252127081155777
Raindrops/train/evocargo_raindrops__D4__d38045ede3edf96c.jpg,0.06048212945461273,0.1983988881111145
Raindrops/train/evocargo_raindrops__D3__5f031d5c571b8d49.jpg,0.0006153641734272242,0.06720203161239624
Raindrops/train/evocargo_raindrops__D3__fc846fea1a90b662.jpg,0.0229044072329998,0.09269598871469498
Raindrops/train/evocargo_raindrops__D3__484120d7e1f89694.jpg,0.02898038923740387,0.09945674985647202
Raindrops/train/evocargo_raindrops__D3__7417c85db418ba6b.jpg,0.05904484540224075,0.24695023894309998
Raindrops/train/evocargo_raindrops__D4__8955de158236dad0.jpg,0.05694831162691116,0.13968220353126526
Raindrops/train/evocargo_raindrops__D4__e1da72be96a0ddb8.jpg,0.08320054411888123,0.3387962579727173
Raindrops/train/evocargo_raindrops__D4__bca4eca3cc04b8a6.jpg,0.015450241044163704,0.11050345003604889
Raindrops/train/evocargo_raindrops__D3__00ed04394c8c3b32.jpg,0.04273354262113571,0.12566091120243073
Raindrops/train/evocargo_raindrops__D4__03b20f2e047be769.jpg,0.07150610536336899,0.20971441268920898
Raindrops/train/evocargo_raindrops__D4__8767f03edf668e06.jpg,0.08682464063167572,0.29690492153167725
Raindrops/train/evocargo_raindrops__D4__2240e0ca3f060b26.jpg,0.10526128858327866,0.25941401720046997
Raindrops/train/evocargo_raindrops__D3__6de6388977eebdb9.jpg,-0.007961531169712543,0.03326211869716644
Raindrops/train/evocargo_raindrops__D3__f47c3d66e8379c48.jpg,0.03396632522344589,0.08829530328512192
Raindrops/train/evocargo_raindrops__D4__53358e040d308259.jpg,0.037680186331272125,0.10389376431703568
Raindrops/train/evocargo_raindrops__D4__6ee9d3ee38df795e.jpg,0.03749615326523781,0.11544834077358246
Raindrops/train/evocargo_raindrops__D3__1daadc7e8dc8c855.jpg,0.006437795236706734,0.0879388302564621
Raindrops/train/evocargo_raindrops__D4__bb976b50d200b955.jpg,0.048366479575634,0.13835832476615906
Raindrops/train/evocargo_raindrops__D4__56679e057585957a.jpg,0.04653773829340935,0.13384754955768585
Raindrops/train/evocargo_raindrops__D4__74140b34c8366de2.jpg,0.002829254139214754,0.04986327886581421
Raindrops/train/evocargo_raindrops__D4__0fa93dce3ec35dcb.jpg,0.012305039912462234,0.07067567110061646
Raindrops/train/evocargo_raindrops__D3__d7fb1d839a2cc010.jpg,0.028265612199902534,0.08798143267631531
Raindrops/train/evocargo_raindrops__D3__63afa53cd9f50e36.jpg,0.023304574191570282,0.1816841959953308
Raindrops/train/cadc__2018_03_07_0006__a37b2d714892a102.jpg,0.06462837010622025,0.15406134724617004
Raindrops/train/evocargo_raindrops__D3__da58300f79c0f75a.jpg,0.042650531977415085,0.11375904828310013
Raindrops/train/evocargo_raindrops__D3__8fab6872c1683206.jpg,0.009473586454987526,0.06020399183034897
Raindrops/train/evocargo_raindrops__D3__e04e982cf8e508d9.jpg,0.022214526310563087,0.07612817734479904
Raindrops/train/evocargo_raindrops__D4__ce54d3be0e5480b5.jpg,0.03438454121351242,0.06238580495119095
Raindrops/train/evocargo_raindrops__D3__a496b03657c1b4e7.jpg,0.030028851702809334,0.08246081322431564
Raindrops/train/evocargo_raindrops__D3__b4b8aa2a68b267d0.jpg,0.003204616717994213,0.06048540771007538
Raindrops/train/evocargo_raindrops__D3__e54066ac9d7bd075.jpg,0.03546213358640671,0.11602827906608582
Raindrops/train/evocargo_raindrops__D3__878580a4a5a31c58.jpg,0.034496910870075226,0.07903695851564407
Raindrops/train/evocargo_raindrops__D4__659c9e80e622e8d9.jpg,0.06445977091789246,0.19618625938892365
Raindrops/train/evocargo_raindrops__D3__d20d71f433a44364.jpg,0.025609180331230164,0.09532374143600464
Raindrops/train/evocargo_raindrops__D3__a2053937110d0ca6.jpg,0.04294995963573456,0.09340269863605499
Raindrops/train/evocargo_raindrops__D3__d0182285e7858d78.jpg,0.008007720112800598,0.08062621206045151
Raindrops/train/evocargo_raindrops__D4__690a6e52d8ac70cd.jpg,0.01145157404243946,0.1592688113451004
Raindrops/train/evocargo_raindrops__D4__0be2a8a51aa3b343.jpg,0.03430073708295822,0.12115227431058884
Raindrops/train/evocargo_raindrops__D3__47be52d41e64fa05.jpg,0.014111372642219067,0.11990126967430115
Raindrops/train/evocargo_raindrops__D3__6ee312deece87a9b.jpg,0.0022829275112599134,0.055382587015628815
Raindrops/train/evocargo_raindrops__D3__77a090b14be0915f.jpg,0.028352860361337662,0.07918518781661987
Raindrops/train/evocargo_raindrops__D3__44051fd7d8f71a35.jpg,0.03480717912316322,0.08957730978727341
Raindrops/train/evocargo_raindrops__D4__ec1a849ac75eb6a9.jpg,0.05608444660902023,0.2036106139421463
Raindrops/train/evocargo_raindrops__D3__e5e018ada04ca4c2.jpg,0.0230795256793499,0.07236771285533905
Raindrops/train/evocargo_raindrops__D3__6405044bd022ed89.jpg,0.09359671175479889,0.1973739117383957
Raindrops/train/evocargo_raindrops__D4__4b3aabac38148a00.jpg,0.11040014028549194,0.42706751823425293
Raindrops/train/evocargo_raindrops__D4__9561908c8527c370.jpg,0.029481975361704826,0.11184751242399216
Raindrops/train/evocargo_raindrops__D4__bb78f8dc4d1ed222.jpg,0.03842888027429581,0.17279121279716492
Raindrops/train/evocargo_raindrops__D4__66a538c35e214b23.jpg,0.037999700754880905,0.09266070276498795
Raindrops/train/evocargo_raindrops__D4__6e315c501cc06bc4.jpg,0.03108939528465271,0.06334900856018066
Raindrops/train/evocargo_raindrops__D4__dbebcc34c52fe899.jpg,0.04413328692317009,0.11274413764476776
Raindrops/train/evocargo_raindrops__D3__cfc129c92c2f0e76.jpg,0.012134606018662453,0.06959983706474304
Raindrops/train/evocargo_raindrops__D3__9e095fc3cecf823d.jpg,0.010702569968998432,0.06095287948846817
Raindrops/train/evocargo_raindrops__D3__b3a3c66dbd60dd12.jpg,0.03951944410800934,0.11725153774023056
Raindrops/train/evocargo_raindrops__D3__e4b1d8a5cf7156d4.jpg,0.013644451275467873,0.06865281611680984
Raindrops/train/evocargo_raindrops__D3__51bbf72e4c62de9d.jpg,0.027869723737239838,0.0789218321442604
Raindrops/train/cadc__2018_03_07_0006__bef7c132434a8394.jpg,0.07143115997314453,0.10997994244098663
Raindrops/train/evocargo_raindrops__D3__89a029ac3067d403.jpg,0.0549103245139122,0.13750427961349487
Raindrops/train/evocargo_raindrops__D4__768ecace40e4a529.jpg,0.06873267143964767,0.12595340609550476
Raindrops/train/evocargo_raindrops__D4__72bd307a85630860.jpg,0.04527736455202103,0.11570027470588684
Raindrops/train/evocargo_raindrops__D4__7b10f539e46d2f3c.jpg,0.01770889386534691,0.08266831934452057
Raindrops/train/evocargo_raindrops__D3__cc98201e439e41f2.jpg,0.0031551045831292868,0.10181470215320587
Raindrops/train/evocargo_raindrops__D4__18a6286a9bb21c0c.jpg,0.02541428431868553,0.07843729853630066
Raindrops/train/evocargo_raindrops__D3__a6b479e319d39d27.jpg,0.003260861849412322,0.05535413324832916
Raindrops/train/evocargo_raindrops__D3__5a8dcef4ec6dd254.jpg,0.025925062596797943,0.085432268679142
Raindrops/train/cadc__2018_03_07_0006__55888781052cb474.jpg,0.07230722904205322,0.11929625272750854
Raindrops/train/evocargo_raindrops__D4__97951f7ce122bea3.jpg,0.07920172810554504,0.1499001681804657
Raindrops/train/evocargo_raindrops__D3__248c39287f1089a6.jpg,0.008454747498035431,0.07858815044164658
Raindrops/train/evocargo_raindrops__D3__1ded889dac1e1af4.jpg,0.011072466149926186,0.05301867425441742
Raindrops/train/evocargo_raindrops__D3__8aa175fa296d06e0.jpg,0.00026036417693831027,0.04207950085401535
Raindrops/train/evocargo_raindrops__D3__99e3fbd78bc44fb4.jpg,-0.006650559604167938,0.04895902797579765
Raindrops/train/evocargo_raindrops__D3__2cd525ca0d0e5f89.jpg,0.03059079498052597,0.08029219508171082
Raindrops/train/evocargo_raindrops__D4__a04c0d59f3ea2c24.jpg,0.07409557700157166,0.1548926681280136
Raindrops/train/evocargo_raindrops__D3__f9aafaae32aff079.jpg,-0.005915732588618994,0.14319154620170593
Raindrops/train/evocargo_raindrops__D3__2fb9c55301c19408.jpg,0.011412383057177067,0.08429981768131256
Raindrops/train/evocargo_raindrops__D3__b96f196a8592c232.jpg,0.02980799414217472,0.10315656661987305
Raindrops/train/evocargo_raindrops__D3__293407ac9335035c.jpg,0.012061158195137978,0.07260134071111679
Raindrops/train/evocargo_raindrops__D4__344331179e517c12.jpg,0.06408330053091049,0.16007860004901886
Raindrops/train/evocargo_raindrops__D3__da0c4740be581b3a.jpg,0.00656737107783556,0.08817999809980392
Raindrops/train/evocargo_raindrops__D3__eb7fe5fa11364788.jpg,-0.012752493843436241,0.1188928484916687
Raindrops/train/evocargo_raindrops__D4__1206d290162ec835.jpg,0.04191219061613083,0.1129017323255539
Raindrops/train/evocargo_raindrops__D4__e65ac809e697af3a.jpg,0.060722485184669495,0.18761581182479858
Raindrops/train/evocargo_raindrops__D4__c12b2c1a657ec525.jpg,0.058122098445892334,0.11281965672969818
Raindrops/train/evocargo_raindrops__D3__a7411f9385b023bc.jpg,0.011713501065969467,0.025480959564447403
Raindrops/train/evocargo_raindrops__D3__b8b69a00bfdaf343.jpg,-0.0015466503100469708,0.06748601049184799
Raindrops/train/evocargo_raindrops__D3__bb9848595d028dde.jpg,-0.010531006380915642,0.04935767874121666
Raindrops/train/evocargo_raindrops__D4__d470761876527055.jpg,0.10194358229637146,0.36103618144989014
Raindrops/train/evocargo_raindrops__D3__6c122678135a2db6.jpg,0.002379531506448984,0.05541690066456795
Raindrops/train/evocargo_raindrops__D4__4d3693589ee307fa.jpg,0.0451810397207737,0.10007783770561218
Raindrops/train/evocargo_raindrops__D3__6c6df827e38828a1.jpg,0.017788507044315338,0.10141853988170624
Raindrops/train/evocargo_raindrops__D4__1c7936209eb0df70.jpg,0.03449949622154236,0.09272897243499756
Raindrops/train/evocargo_raindrops__D3__8cc2fa65a91de691.jpg,-0.008020738139748573,0.07020223885774612
Raindrops/train/evocargo_raindrops__D3__9326dfc764c4053c.jpg,0.0035276974085718393,0.11658736318349838
Raindrops/train/evocargo_raindrops__D4__42cb5c41079ebeae.jpg,0.20555399358272552,0.43817928433418274
Raindrops/train/evocargo_raindrops__D4__81ae1a3890b11347.jpg,0.10266339033842087,0.22789716720581055
Raindrops/train/evocargo_raindrops__D3__70ab7dffe3806b67.jpg,0.022466963157057762,0.07595232874155045
Raindrops/train/evocargo_raindrops__D3__6ebb53a732f5fde9.jpg,0.0007113968604244292,0.1413114070892334
Raindrops/train/evocargo_raindrops__D3__7008e24ee80b4a22.jpg,0.01919206976890564,0.08242931962013245
Raindrops/train/evocargo_raindrops__D3__69ea9558a57d7ece.jpg,0.010138018056750298,0.0597652867436409
Raindrops/train/evocargo_raindrops__D3__b6de2eda76fa861b.jpg,0.08508181571960449,0.2337321639060974
Raindrops/train/evocargo_raindrops__D3__ac86e004b5e1f761.jpg,0.04667668044567108,0.09950229525566101
Raindrops/train/evocargo_raindrops__D4__51b183dc516d4a80.jpg,0.04704605042934418,0.12588970363140106
Raindrops/train/evocargo_raindrops__D3__b0f8442b83d81f52.jpg,0.02257845550775528,0.06882986426353455
Raindrops/train/evocargo_raindrops__D3__1813aa1dc2c5e7d6.jpg,-0.003393607446923852,0.04784909635782242
Raindrops/train/evocargo_raindrops__D3__846342f1cf75f2b5.jpg,0.020710811018943787,0.06266830861568451
Raindrops/train/evocargo_raindrops__D3__1d5dfb4ed3e73bcf.jpg,0.021658122539520264,0.07491718232631683
Raindrops/train/cadc__2018_03_07_0001__6c51fc57de47c473.jpg,0.1762973964214325,0.46420377492904663
Raindrops/train/evocargo_raindrops__D3__0af2f958f2c96716.jpg,0.08473318815231323,0.2523828148841858
Raindrops/train/evocargo_raindrops__D4__c549842007971c21.jpg,0.022616244852542877,0.08394580334424973
Raindrops/train/evocargo_raindrops__D3__664b283fc007336f.jpg,0.03730915114283562,0.18231303989887238
Raindrops/train/evocargo_raindrops__D3__a9baae82d6bdcbd0.jpg,0.02998128905892372,0.0625607967376709
Raindrops/train/evocargo_raindrops__D3__08743d3da704a327.jpg,0.012007860466837883,0.07017164677381516
Raindrops/train/evocargo_raindrops__D4__ea153444e8b4ce01.jpg,0.05977926030755043,0.14343427121639252
Raindrops/train/evocargo_raindrops__D4__3beba4c3b93510c1.jpg,0.02992440201342106,0.09748391807079315
Raindrops/train/evocargo_raindrops__D4__5cde3f35056e7c7d.jpg,0.07517227530479431,0.2396664023399353
Raindrops/train/evocargo_raindrops__D3__f35c2044db3e47d5.jpg,0.0072399927303195,0.05331176146864891
Raindrops/train/evocargo_raindrops__D3__47f9ab7b366bdc44.jpg,0.00985658261924982,0.05304582789540291
Raindrops/train/evocargo_raindrops__D3__afaa636cbde4a97f.jpg,-0.006005295552313328,0.05173058062791824
Raindrops/train/evocargo_raindrops__D3__344a1f86ad86917a.jpg,0.016088396310806274,0.0801161527633667
Raindrops/train/evocargo_raindrops__D3__70d12299abd0a2c7.jpg,0.0003895010449923575,0.060768693685531616
Raindrops/train/evocargo_raindrops__D4__bb5a0a5722b71ebf.jpg,0.01111876405775547,0.0909370630979538
Raindrops/train/evocargo_raindrops__D3__36aefb4ad1751195.jpg,0.007579648867249489,0.06425217539072037
Raindrops/train/evocargo_raindrops__D4__438f042609d230cd.jpg,0.09111479669809341,0.3174290060997009
Raindrops/train/evocargo_raindrops__D3__c1dc9c39d09ce340.jpg,-0.005101232789456844,0.06678654253482819
Raindrops/train/evocargo_raindrops__D3__0b8083048472b76b.jpg,0.0398433580994606,0.11923304200172424
Raindrops/train/evocargo_raindrops__D3__69cb40dc94f2cb08.jpg,0.0315394401550293,0.0942978635430336
Raindrops/train/evocargo_raindrops__D3__b468d266a11a62bf.jpg,0.07591341435909271,0.20148038864135742
Raindrops/train/evocargo_raindrops__D3__109b0dc965861887.jpg,-0.024327784776687622,0.059128083288669586
Raindrops/train/evocargo_raindrops__D3__538ab395aa101801.jpg,-0.006670383270829916,0.03554288297891617
Raindrops/train/evocargo_raindrops__D3__12a63b67f572cc0f.jpg,0.02814142405986786,0.08811536431312561
Raindrops/train/evocargo_raindrops__D3__0bbe24aedaa8ea5b.jpg,0.018146436661481857,0.06937675178050995
Raindrops/train/evocargo_raindrops__D3__c031652d22a254c4.jpg,-0.008207776583731174,0.019202034920454025
Raindrops/train/evocargo_raindrops__D4__c61eaa6c5de120f7.jpg,0.03564269840717316,0.1504400670528412
Raindrops/train/evocargo_raindrops__D4__ee425c7ca55dc667.jpg,0.11722980439662933,0.4295474886894226
Raindrops/train/evocargo_raindrops__D4__cfe58ae522190ae2.jpg,0.07358594238758087,0.19856469333171844
Raindrops/train/evocargo_raindrops__D3__eda295baa483441e.jpg,-0.004254279658198357,0.10209915041923523
Raindrops/train/evocargo_raindrops__D3__005d47f9d3c61e4f.jpg,-0.0017731677507981658,0.07075226306915283
Raindrops/train/evocargo_raindrops__D4__0eeb926855bed7ad.jpg,0.08405839651823044,0.1442221701145172
Raindrops/train/evocargo_raindrops__D3__3733a242306785b5.jpg,-0.0027222996577620506,0.06739570200443268
Raindrops/train/evocargo_raindrops__D4__16eda82216e71aa5.jpg,0.13191600143909454,0.3056183457374573
Raindrops/train/evocargo_raindrops__D4__643af77cd5ceefa7.jpg,0.036393724381923676,0.10569651424884796
Raindrops/train/evocargo_raindrops__D4__f05193353a5d56c2.jpg,0.05960618704557419,0.19380110502243042
Raindrops/train/evocargo_raindrops__D3__94b28b9529bbaca7.jpg,0.004427886568009853,0.07856591045856476
Raindrops/train/evocargo_raindrops__D3__3ce00fce3b428249.jpg,0.029258422553539276,0.08481699228286743
Raindrops/train/evocargo_raindrops__D4__f107204de5a3e609.jpg,0.08928127586841583,0.20088279247283936
Raindrops/train/evocargo_raindrops__D4__0479d34e7605254f.jpg,0.027494672685861588,0.09321185946464539
Raindrops/train/evocargo_raindrops__D4__795bcccc42a0dc93.jpg,0.08174556493759155,0.42340824007987976
Raindrops/train/evocargo_raindrops__D4__5b14f90abc864656.jpg,0.030698303133249283,0.1376589983701706
Raindrops/train/evocargo_raindrops__D4__e12de9dab384e51a.jpg,0.03628917783498764,0.12253277748823166
Raindrops/train/evocargo_raindrops__D4__c464041cce3adbda.jpg,0.04727819561958313,0.10764162242412567
Raindrops/train/evocargo_raindrops__D4__d9d4d0825f3fe051.jpg,0.060377683490514755,0.18775996565818787
Raindrops/train/evocargo_raindrops__D4__9c0328630f31269d.jpg,0.11667412519454956,0.2968617379665375
Raindrops/train/evocargo_raindrops__D3__38111ddb35d13480.jpg,-0.004166379105299711,0.12309949100017548
Raindrops/train/evocargo_raindrops__D4__adbde9973f9aad2e.jpg,0.07664549350738525,0.13427633047103882
Raindrops/train/evocargo_raindrops__D3__cf09b810299d5f4e.jpg,4.036913742311299e-05,0.06646452844142914
Raindrops/train/evocargo_raindrops__D3__3d49dc800a036fe2.jpg,0.07125695794820786,0.15027594566345215
Raindrops/train/evocargo_raindrops__D3__c18e9533e5e9760a.jpg,0.006989818997681141,0.06185463070869446
Raindrops/train/evocargo_raindrops__D4__72f2b9e9d80e075c.jpg,0.0023936741054058075,0.055601876229047775
Raindrops/train/evocargo_raindrops__D4__969b836c6df3da09.jpg,0.0319494754076004,0.09494824707508087
Raindrops/train/evocargo_raindrops__D4__ea10fdc8acf62ba5.jpg,0.009472351521253586,0.09045223146677017
Raindrops/train/evocargo_raindrops__D3__cda378290be854c4.jpg,0.030703213065862656,0.08128514140844345
Raindrops/train/evocargo_raindrops__D4__66def2043feccf3c.jpg,0.056898169219493866,0.16329804062843323
Raindrops/train/evocargo_raindrops__D3__280db0d32990d534.jpg,0.0987376943230629,0.2392764389514923
Raindrops/train/evocargo_raindrops__D4__c7c682c39e837fe8.jpg,0.05023929849267006,0.10981614887714386
Raindrops/train/evocargo_raindrops__D3__c52026c4693a5a12.jpg,0.06250567734241486,0.13503757119178772
Raindrops/train/evocargo_raindrops__D3__11655c3913abf6a9.jpg,0.025220584124326706,0.09370943903923035
Raindrops/train/evocargo_raindrops__D3__c46b596e97fdfb8d.jpg,0.003379122819751501,0.06446699053049088
Raindrops/train/evocargo_raindrops__D3__feadd73918526db4.jpg,0.04154668748378754,0.09821712225675583
Raindrops/train/evocargo_raindrops__D3__e1e315705deb6c6f.jpg,-0.006691271439194679,0.04884413257241249
Raindrops/train/evocargo_raindrops__D4__b079a8b14b193394.jpg,0.02606114186346531,0.11926457285881042
Raindrops/train/evocargo_raindrops__D4__575f957380103ad0.jpg,-0.004498180001974106,0.07507520914077759
Raindrops/train/evocargo_raindrops__D3__8ef387c8ba7f4327.jpg,-0.008911706507205963,0.024745319038629532
Raindrops/train/evocargo_raindrops__D3__b29342443038d3bb.jpg,0.002182241529226303,0.054954320192337036
Raindrops/train/cadc__2018_03_07_0006__9a8902fdf3441271.jpg,0.06801323592662811,0.1713348627090454
Raindrops/train/evocargo_raindrops__D3__1e65429f674a0639.jpg,0.04921165853738785,0.2714477777481079
Raindrops/train/evocargo_raindrops__D4__83745fab7bea9f66.jpg,0.0198417529463768,0.037493012845516205
Raindrops/train/evocargo_raindrops__D3__d991f735c4bc1024.jpg,0.0048699406906962395,0.09384658932685852
Raindrops/train/evocargo_raindrops__D4__d36649741e06932f.jpg,0.04536175727844238,0.11384455859661102
Raindrops/train/evocargo_raindrops__D3__3c5a8e51d0576b59.jpg,-0.03690078854560852,0.08653631806373596
Raindrops/train/evocargo_raindrops__D3__fbb54eab086b76b2.jpg,0.03587958961725235,0.07554095983505249
Raindrops/train/evocargo_raindrops__D3__0a618692673d35b2.jpg,0.01903710514307022,0.0701877549290657
Raindrops/train/evocargo_raindrops__D3__68ce42a41b8845b5.jpg,0.018237533047795296,0.0759492889046669
Raindrops/train/evocargo_raindrops__D4__411f59448ee184f0.jpg,0.07885467261075974,0.11483725905418396
Raindrops/train/evocargo_raindrops__D3__6f1337f02af250e3.jpg,0.004142723511904478,0.05841921642422676
Raindrops/train/evocargo_raindrops__D3__ca0983380f614c8e.jpg,0.07454323023557663,0.1825961172580719
Raindrops/train/evocargo_raindrops__D3__e3e70f2da9e9201f.jpg,0.04373353719711304,0.11256242543458939
Raindrops/train/evocargo_raindrops__D3__fdb9e4583999a89e.jpg,0.0011983956210315228,0.0670735239982605
Raindrops/train/evocargo_raindrops__D3__8b2b4b02c8fba363.jpg,0.0057334620505571365,0.06136617437005043
Raindrops/train/evocargo_raindrops__D4__2f0877b9d15b15b0.jpg,0.045174166560173035,0.13928993046283722
Raindrops/train/evocargo_raindrops__D3__3c5d71f38b069d3f.jpg,0.02310102805495262,0.119412362575531
Raindrops/train/evocargo_raindrops__D3__21ffe1518d475878.jpg,0.06056356430053711,0.18346969783306122
Raindrops/train/evocargo_raindrops__D4__86c51325539488da.jpg,0.017786892130970955,0.07740575075149536
Raindrops/train/evocargo_raindrops__D3__6aae8053820b55ab.jpg,0.013902870938181877,0.06425711512565613
Raindrops/train/evocargo_raindrops__D3__f0423ae194ecae2d.jpg,0.06730161607265472,0.17094220221042633
Raindrops/train/evocargo_raindrops__D3__61eda381dfa5450b.jpg,0.02917388454079628,0.07324980944395065
Raindrops/train/evocargo_raindrops__D4__bb407abb9b7aff54.jpg,0.08368558436632156,0.20976096391677856
Raindrops/train/evocargo_raindrops__D3__8c8e8d334461fda8.jpg,0.013408028520643711,0.0828588604927063
Raindrops/train/evocargo_raindrops__D4__6363ca9fbafb89b8.jpg,0.03435997664928436,0.09007246792316437
Raindrops/train/evocargo_raindrops__D4__8ce207df43355a2c.jpg,0.04498470202088356,0.11602722853422165
Raindrops/train/evocargo_raindrops__D4__0c39dc7485023c76.jpg,0.034379832446575165,0.07459354400634766
Raindrops/train/evocargo_raindrops__D3__aac6f5f930d67c71.jpg,0.0441422313451767,0.19046105444431305
Raindrops/train/evocargo_raindrops__D4__e12a58d9f21843e1.jpg,0.030504483729600906,0.09674566984176636
Raindrops/train/evocargo_raindrops__D4__a211e05581d0b10c.jpg,0.10380300879478455,0.3395087718963623
Raindrops/train/evocargo_raindrops__D3__394ac57b16e221b3.jpg,-0.012539277784526348,0.043000478297472
Raindrops/train/evocargo_raindrops__D3__2ac923590b5c08a9.jpg,0.015988443046808243,0.10313906520605087
Raindrops/train/evocargo_raindrops__D3__d879196cf324794f.jpg,0.02633444219827652,0.08992338925600052
Raindrops/train/evocargo_raindrops__D3__a91ea4e1e030f55e.jpg,0.025700174272060394,0.08055271208286285
Raindrops/train/evocargo_raindrops__D3__0813adbb24c7f83a.jpg,0.016983581706881523,0.06919172406196594
Raindrops/train/evocargo_raindrops__D3__7980709fe1875d51.jpg,0.012260667979717255,0.07218870520591736
Raindrops/train/evocargo_raindrops__D4__06190fbeb1d8f13f.jpg,0.015240693464875221,0.05900076404213905
Raindrops/train/evocargo_raindrops__D4__1abf861d95976a49.jpg,0.014797580428421497,0.11431913077831268
Raindrops/train/evocargo_raindrops__D4__187878b187cb51a0.jpg,0.045605435967445374,0.1869015097618103
Raindrops/train/evocargo_raindrops__D4__c2e4acb2091800a4.jpg,0.08714619278907776,0.2064412534236908
Raindrops/train/evocargo_raindrops__D3__9dca9960ae79263e.jpg,0.00623744074255228,0.04007222130894661
Raindrops/train/evocargo_raindrops__D4__ca38a6c7c0d9aff4.jpg,0.0354766771197319,0.1439083069562912
Raindrops/train/evocargo_raindrops__D4__2fb0455f34bf2ba6.jpg,0.09477090835571289,0.327204167842865
Raindrops/train/evocargo_raindrops__D3__ce0694b18618e73f.jpg,0.0010364438639953732,0.09246362745761871
Raindrops/train/evocargo_raindrops__D3__54acc55799dce276.jpg,0.02878352254629135,0.07797914743423462
Raindrops/train/evocargo_raindrops__D4__5918cd85d3cd8fda.jpg,-0.05157233774662018,0.1987559199333191
Raindrops/train/evocargo_raindrops__D3__53fc82d8d56193d0.jpg,0.03389357775449753,0.09018407762050629
Raindrops/train/evocargo_raindrops__D3__dbb7d3a19d474dab.jpg,0.013398231007158756,0.0880061462521553
Raindrops/train/evocargo_raindrops__D4__b692a0631a308d6f.jpg,0.03398437798023224,0.10266473889350891
Raindrops/train/evocargo_raindrops__D3__f7fac26876dc1cca.jpg,0.024606995284557343,0.08316626399755478
Raindrops/train/evocargo_raindrops__D4__2c226ddce8fafe94.jpg,0.03828967735171318,0.12830477952957153
Raindrops/train/evocargo_raindrops__D4__8ca0dd8579122b39.jpg,0.13721555471420288,0.4219459295272827
Raindrops/train/evocargo_raindrops__D3__43fa61b492002b57.jpg,-0.0037616852205246687,0.05396147817373276
Raindrops/train/evocargo_raindrops__D3__b0dfd17f2c8f9b25.jpg,0.012419622391462326,0.06967474520206451
Raindrops/train/evocargo_raindrops__D3__d04b0f7f51f54e37.jpg,0.034331873059272766,0.11913454532623291
Raindrops/train/evocargo_raindrops__D3__c4a393a46588f9d2.jpg,0.012347647920250893,0.0730835422873497
Raindrops/train/evocargo_raindrops__D4__ba6f3ae637f1510b.jpg,0.047637611627578735,0.14901666343212128
Raindrops/train/evocargo_raindrops__D3__c5d503c5bcc6a03d.jpg,0.037357866764068604,0.10218365490436554
Raindrops/train/evocargo_raindrops__D3__aad454144de3fa42.jpg,0.0028717690147459507,0.06932355463504791
Raindrops/train/evocargo_raindrops__D4__d051d7e0c3f9d679.jpg,0.03853863477706909,0.10928315669298172
Raindrops/train/evocargo_raindrops__D4__ace7c2c1e006c9a5.jpg,0.05703958123922348,0.15948355197906494
Raindrops/train/evocargo_raindrops__D4__be9da9d9ed2ddff8.jpg,0.049231238663196564,0.1606464684009552
Raindrops/train/evocargo_raindrops__D4__b1cd335673dc2b29.jpg,0.016880303621292114,0.10751423239707947
Raindrops/train/evocargo_raindrops__D3__8c4c9e73ef3a230e.jpg,-0.009297819808125496,0.05904150381684303
Raindrops/train/evocargo_raindrops__D4__05cd3a02120ebb26.jpg,0.04860251396894455,0.166286900639534
Raindrops/train/evocargo_raindrops__D4__8cdb179498f9cf67.jpg,0.0531887486577034,0.12483512610197067
Raindrops/train/evocargo_raindrops__D3__c961f3635c01164c.jpg,0.051018696278333664,0.13779154419898987
Raindrops/train/evocargo_raindrops__D3__a7b970fd91cf9877.jpg,-0.0008422367973253131,0.03807138651609421
Raindrops/train/evocargo_raindrops__D4__13ee80fa71c2d21d.jpg,0.058539316058158875,0.2010890543460846
Raindrops/train/evocargo_raindrops__D4__f78422fce6ea4a99.jpg,0.049032509326934814,0.14490652084350586
Raindrops/train/evocargo_raindrops__D4__4f38bcf7acf184aa.jpg,0.03918089345097542,0.167894184589386
Raindrops/train/evocargo_raindrops__D4__bef902bcf2337890.jpg,0.022436995059251785,0.05689560994505882
Raindrops/train/evocargo_raindrops__D4__c374543ca05eceed.jpg,0.07834814488887787,0.25398343801498413
Raindrops/train/evocargo_raindrops__D3__f20a9412be222c10.jpg,0.020247764885425568,0.057262666523456573
Raindrops/train/evocargo_raindrops__D3__3ce1391dcf73f6c9.jpg,0.040897436439991,0.12795357406139374
Raindrops/train/evocargo_raindrops__D4__9c0a83b894eea702.jpg,0.0413295179605484,0.1430656909942627
Raindrops/train/evocargo_raindrops__D4__c1f6d00595b18766.jpg,0.04757265746593475,0.08861387521028519
Raindrops/train/cadc__2018_03_07_0006__57dbf24e8b62422f.jpg,0.07530541718006134,0.20745471119880676
Raindrops/train/evocargo_raindrops__D4__6286af83e8cd91da.jpg,0.08905630558729172,0.171885684132576
Raindrops/train/evocargo_raindrops__D4__7c3fbddd7c8c77a9.jpg,0.051508478820323944,0.12001831829547882
Raindrops/train/evocargo_raindrops__D3__8ab0d2d90c2dc799.jpg,0.058624498546123505,0.15111398696899414
Raindrops/train/evocargo_raindrops__D3__21a21da2461a3779.jpg,0.013313821516931057,0.0680839866399765
Raindrops/train/evocargo_raindrops__D4__978d9a50eb925a4f.jpg,0.09025365114212036,0.2547956109046936
Raindrops/train/evocargo_raindrops__D3__200fbad8ad670d4e.jpg,-0.005175430327653885,0.05764630436897278
Raindrops/train/evocargo_raindrops__D3__a259ec52b3004578.jpg,0.0024156984873116016,0.09190191328525543
Raindrops/train/evocargo_raindrops__D4__a83c51de9f2bd104.jpg,0.040415290743112564,0.09820707142353058
Raindrops/train/evocargo_raindrops__D3__8b815c16534c70b3.jpg,0.016110043972730637,0.058276593685150146
Raindrops/train/evocargo_raindrops__D3__d2bd17780b419eea.jpg,0.03365609049797058,0.2092539668083191
Raindrops/train/evocargo_raindrops__D4__72f64e5fbab41811.jpg,0.0602513886988163,0.30542755126953125
Raindrops/train/evocargo_raindrops__D3__4ea529f3234f50b4.jpg,0.037960197776556015,0.15742525458335876
Raindrops/train/evocargo_raindrops__D3__888cdcbcf3fb629c.jpg,-0.007298045326024294,0.05894814431667328
Raindrops/train/evocargo_raindrops__D4__fe53effb21b525a6.jpg,0.010324569419026375,0.10470318049192429
Raindrops/train/evocargo_raindrops__D4__b760ecb616e6f171.jpg,0.03466193377971649,0.09868612140417099
Raindrops/train/evocargo_raindrops__D4__b8ce700b04ac0d3e.jpg,0.013126024976372719,0.1199786514043808
Raindrops/train/evocargo_raindrops__D3__04dbd0c3f6944991.jpg,0.037382226437330246,0.10964924097061157
Raindrops/train/evocargo_raindrops__D4__a1f6e94632c5cf1e.jpg,0.028004538267850876,0.14238475263118744
Raindrops/train/evocargo_raindrops__D3__7f7534e6f02faf7f.jpg,-0.008138461038470268,0.0311446376144886
Raindrops/train/evocargo_raindrops__D3__408a421d3f675fd6.jpg,0.008058282546699047,0.06126951426267624
Raindrops/train/evocargo_raindrops__D3__6205037f35ba47c3.jpg,0.01988603174686432,0.06810100376605988
Raindrops/train/evocargo_raindrops__D3__c57eaef805648d4f.jpg,0.005073996726423502,0.07646721601486206
Raindrops/train/evocargo_raindrops__D4__ab9f7ad454b36124.jpg,0.10022515803575516,0.23158490657806396
Raindrops/train/evocargo_raindrops__D3__bd67cb9bff1f2734.jpg,-0.003769782604649663,0.06259962916374207
Raindrops/train/evocargo_raindrops__D3__3e06a185a9a22a9f.jpg,0.04172711446881294,0.12185481190681458
Raindrops/train/evocargo_raindrops__D4__84377b41b004b051.jpg,0.040556710213422775,0.09005223214626312
Raindrops/train/evocargo_raindrops__D3__f35a4fd346383a3b.jpg,0.008599892258644104,0.06662517786026001
Raindrops/train/evocargo_raindrops__D3__1fc5d540456c901f.jpg,0.0002974460367113352,0.11464440822601318
Raindrops/train/evocargo_raindrops__D3__0784c58952619e19.jpg,0.037828609347343445,0.08435691893100739
Raindrops/train/evocargo_raindrops__D4__0ee0943b7bc11069.jpg,0.030083023011684418,0.16110822558403015
Raindrops/train/evocargo_raindrops__D3__aa72aa4dcd2d97bc.jpg,-0.010074184276163578,0.06845617294311523
Raindrops/train/evocargo_raindrops__D4__1165c3fd44ec4630.jpg,0.09535429626703262,0.2164936065673828
Raindrops/train/evocargo_raindrops__D4__0f4637e090356f82.jpg,0.06758572161197662,0.19898013770580292
Raindrops/train/evocargo_raindrops__D4__ffcab79558962ab8.jpg,0.07442337274551392,0.14287784695625305
Raindrops/train/evocargo_raindrops__D4__f8553be5f1f8620f.jpg,0.09540123492479324,0.20108860731124878
Raindrops/train/evocargo_raindrops__D3__0e25d4c2db9c3ef3.jpg,0.026146600022912025,0.15011748671531677
Raindrops/train/evocargo_raindrops__D3__b1b0401d6efdd3b2.jpg,0.028421230614185333,0.08007839322090149
Raindrops/train/evocargo_raindrops__D4__0f19f4cf329cf6af.jpg,0.027754846960306168,0.06627295166254044
Raindrops/train/evocargo_raindrops__D3__617d3506c6224755.jpg,0.011869808658957481,0.08986702561378479
Raindrops/train/evocargo_raindrops__D4__4257928c72047cf8.jpg,0.07400913536548615,0.229172021150589
Raindrops/train/evocargo_raindrops__D3__8e698559c5c6c79a.jpg,0.0037164578679949045,0.06968087702989578
Raindrops/train/evocargo_raindrops__D3__d0c67d87dcd0d416.jpg,0.04562759026885033,0.10678274929523468
Raindrops/train/evocargo_raindrops__D3__3b5efc3eefbf17f9.jpg,0.026333145797252655,0.12523140013217926
Raindrops/train/evocargo_raindrops__D3__6583e9608baf8713.jpg,0.024433620274066925,0.09318853914737701
Raindrops/train/evocargo_raindrops__D3__6a50f47a5b6b0117.jpg,0.025958888232707977,0.09748995304107666
Raindrops/train/evocargo_raindrops__D4__3c6cc4e4377ec3e5.jpg,0.03497184067964554,0.08391905575990677
Raindrops/train/evocargo_raindrops__D4__6c32f94dfb93980e.jpg,0.029206154868006706,0.08205565810203552
Raindrops/train/evocargo_raindrops__D3__bf87987d087fb956.jpg,0.008998489007353783,0.05788391828536987
Raindrops/train/evocargo_raindrops__D3__8c4d6d661762f4cc.jpg,0.029239922761917114,0.09588627517223358
Raindrops/train/evocargo_raindrops__D3__674bcb6e83a8acfd.jpg,0.008472156710922718,0.05129866302013397
Raindrops/train/evocargo_raindrops__D3__20c416e28346cb8f.jpg,0.003838489530608058,0.06361623853445053
Raindrops/train/evocargo_raindrops__D3__a72e8f3ca12eebf5.jpg,0.029001835733652115,0.08108198642730713
Raindrops/train/evocargo_raindrops__D3__7647b2fc1c197c0d.jpg,0.04402928054332733,0.22543391585350037
Raindrops/train/evocargo_raindrops__D3__42f9bd036266da1d.jpg,0.015518114902079105,0.07427340745925903
Raindrops/train/cadc__2018_03_07_0001__73b7999a8413d273.jpg,0.2748589515686035,0.6512840986251831
Raindrops/train/evocargo_raindrops__D4__afad7bcffbe84c03.jpg,0.037891458719968796,0.08959372341632843
Raindrops/train/evocargo_raindrops__D3__de0499868ebbf9fa.jpg,0.017762482166290283,0.08138081431388855
Raindrops/train/evocargo_raindrops__D4__bb98ba640c7d3a46.jpg,0.007870638743042946,0.08688798546791077
Raindrops/train/evocargo_raindrops__D3__f86e3ac9110b5be1.jpg,0.038476694375276566,0.08697397261857986
Raindrops/train/evocargo_raindrops__D4__ade4fe972f8bb86b.jpg,0.08074909448623657,0.14101287722587585
Raindrops/train/evocargo_raindrops__D3__fc5b4c2939176864.jpg,0.03394141048192978,0.07448655366897583
Raindrops/train/evocargo_raindrops__D4__a3080c5dd7dcc6c9.jpg,0.012272417545318604,0.08728153258562088
Raindrops/train/evocargo_raindrops__D4__cd10a340633f9ebf.jpg,0.06750261038541794,0.23458749055862427
Raindrops/train/evocargo_raindrops__D4__57b74a4f58d2d14e.jpg,0.02777170017361641,0.08491441607475281
Raindrops/train/evocargo_raindrops__D4__d03775991a5d667c.jpg,0.1754765808582306,0.31789037585258484
Raindrops/train/evocargo_raindrops__D4__dc3bb46509947638.jpg,0.03266769275069237,0.14150473475456238
Raindrops/train/evocargo_raindrops__D4__718249abadf0dcd0.jpg,0.02061355486512184,0.06617555022239685
Raindrops/train/evocargo_raindrops__D3__1cb191e653d74656.jpg,0.06949285417795181,0.1540253460407257
Raindrops/train/evocargo_raindrops__D4__aa5f894e7d0b1236.jpg,0.0013290148926898837,0.15704675018787384
Raindrops/train/evocargo_raindrops__D4__9625392d1dc38e4d.jpg,0.1183846965432167,0.26315760612487793
Raindrops/train/evocargo_raindrops__D3__ec7359b5f096a21c.jpg,-0.004722274839878082,0.12127548456192017
Raindrops/train/evocargo_raindrops__D3__52c58935042a300e.jpg,0.025019686669111252,0.09742695093154907
Raindrops/train/evocargo_raindrops__D3__e141bff9bfc29c57.jpg,0.002787432400509715,0.06619046628475189
Raindrops/train/evocargo_raindrops__D3__09786bba02255e3a.jpg,0.012071559205651283,0.03763222321867943
Raindrops/train/evocargo_raindrops__D4__d68c61d60c9d8529.jpg,0.08156736940145493,0.31365060806274414
Raindrops/train/evocargo_raindrops__D4__fb45d1e2c746261c.jpg,0.03392111137509346,0.2765919268131256
Raindrops/train/evocargo_raindrops__D3__6aeb5aef2ee529b7.jpg,0.012208483181893826,0.07286614179611206
Raindrops/train/cadc__2018_03_07_0006__b80cac7094ab5156.jpg,0.07973827421665192,0.1456638127565384
Raindrops/train/cadc__2018_03_07_0006__27af770e94a6018a.jpg,0.06430293619632721,0.0866842269897461
Raindrops/train/evocargo_raindrops__D3__a2e2847f284a2574.jpg,0.07514376938343048,0.1706864833831787
Raindrops/train/evocargo_raindrops__D3__bc392ab16bbd31e5.jpg,0.010149816051125526,0.05567581579089165
Raindrops/train/evocargo_raindrops__D3__374138b6a5b2afcf.jpg,0.07028040289878845,0.13872796297073364
Raindrops/train/evocargo_raindrops__D3__b8cff24e5550c034.jpg,-0.0068876310251653194,0.04801041632890701
Raindrops/train/evocargo_raindrops__D3__5f587a5a8d896a78.jpg,0.025131141766905785,0.07032327353954315
Raindrops/train/evocargo_raindrops__D3__e27026387d48c170.jpg,0.02963470295071602,0.11757273972034454
Raindrops/train/evocargo_raindrops__D3__a8d5c96d6579adda.jpg,0.03455387428402901,0.06729616224765778
Raindrops/train/evocargo_raindrops__D3__1b0e380b8a59f541.jpg,0.008259928785264492,0.08574861288070679
Raindrops/train/evocargo_raindrops__D4__5523bbe63ec0827b.jpg,0.041724637150764465,0.11053664982318878
Raindrops/train/evocargo_raindrops__D3__fe0a367ebe764050.jpg,-0.00014558191469404846,0.05720612406730652
Raindrops/train/evocargo_raindrops__D3__ef0a690bf5063742.jpg,0.009543778374791145,0.08312435448169708
Raindrops/train/evocargo_raindrops__D4__427925cdd021f34d.jpg,0.058060042560100555,0.13558073341846466
Raindrops/train/evocargo_raindrops__D3__842428c66fe01686.jpg,0.010392752476036549,0.05697883665561676
Raindrops/train/evocargo_raindrops__D4__7acb03af8308a1ba.jpg,-0.03299558162689209,0.29389679431915283
Raindrops/train/evocargo_raindrops__D3__38a4c0faf45f4f66.jpg,0.030193094164133072,0.0814538449048996
Raindrops/train/evocargo_raindrops__D3__9fb29f30ea0f0eb6.jpg,0.012600906193256378,0.09374965727329254
Raindrops/train/cadc__2018_03_07_0001__ec4ab4d51e354a6a.jpg,0.10510271787643433,0.4416637420654297
Raindrops/train/evocargo_raindrops__D3__6c1e045a772655cd.jpg,-0.0064446949400007725,0.05982930213212967
Raindrops/train/evocargo_raindrops__D4__6e36310a2b496bff.jpg,0.1517300307750702,0.3243841826915741
Raindrops/train/cadc__2018_03_07_0001__118c804fbf385c78.jpg,0.10936832427978516,0.513649046421051
Raindrops/train/evocargo_raindrops__D3__4c545d96c7675fff.jpg,0.036061253398656845,0.13755947351455688
Raindrops/train/evocargo_raindrops__D4__ed9f1c51e22659fa.jpg,-0.011333901435136795,0.33934634923934937
Raindrops/train/evocargo_raindrops__D4__20688670a57f2cd5.jpg,0.08829134702682495,0.30120596289634705
Raindrops/train/evocargo_raindrops__D4__8bb7027f6b708fbd.jpg,0.07033319771289825,0.2675246000289917
Raindrops/train/evocargo_raindrops__D4__56bb721ff716497c.jpg,0.09085756540298462,0.3256527781486511
Raindrops/train/evocargo_raindrops__D3__34d74b13ce963ddd.jpg,0.039264269173145294,0.18461303412914276
Raindrops/train/cadc__2018_03_07_0006__d5bc657a1ba7b64b.jpg,0.06663607805967331,0.15989995002746582
Raindrops/train/evocargo_raindrops__D3__0d1b455616589874.jpg,0.004368139430880547,0.0667419284582138
Raindrops/train/cadc__2018_03_07_0006__525ae918c794820b.jpg,0.06859363615512848,0.09359860420227051
Raindrops/train/evocargo_raindrops__D4__75c40bcdfc621d7d.jpg,0.05794346332550049,0.3424496352672577
Raindrops/train/evocargo_raindrops__D4__23a9b17a50e4dd62.jpg,0.03399408608675003,0.07394027709960938
Raindrops/train/evocargo_raindrops__D4__cb5dd84cce5e93b1.jpg,0.02160065248608589,0.0799325481057167
Raindrops/train/evocargo_raindrops__D3__8147f55a603dff74.jpg,0.007074170745909214,0.07571756839752197
Raindrops/train/evocargo_raindrops__D3__f42d28a663357f04.jpg,0.003707349533215165,0.05263085290789604
Raindrops/train/evocargo_raindrops__D3__91a03a42d72c9f51.jpg,0.003586704609915614,0.06855978071689606
Raindrops/train/evocargo_raindrops__D4__35055e29410cf2fb.jpg,0.04883681237697601,0.14119204878807068
Raindrops/train/evocargo_raindrops__D4__922b6f012b3cf206.jpg,0.06879253685474396,0.1602683812379837
Raindrops/train/evocargo_raindrops__D3__27dd4590c8675fe1.jpg,0.01164611428976059,0.11320529878139496
Raindrops/train/evocargo_raindrops__D4__faf1eaca01ea38c9.jpg,0.004230940714478493,0.0637412816286087
Raindrops/train/evocargo_raindrops__D4__4e66b81a506211ec.jpg,0.01603441871702671,0.08861927688121796
Raindrops/train/evocargo_raindrops__D3__c8a32f85125d89c2.jpg,-0.0017564459703862667,0.033851560205221176
Raindrops/train/evocargo_raindrops__D4__4cf8236c40030b23.jpg,0.02564614824950695,0.09753496199846268
Raindrops/train/evocargo_raindrops__D4__3b8ca15328e97ffc.jpg,0.03211785852909088,0.08548984676599503
Raindrops/train/evocargo_raindrops__D3__33b2f917a6af20d7.jpg,0.017989862710237503,0.07340122759342194
Raindrops/train/evocargo_raindrops__D3__0c6a9ec0cbd3838e.jpg,0.023002661764621735,0.06741814315319061
Raindrops/train/evocargo_raindrops__D3__d7b34bbe55f7d271.jpg,0.02539212629199028,0.1075737476348877
Raindrops/train/evocargo_raindrops__D3__6b535f259f64cb4a.jpg,0.0048632244579494,0.09402255713939667
Raindrops/train/cadc__2018_03_07_0001__87423482507fd9b0.jpg,0.18764659762382507,0.6384372711181641
Raindrops/train/evocargo_raindrops__D3__90b497277df89490.jpg,0.017896434292197227,0.08670273423194885
Raindrops/train/evocargo_raindrops__D4__bcbbfe51f6cc5ab2.jpg,0.07844674587249756,0.17427736520767212
Raindrops/train/evocargo_raindrops__D3__770d16a52b2c73f1.jpg,0.033129408955574036,0.08687040209770203
Raindrops/train/evocargo_raindrops__D3__7f7d90ed70d0a057.jpg,0.004201824776828289,0.11784394085407257
Raindrops/train/evocargo_raindrops__D4__d5a4ec58ccbf6571.jpg,0.01796599105000496,0.10682080686092377
Raindrops/train/evocargo_raindrops__D4__5e13e9f867859afc.jpg,0.015922842547297478,0.06384879350662231
Raindrops/train/evocargo_raindrops__D4__fbbad72d0e63d07f.jpg,0.04354973882436752,0.10131582617759705
Raindrops/train/evocargo_raindrops__D4__a6751e3e8c6a448a.jpg,0.08434196561574936,0.14995834231376648
Raindrops/train/evocargo_raindrops__D4__d8f15aa030b2f929.jpg,0.017239082604646683,0.089352548122406
Raindrops/train/evocargo_raindrops__D3__25c771d394b87c20.jpg,0.024923063814640045,0.09042318165302277
Raindrops/train/evocargo_raindrops__D4__543554f34648464e.jpg,0.1305045336484909,0.30006933212280273
Raindrops/train/cadc__2018_03_07_0001__5ccae109bc59092e.jpg,0.15929070115089417,0.5900113582611084
Raindrops/train/evocargo_raindrops__D4__e8509728daddd959.jpg,0.036022674292325974,0.0860917940735817
Raindrops/train/evocargo_raindrops__D3__ac5f71e594c17df9.jpg,0.005590127315372229,0.10669241845607758
Raindrops/train/evocargo_raindrops__D4__b8462f0477b3aa98.jpg,0.032755110412836075,0.11353610455989838
Raindrops/train/cadc__2018_03_07_0006__1feac16c7ef202c2.jpg,0.0418333075940609,0.05420936644077301
Raindrops/train/evocargo_raindrops__D3__f2bd4608175d40d5.jpg,0.00037236319622024894,0.07016080617904663
Raindrops/train/evocargo_raindrops__D4__17413a3ba910e4b1.jpg,0.07463885843753815,0.1998705118894577
Raindrops/train/evocargo_raindrops__D4__b2485eb4a1cdc378.jpg,0.002502969466149807,0.08822598308324814
Raindrops/train/evocargo_raindrops__D3__27f040904314b79c.jpg,0.015445886179804802,0.0642486959695816
Raindrops/train/evocargo_raindrops__D3__9de3305a437929d7.jpg,0.04030407965183258,0.19438184797763824
Raindrops/train/evocargo_raindrops__D3__e79123ff603db7dd.jpg,0.002641826868057251,0.059222131967544556
Raindrops/train/evocargo_raindrops__D4__b441d7e05c9025fe.jpg,0.07108111679553986,0.17306311428546906
Raindrops/train/evocargo_raindrops__D3__c47416fef244376d.jpg,0.039421726018190384,0.11531463265419006
Raindrops/train/evocargo_raindrops__D3__97a8d2d86c778047.jpg,0.05237571895122528,0.18855257332324982
Raindrops/train/evocargo_raindrops__D3__ae1a6e2369a640ec.jpg,0.013983651995658875,0.07342468947172165
Raindrops/train/evocargo_raindrops__D4__6271fbd1e980cc9a.jpg,0.038461729884147644,0.13345353305339813
Raindrops/train/evocargo_raindrops__D4__531cf95a9ff2ab8f.jpg,0.03247680887579918,0.1077759638428688
Raindrops/train/evocargo_raindrops__D4__6f9403477fbd26ca.jpg,0.04047135263681412,0.10503986477851868
Raindrops/train/evocargo_raindrops__D3__a1789e44922eef3e.jpg,0.03313300013542175,0.09398551285266876
Raindrops/train/evocargo_raindrops__D3__6f94d7d457c7c8cb.jpg,0.021862298250198364,0.07426054775714874
Raindrops/train/evocargo_raindrops__D4__ead9adf9fa70aa33.jpg,0.07332159578800201,0.20037683844566345
Raindrops/train/evocargo_raindrops__D4__e14dcad691a22899.jpg,0.03710288554430008,0.20304879546165466
Raindrops/train/evocargo_raindrops__D4__2ebe8e97b0e927ea.jpg,0.07532986998558044,0.22896046936511993
Raindrops/train/evocargo_raindrops__D4__d765dbd1845b128d.jpg,0.05263928323984146,0.09804613143205643
Raindrops/train/evocargo_raindrops__D3__160ec9c4e607f165.jpg,0.027311772108078003,0.09334081411361694
Raindrops/train/evocargo_raindrops__D3__180c932cfcb4ae1a.jpg,0.052306242287158966,0.1126488745212555
Raindrops/train/evocargo_raindrops__D3__1f5d3586f45ed412.jpg,-0.017342673614621162,0.08839339017868042
Raindrops/train/evocargo_raindrops__D4__8ed08441c3e62263.jpg,0.05542265623807907,0.16977286338806152
Raindrops/train/evocargo_raindrops__D4__7d9617166f6aa78b.jpg,0.10057045519351959,0.2656146287918091
Raindrops/train/evocargo_raindrops__D4__3d3034dc1b18a616.jpg,0.03182850778102875,0.09037457406520844
Raindrops/train/evocargo_raindrops__D3__fcd85e71463e1664.jpg,0.01331455446779728,0.09692433476448059
Raindrops/train/evocargo_raindrops__D4__56fe8bf831928ed0.jpg,0.07357156276702881,0.21104423701763153
Raindrops/train/evocargo_raindrops__D3__671e6e9e88ad6655.jpg,0.01473923958837986,0.08119256794452667
Raindrops/train/evocargo_raindrops__D4__f47a547a4de6fea8.jpg,0.039802804589271545,0.13759206235408783
Raindrops/train/evocargo_raindrops__D4__3c92f01567dcfd53.jpg,0.01938287727534771,0.07465038448572159
Raindrops/train/evocargo_raindrops__D3__a30460f0f45f156b.jpg,0.0368841215968132,0.13882267475128174
Raindrops/train/evocargo_raindrops__D3__cb0908370790637d.jpg,-0.01020891685038805,0.030785424634814262
Raindrops/train/evocargo_raindrops__D3__7305db6084629084.jpg,0.032467320561409,0.11406844854354858
Raindrops/train/evocargo_raindrops__D4__247f87c06684f37b.jpg,0.09945151209831238,0.34204360842704773
Raindrops/train/evocargo_raindrops__D4__3399dde5641c9050.jpg,0.06740310788154602,0.14775362610816956
Raindrops/train/evocargo_raindrops__D3__638462ed69561609.jpg,0.013977937400341034,0.10127770900726318
Raindrops/train/evocargo_raindrops__D4__6d836baac9f89352.jpg,0.03683825582265854,0.15296126902103424
Raindrops/train/evocargo_raindrops__D4__4000c12ab2781174.jpg,0.012953869998455048,0.10802563279867172
Raindrops/train/evocargo_raindrops__D4__0ae183bc8d7e6e2c.jpg,0.03732718154788017,0.0848207026720047
Raindrops/train/evocargo_raindrops__D4__3fabc995176a5aa4.jpg,0.05966229736804962,0.17170977592468262
Raindrops/train/evocargo_raindrops__D3__61cd893ff89ba906.jpg,0.01810968853533268,0.06749647855758667
Raindrops/train/evocargo_raindrops__D3__79a2d3b85e616c48.jpg,0.008354444056749344,0.0327160581946373
Raindrops/train/evocargo_raindrops__D3__f544022189b4ba29.jpg,0.0917358249425888,0.17149090766906738
Raindrops/train/evocargo_raindrops__D3__4a0045a441dc38f1.jpg,-0.01204443909227848,0.024934619665145874
Raindrops/train/evocargo_raindrops__D4__e48dfc5931f73270.jpg,0.031260933727025986,0.10834712535142899
Raindrops/train/evocargo_raindrops__D4__348ff1506cdf7a7c.jpg,0.07931186258792877,0.24300262331962585
Raindrops/train/evocargo_raindrops__D3__3f709c413d27cce8.jpg,0.008356181904673576,0.08198565244674683
Raindrops/train/evocargo_raindrops__D4__437c702676d06a00.jpg,0.0905885249376297,0.19062724709510803
Raindrops/train/evocargo_raindrops__D3__0d866946ec3c3eb3.jpg,0.0027073672972619534,0.09013879299163818
Raindrops/train/evocargo_raindrops__D3__3e07aec9d782e50b.jpg,0.007622548844665289,0.07128775119781494
Raindrops/train/evocargo_raindrops__D3__cea6febc38c50301.jpg,0.06034224107861519,0.24780184030532837
Raindrops/train/evocargo_raindrops__D3__f6cf2f75917ad096.jpg,-0.007173774763941765,0.0490165650844574
Raindrops/train/evocargo_raindrops__D4__dc55685d4be2d95e.jpg,-0.015928728505969048,0.3566063642501831
Raindrops/train/evocargo_raindrops__D4__6d89c030e703e7a4.jpg,0.08872252702713013,0.15431876480579376
Raindrops/train/evocargo_raindrops__D4__e96332fa83bc5321.jpg,0.03849253058433533,0.1373928189277649
Raindrops/train/evocargo_raindrops__D3__7976b0098b165514.jpg,-0.009561900049448013,0.09627598524093628
Raindrops/train/evocargo_raindrops__D3__eeef84d53e6bead3.jpg,0.025075292214751244,0.15156283974647522
Raindrops/train/evocargo_raindrops__D3__8ec841a1bc1e3a9f.jpg,0.0395372174680233,0.10213319957256317
Raindrops/train/evocargo_raindrops__D3__eb364bb4aca48ca6.jpg,0.014221906661987305,0.0776001513004303
Raindrops/train/evocargo_raindrops__D4__a73670650a037061.jpg,0.05358749255537987,0.11314187943935394
Raindrops/train/evocargo_raindrops__D4__09e05fe7aebf94b4.jpg,0.019227826967835426,0.11101142317056656
Raindrops/train/evocargo_raindrops__D3__f6d65f5c4658f041.jpg,0.011618152260780334,0.09001443535089493
Raindrops/train/evocargo_raindrops__D3__9e61a6fefd286ea3.jpg,0.016912609338760376,0.04903261363506317
Raindrops/train/evocargo_raindrops__D3__efd8e6b9293d5625.jpg,0.0007978157373145223,0.07167040556669235
Raindrops/train/evocargo_raindrops__D4__53d0d47bfab63753.jpg,0.06126455217599869,0.16182106733322144
Raindrops/train/evocargo_raindrops__D4__a71e0e1ff370f426.jpg,0.11817824840545654,0.22425392270088196
Raindrops/train/evocargo_raindrops__D3__5712cff02f7e8723.jpg,0.03655123710632324,0.0965520441532135
Raindrops/train/evocargo_raindrops__D3__d1c838515ee702e6.jpg,0.03791453689336777,0.09990863502025604
Raindrops/train/evocargo_raindrops__D3__7289e130cca731d2.jpg,-0.0016893625725060701,0.043146491050720215
Raindrops/train/evocargo_raindrops__D3__d11fb6b6e7297b13.jpg,0.030302997678518295,0.12564149498939514
Raindrops/train/evocargo_raindrops__D3__0e529818a7b03651.jpg,-0.0003524544881656766,0.12289319187402725
Raindrops/train/evocargo_raindrops__D3__f12319b32a3d3487.jpg,0.057514581829309464,0.10841025412082672
Raindrops/train/evocargo_raindrops__D3__495269e4ae05a910.jpg,0.03879137337207794,0.1803220808506012
Raindrops/train/evocargo_raindrops__D3__1747ddd87c38dc6e.jpg,-0.006943242624402046,0.054279983043670654
Raindrops/train/evocargo_raindrops__D4__a6b476dbca7c72e9.jpg,0.04577379673719406,0.16815966367721558
Raindrops/train/evocargo_raindrops__D4__82e6a422a690b7f4.jpg,0.06744030863046646,0.18014107644557953
Raindrops/train/evocargo_raindrops__D3__82406d335eae1537.jpg,-0.011397186666727066,0.04458233714103699
Raindrops/train/evocargo_raindrops__D4__eeca8e92942434fe.jpg,0.053095802664756775,0.15448373556137085
Raindrops/train/evocargo_raindrops__D3__d97e234b50c98a8a.jpg,0.0268726609647274,0.09827999770641327
Raindrops/train/evocargo_raindrops__D4__76336087fb557b32.jpg,0.08382631838321686,0.19362643361091614
Raindrops/train/evocargo_raindrops__D3__9e9cc6d36ccfe9a1.jpg,0.03189967945218086,0.09603209793567657
Raindrops/train/evocargo_raindrops__D4__b0de26df9bef3473.jpg,0.007252085022628307,0.06366845220327377
Raindrops/train/cadc__2018_03_07_0006__38e491a71346773d.jpg,0.06530050188302994,0.2397017627954483
Raindrops/train/evocargo_raindrops__D3__8b91a90f003d80eb.jpg,0.02280944027006626,0.08417510986328125
Raindrops/train/evocargo_raindrops__D3__f3712a164a5fe1af.jpg,0.020175769925117493,0.09319068491458893
Raindrops/train/evocargo_raindrops__D3__a42e7b5b226ec0d3.jpg,0.018176933750510216,0.0625716894865036
Raindrops/train/evocargo_raindrops__D4__5a9b269fb5150cae.jpg,0.020129160955548286,0.09093331545591354
Raindrops/train/evocargo_raindrops__D4__db863c39047cdd23.jpg,0.030469126999378204,0.08628037571907043
Raindrops/train/evocargo_raindrops__D3__bbd3565807e6f833.jpg,0.0026503331027925014,0.05743536353111267
Raindrops/train/evocargo_raindrops__D4__ac6dec28c24c8b31.jpg,0.036359675228595734,0.10309819132089615
Raindrops/train/evocargo_raindrops__D4__b4ea033f806a734e.jpg,0.031533267349004745,0.08111065626144409
Raindrops/train/evocargo_raindrops__D4__66e57102e3286b53.jpg,0.035200588405132294,0.10555081069469452
Raindrops/train/evocargo_raindrops__D3__ebb119aae254c21c.jpg,-0.005147239658981562,0.0658462643623352
Raindrops/train/evocargo_raindrops__D3__3fda0ffeeca02813.jpg,0.003172636264935136,0.06467266380786896
Raindrops/train/evocargo_raindrops__D4__be96aa6f0e952e76.jpg,0.07265117764472961,0.1685652881860733
Raindrops/train/evocargo_raindrops__D3__8a0f4a5148a0d025.jpg,0.015817463397979736,0.08130297064781189
Raindrops/train/evocargo_raindrops__D3__781462c92cb5910b.jpg,0.021437544375658035,0.08170907199382782
Raindrops/train/evocargo_raindrops__D3__b14c8ff7a549de42.jpg,0.039600588381290436,0.126056507229805
Raindrops/train/evocargo_raindrops__D3__21af84fe187aad08.jpg,0.04885607212781906,0.10137716680765152
Raindrops/train/evocargo_raindrops__D4__79143fb758dbd4b5.jpg,-0.10319195687770844,0.3049895763397217
Raindrops/train/cadc__2018_03_07_0001__f79671513da145f4.jpg,0.24674013257026672,0.6306521892547607
Raindrops/train/evocargo_raindrops__D3__41256b7d9c85f214.jpg,0.03880269080400467,0.08125293254852295
Raindrops/train/evocargo_raindrops__D4__bba1355c811bc413.jpg,0.06530541181564331,0.19237172603607178
Raindrops/train/evocargo_raindrops__D4__665c25948f4e35bc.jpg,0.039503224194049835,0.09058663249015808
Raindrops/train/evocargo_raindrops__D3__31dc316852e10bc7.jpg,0.0016429679235443473,0.03994867578148842
Raindrops/train/evocargo_raindrops__D4__b4102b0f48e99a1e.jpg,0.0939938873052597,0.2944244146347046
Raindrops/train/evocargo_raindrops__D3__4a9230a4815e80ee.jpg,0.02439342811703682,0.08674116432666779
Raindrops/train/evocargo_raindrops__D4__d9b053563f73b055.jpg,0.02263256162405014,0.07092456519603729
Raindrops/train/evocargo_raindrops__D4__598fffc36d8faa11.jpg,0.035348035395145416,0.13250815868377686
Raindrops/train/evocargo_raindrops__D3__42faba987e505430.jpg,0.016893621534109116,0.06733040511608124
Raindrops/train/evocargo_raindrops__D4__df85b914baa0b0f4.jpg,-0.026853572577238083,0.326957106590271
Raindrops/train/evocargo_raindrops__D4__44de8ec7fa775ff1.jpg,0.09758195281028748,0.34060755372047424
Raindrops/train/cadc__2018_03_07_0006__b9d538508708f778.jpg,0.06635869294404984,0.1392856240272522
Raindrops/train/evocargo_raindrops__D4__d4d7b4d0088872ce.jpg,0.12947840988636017,0.382977694272995
Raindrops/train/evocargo_raindrops__D4__84c6e5d6aa26135d.jpg,0.06125032156705856,0.14280638098716736
Raindrops/train/evocargo_raindrops__D3__c6322997f0e0bae2.jpg,0.039947547018527985,0.08114944398403168
Raindrops/train/evocargo_raindrops__D4__2c7a9c4d2cc09785.jpg,0.0606481209397316,0.14844605326652527
Raindrops/train/evocargo_raindrops__D4__4316173d16a98646.jpg,0.02934296801686287,0.12258511781692505
Raindrops/train/evocargo_raindrops__D4__166e1fc1d10d0e18.jpg,0.04033651202917099,0.16415917873382568
Raindrops/train/evocargo_raindrops__D4__64f5c39834f3b34f.jpg,0.061146095395088196,0.15428148210048676
Raindrops/train/evocargo_raindrops__D3__ce7260dc0761c92a.jpg,-0.014776626601815224,0.030103279277682304
Raindrops/train/evocargo_raindrops__D3__526ce13cc8778adf.jpg,0.03582487255334854,0.09471395611763
Raindrops/train/evocargo_raindrops__D4__88614c6eb0cf9033.jpg,0.04837305471301079,0.1405688226222992
Raindrops/train/evocargo_raindrops__D4__805b47302f0cff2f.jpg,0.12825927138328552,0.3444589376449585
Raindrops/train/evocargo_raindrops__D3__14a09068b6b17174.jpg,0.0027475617825984955,0.08108189702033997
Raindrops/train/evocargo_raindrops__D3__9e7ca614c4b9f6b9.jpg,0.03202274441719055,0.10698674619197845
Raindrops/train/evocargo_raindrops__D4__6c1a34732f5b7bb3.jpg,0.01756662130355835,0.07329641282558441
Raindrops/train/evocargo_raindrops__D3__9df557f2932f2ad3.jpg,-0.0001914449967443943,0.05251992493867874
Raindrops/train/evocargo_raindrops__D3__66929b6a22e161e3.jpg,0.022168686613440514,0.07933412492275238
Raindrops/train/evocargo_raindrops__D4__787d47d20442da64.jpg,0.07888200879096985,0.3235217332839966
Raindrops/train/evocargo_raindrops__D3__ab38f41b99644f37.jpg,0.04768757149577141,0.21849733591079712
Raindrops/train/evocargo_raindrops__D3__162b7b2248468b51.jpg,0.012089967727661133,0.08820131421089172
Raindrops/train/evocargo_raindrops__D4__6676e5bb3a22f688.jpg,0.01106543280184269,0.11176764965057373
Raindrops/train/evocargo_raindrops__D3__e6655674a15767b0.jpg,0.01131831668317318,0.06399036943912506
Raindrops/train/evocargo_raindrops__D4__72b5980b69df0b64.jpg,0.039428677409887314,0.08537045121192932
Raindrops/train/evocargo_raindrops__D4__3584307287f6009f.jpg,0.07783812284469604,0.20792514085769653
Raindrops/train/evocargo_raindrops__D3__8a3c70da2abc5774.jpg,0.021084759384393692,0.07486341148614883
Raindrops/train/evocargo_raindrops__D4__9cf9b490399a3465.jpg,0.048527270555496216,0.1236530989408493
Raindrops/train/evocargo_raindrops__D3__b64684a08ec2b73b.jpg,0.012544646859169006,0.053597208112478256
Raindrops/train/evocargo_raindrops__D4__6bb304314544a1e0.jpg,0.027760189026594162,0.06360064446926117
Raindrops/train/cadc__2018_03_07_0001__c9ab059b1a277859.jpg,0.17718076705932617,0.47561222314834595
Raindrops/train/evocargo_raindrops__D4__60732a2ad80979ae.jpg,0.032672181725502014,0.08747634291648865
Raindrops/train/evocargo_raindrops__D4__10264e84c8afdf01.jpg,0.043560124933719635,0.14145836234092712
Raindrops/train/evocargo_raindrops__D3__1810a4e7603ab7e7.jpg,0.027729375287890434,0.09971815347671509
Raindrops/train/evocargo_raindrops__D4__364f05e2040f2eb4.jpg,0.02028016373515129,0.17044129967689514
Raindrops/train/evocargo_raindrops__D3__4035bbea019c1fb3.jpg,0.008351210504770279,0.08800262212753296
Raindrops/train/evocargo_raindrops__D3__6613464561a5c85c.jpg,0.01550294365733862,0.0769093930721283
Raindrops/train/evocargo_raindrops__D3__7af954539781e27f.jpg,0.054141897708177567,0.17568841576576233
Raindrops/train/evocargo_raindrops__D4__586b83819b9a04f8.jpg,0.16879960894584656,0.406475305557251
Raindrops/train/evocargo_raindrops__D4__e7f1b87641140816.jpg,0.03405751287937164,0.07615562528371811
Raindrops/train/evocargo_raindrops__D4__76ea5e7d98eee978.jpg,0.01748570054769516,0.1325674057006836
Raindrops/train/evocargo_raindrops__D3__62f08ea904671a89.jpg,0.04739350453019142,0.14799711108207703
Raindrops/train/evocargo_raindrops__D4__80bc683f0475d7b8.jpg,0.051980774849653244,0.16477766633033752
Raindrops/train/evocargo_raindrops__D3__bc6b9ff2ffb91a9f.jpg,0.016950055956840515,0.07595492899417877
Raindrops/train/evocargo_raindrops__D3__bd8fe41e7b16f7b9.jpg,0.019172102212905884,0.11664395034313202
Raindrops/train/evocargo_raindrops__D3__47f5f9efcfb63f3a.jpg,0.0014546196907758713,0.0655238926410675
Raindrops/train/evocargo_raindrops__D3__30c84a654fac636b.jpg,0.04865607991814613,0.2366369664669037
Raindrops/train/evocargo_raindrops__D4__863049f9faa26b98.jpg,0.0339132659137249,0.06423304975032806
Raindrops/train/evocargo_raindrops__D3__19706ae52d8d8157.jpg,0.040267255157232285,0.10261952877044678
Raindrops/train/evocargo_raindrops__D4__44f94b1bd16b2c89.jpg,0.07464241981506348,0.16189560294151306
Raindrops/train/evocargo_raindrops__D4__bca39f30c5de378c.jpg,0.046940356492996216,0.1448332518339157
Raindrops/train/evocargo_raindrops__D4__43fcd840731c8130.jpg,0.03050873428583145,0.09903442114591599
Raindrops/train/evocargo_raindrops__D3__79ea0ffde2444c63.jpg,0.02251162938773632,0.08233783394098282
Raindrops/train/evocargo_raindrops__D3__0e4d902f7e78147c.jpg,0.022281626239418983,0.08367446064949036
Raindrops/train/evocargo_raindrops__D4__963d4d50c91d8816.jpg,0.0741933062672615,0.26449647545814514
Raindrops/train/evocargo_raindrops__D3__e73c6a38b947f302.jpg,0.0004522467206697911,0.057800471782684326
Raindrops/train/evocargo_raindrops__D3__c9634d4ab79899c3.jpg,0.009302159771323204,0.05673200637102127
Raindrops/train/evocargo_raindrops__D3__73cdec2369586cb5.jpg,0.016172651201486588,0.11163513362407684
Raindrops/train/evocargo_raindrops__D3__ffcb8d46d71d0c9a.jpg,0.04521678760647774,0.10716690123081207
Raindrops/train/evocargo_raindrops__D3__39ab896aa2289209.jpg,0.0656435638666153,0.20023494958877563
Raindrops/train/evocargo_raindrops__D3__ecd6d9ed9d54dde3.jpg,-0.005836128257215023,0.04838956519961357
Raindrops/train/evocargo_raindrops__D3__dc8df546b5127b7d.jpg,0.01849009282886982,0.08252611756324768
Raindrops/train/evocargo_raindrops__D3__b035a9493119a972.jpg,0.019890397787094116,0.08365630358457565
Raindrops/train/cadc__2018_03_07_0006__5cb086a17e52de5c.jpg,0.07126112282276154,0.11243334412574768
Raindrops/train/evocargo_raindrops__D3__5924a3e6c71d9402.jpg,0.0011244589695706964,0.04609353095293045
Raindrops/train/evocargo_raindrops__D4__8a7229045404b7ee.jpg,0.12837669253349304,0.30196428298950195
Raindrops/train/evocargo_raindrops__D4__33107d66d93e036b.jpg,0.07182745635509491,0.1616697758436203
Raindrops/train/evocargo_raindrops__D4__51f2840113c97d3d.jpg,0.09075208753347397,0.31673896312713623
Raindrops/train/evocargo_raindrops__D3__b768722daf288079.jpg,0.014212592504918575,0.07769574224948883
Raindrops/train/evocargo_raindrops__D4__3c6fa32e5155ac31.jpg,0.033691536635160446,0.11191073805093765
Raindrops/train/evocargo_raindrops__D4__454fb347d4db7000.jpg,0.02208619937300682,0.0954875648021698
Raindrops/train/evocargo_raindrops__D3__7dbfdccbcff85eb3.jpg,0.026023881509900093,0.0822167694568634
Raindrops/train/cadc__2018_03_07_0006__e496bf8958304c8e.jpg,0.06433281302452087,0.10378848016262054
Raindrops/train/evocargo_raindrops__D3__177ba8dc6fed2a50.jpg,0.005711520090699196,0.04777367413043976
Raindrops/train/evocargo_raindrops__D4__c464c349fedb0eca.jpg,0.1084415465593338,0.3045598268508911
Raindrops/train/evocargo_raindrops__D4__a287e1e5b87a1a1f.jpg,0.0749271959066391,0.3325181305408478
Raindrops/train/evocargo_raindrops__D4__8c6968343acc2c36.jpg,0.01650628075003624,0.09340867400169373
Raindrops/train/evocargo_raindrops__D4__def7efb255f2908d.jpg,0.027885187417268753,0.09506827592849731
Raindrops/train/evocargo_raindrops__D4__46e55314837d3f38.jpg,0.015806475654244423,0.09410615265369415
Raindrops/train/evocargo_raindrops__D4__1967204e23f7c59c.jpg,0.03470723330974579,0.07954702526330948
Raindrops/train/evocargo_raindrops__D3__2ac35800c5783e40.jpg,0.013410169631242752,0.03269956260919571
Raindrops/train/evocargo_raindrops__D4__7b72351361a242a8.jpg,0.10265125334262848,0.15824544429779053
Raindrops/train/evocargo_raindrops__D4__8cb240c4c8ba4599.jpg,0.10645517706871033,0.23042598366737366
Raindrops/train/evocargo_raindrops__D4__502be787738cabce.jpg,0.007948318496346474,0.13283608853816986
Raindrops/train/evocargo_raindrops__D4__8a2347c338a17f23.jpg,0.024824265390634537,0.09599921107292175
Raindrops/train/evocargo_raindrops__D3__bd16ca51659e401c.jpg,0.01982986181974411,0.07545489072799683
Raindrops/train/evocargo_raindrops__D4__c8cb5ca01b1ad07e.jpg,0.07993651181459427,0.19228437542915344
Raindrops/train/evocargo_raindrops__D4__33f2182ad3c3ebd3.jpg,0.09246130287647247,0.20803594589233398
Raindrops/train/evocargo_raindrops__D4__94f4a75fc5d97ade.jpg,0.028433457016944885,0.08582904934883118
Raindrops/train/cadc__2018_03_07_0006__a03ee4f13ff14b72.jpg,0.07928240299224854,0.16346649825572968
Raindrops/train/evocargo_raindrops__D3__a619dd55e6acdc83.jpg,0.04049798101186752,0.2199539691209793
Raindrops/train/evocargo_raindrops__D3__efdff205e4417f8a.jpg,0.027028558775782585,0.09337305277585983
Raindrops/train/evocargo_raindrops__D3__bc2f68f3c84820b9.jpg,0.01729508861899376,0.055872440338134766
Raindrops/train/evocargo_raindrops__D4__09d33a030d5c242f.jpg,0.05214075744152069,0.15122026205062866
Raindrops/train/evocargo_raindrops__D3__6fda3d563721deef.jpg,0.017735624685883522,0.08177998661994934
Raindrops/train/evocargo_raindrops__D3__09ffe69a58c6167c.jpg,0.0008916717488318682,0.07015664875507355
Raindrops/train/evocargo_raindrops__D3__7543f825a4db82f9.jpg,0.03598370403051376,0.07640042901039124
Raindrops/train/evocargo_raindrops__D3__e05573566acfccfd.jpg,0.03515467792749405,0.09238952398300171
Raindrops/train/evocargo_raindrops__D3__b52b979bac2733ad.jpg,0.012995010241866112,0.08118994534015656
Raindrops/train/evocargo_raindrops__D3__cfa2df77a200973f.jpg,0.02830357663333416,0.10502870380878448
Raindrops/train/evocargo_raindrops__D3__a33429e1d9400111.jpg,0.012108003720641136,0.06950514018535614
Raindrops/train/evocargo_raindrops__D3__6052dc76c5af3a51.jpg,0.00410467479377985,0.07962445914745331
Raindrops/train/evocargo_raindrops__D4__2dfdb26869c73211.jpg,0.054379530251026154,0.13519443571567535
Raindrops/train/evocargo_raindrops__D3__b5301faf25831329.jpg,0.00982038863003254,0.05404075235128403
Raindrops/train/evocargo_raindrops__D4__05be9000968e134b.jpg,0.02961384505033493,0.10145066678524017
Raindrops/train/evocargo_raindrops__D4__71f7af2f37831c1d.jpg,0.1277257204055786,0.2717936635017395
Raindrops/train/evocargo_raindrops__D4__09873464d0277703.jpg,0.14212468266487122,0.46564173698425293
Raindrops/train/evocargo_raindrops__D4__b6bc1be7fa25956c.jpg,0.0354863777756691,0.0921441987156868
Raindrops/train/evocargo_raindrops__D4__23c87647f432e830.jpg,0.02150474488735199,0.07949931919574738
Raindrops/train/evocargo_raindrops__D4__e118ec11ead5c122.jpg,0.04781908169388771,0.10538114607334137
Raindrops/train/evocargo_raindrops__D3__eef5bf80862b322b.jpg,0.014022593386471272,0.12727603316307068
Raindrops/train/evocargo_raindrops__D4__89c72949a6d38063.jpg,0.04151873290538788,0.10266771912574768
Raindrops/train/evocargo_raindrops__D3__9713790786409f2a.jpg,0.035114213824272156,0.13985700905323029
Raindrops/train/evocargo_raindrops__D3__5ef12e0179d24afd.jpg,0.023606393486261368,0.06771017611026764
Raindrops/train/evocargo_raindrops__D4__d1cba4143344ed4d.jpg,0.027762990444898605,0.08977563679218292
Raindrops/train/evocargo_raindrops__D4__dda3ba6f7a51e1e1.jpg,0.02081730030477047,0.09512907266616821
Raindrops/train/evocargo_raindrops__D4__9b2299410eb1ee20.jpg,0.03874906525015831,0.13712787628173828
Raindrops/train/evocargo_raindrops__D3__c9ac28dc57e8f3c6.jpg,0.028327923268079758,0.06927016377449036
Raindrops/train/evocargo_raindrops__D3__4e930de71c32a375.jpg,-0.0198857132345438,0.04394599795341492
Raindrops/train/evocargo_raindrops__D4__95e252d1f43f3271.jpg,0.07333672046661377,0.2510274052619934
Raindrops/train/evocargo_raindrops__D3__45c6b5f79217d146.jpg,0.0041437093168497086,0.05780612677335739
Raindrops/train/evocargo_raindrops__D4__8b3902383ab48bd0.jpg,0.0664462149143219,0.13551661372184753
Raindrops/train/evocargo_raindrops__D4__66ef6efc55825aa0.jpg,0.020498894155025482,0.077827587723732
Raindrops/train/evocargo_raindrops__D3__11ab12b83c818fc3.jpg,0.01879076100885868,0.07241356372833252
Raindrops/train/evocargo_raindrops__D4__8b36fd4d91dc584c.jpg,0.07309854030609131,0.270190954208374
Raindrops/train/evocargo_raindrops__D3__bb4df249db77777f.jpg,0.045285604894161224,0.11914479732513428
Raindrops/train/evocargo_raindrops__D4__4ba445d1dfaa80c0.jpg,0.007598889991641045,0.09811027348041534
Raindrops/train/evocargo_raindrops__D4__774bdb5c9e98796d.jpg,0.01556297019124031,0.04863659664988518
Raindrops/train/evocargo_raindrops__D3__7fdcb03067efce74.jpg,0.007416808046400547,0.09626267850399017
Raindrops/train/cadc__2018_03_07_0006__c1cd29cd433607d0.jpg,0.04569481313228607,0.0681251809000969
Raindrops/train/evocargo_raindrops__D4__8f8691f8522af006.jpg,0.04448124021291733,0.07338456809520721
Raindrops/train/evocargo_raindrops__D3__86ee3614de8bbcd5.jpg,0.014447551220655441,0.08759170770645142
Raindrops/train/evocargo_raindrops__D4__304949e7a4d4f42c.jpg,0.03794329985976219,0.09790100902318954
Raindrops/train/evocargo_raindrops__D3__6c654282a5d91c46.jpg,0.03490925580263138,0.06356602907180786
Raindrops/train/evocargo_raindrops__D3__9f6f59e944c251d6.jpg,0.04356099292635918,0.11196331679821014
Raindrops/train/evocargo_raindrops__D4__11f4ca5e3176fbf8.jpg,0.02542842924594879,0.08095429837703705
Raindrops/train/evocargo_raindrops__D3__a28fe6165811a2c3.jpg,-0.01215833704918623,0.04689141362905502
Raindrops/train/evocargo_raindrops__D4__129266aebc8e9d26.jpg,0.028764717280864716,0.1467592567205429
Raindrops/train/evocargo_raindrops__D3__f7cc00d97650a3ae.jpg,0.029793769121170044,0.09113174676895142
Raindrops/train/evocargo_raindrops__D4__c988bb5f7bcc67a5.jpg,0.045616887509822845,0.09546659886837006
Raindrops/train/evocargo_raindrops__D4__3ded803e9ca97b89.jpg,0.08590240776538849,0.26925593614578247
Raindrops/train/cadc__2018_03_07_0006__d9dab3e25505c93a.jpg,0.06182585656642914,0.08770078420639038
Raindrops/train/evocargo_raindrops__D3__5160cd67e8ec3985.jpg,0.0017892569303512573,0.13108953833580017
Raindrops/train/evocargo_raindrops__D4__a2f2b86640014d26.jpg,0.042155563831329346,0.09816651046276093
Raindrops/train/evocargo_raindrops__D3__ef0e5a67d51f990e.jpg,0.04377520829439163,0.09359082579612732
Raindrops/train/evocargo_raindrops__D4__f3c13d57b5379c65.jpg,0.11035250872373581,0.3729232847690582
Raindrops/train/cadc__2018_03_07_0006__a8ad5f4f27ffe250.jpg,0.06119395047426224,0.08939757943153381
Raindrops/train/evocargo_raindrops__D3__98cc5cfeb8a62b8f.jpg,0.021496031433343887,0.10101967304944992
Raindrops/train/evocargo_raindrops__D3__8675077f33c5f1a6.jpg,0.07295083999633789,0.15379205346107483
Raindrops/train/evocargo_raindrops__D4__4958384c54eaf4dd.jpg,0.054413434118032455,0.10770641267299652
Raindrops/train/evocargo_raindrops__D4__78c694b485d04281.jpg,0.012767818756401539,0.07896681129932404
Raindrops/train/evocargo_raindrops__D3__53c1de5054422715.jpg,0.02763337269425392,0.057518694549798965
Raindrops/train/evocargo_raindrops__D3__9e314c60c806dc56.jpg,0.04092463105916977,0.08152247965335846
Raindrops/train/evocargo_raindrops__D3__aa8251b8612ac995.jpg,0.012895711697638035,0.1157866045832634
Raindrops/train/evocargo_raindrops__D3__fdf30ad07fcc6f73.jpg,0.017534833401441574,0.1420498788356781
Raindrops/train/evocargo_raindrops__D3__6614e9410a10bc2f.jpg,-0.002799897687509656,0.04724181815981865
Raindrops/train/evocargo_raindrops__D4__cec275fa2f1106c1.jpg,0.11391521990299225,0.1926736980676651
Raindrops/train/evocargo_raindrops__D4__48d19be31102549e.jpg,0.08834429085254669,0.2609521746635437
Raindrops/train/evocargo_raindrops__D3__ffbf906ccc8a83db.jpg,0.001515837269835174,0.0546196848154068
Raindrops/train/evocargo_raindrops__D4__ccf3f635a1b4b246.jpg,0.0330578088760376,0.14338813722133636
Raindrops/train/evocargo_raindrops__D3__cb08268cf1bedecb.jpg,-0.00727688055485487,0.03240249305963516
Raindrops/train/evocargo_raindrops__D3__74afe7bbb3069b99.jpg,0.10465498268604279,0.22827233374118805
Raindrops/train/evocargo_raindrops__D3__6ecf49350ee5ecb7.jpg,-0.011008340865373611,0.05604388937354088
Raindrops/train/evocargo_raindrops__D3__a9ed618e5eb8ba4a.jpg,0.017899654805660248,0.05698520317673683
Raindrops/train/evocargo_raindrops__D3__fb1e5d0a74669a35.jpg,0.004503205418586731,0.06977684795856476
Raindrops/train/evocargo_raindrops__D3__1136068e02a6b1b3.jpg,0.021117690950632095,0.07445776462554932
Raindrops/train/evocargo_raindrops__D3__b06c9f3f6959dd15.jpg,-0.003856498748064041,0.034836545586586
Raindrops/train/evocargo_raindrops__D3__fb587c1ec8c3438a.jpg,0.015250328928232193,0.09484854340553284
Raindrops/train/evocargo_raindrops__D3__f7f42df4cb642896.jpg,0.028271101415157318,0.11822468787431717
Raindrops/train/evocargo_raindrops__D3__921ee860b9dfbcb7.jpg,0.01306646317243576,0.06900432705879211
Raindrops/train/evocargo_raindrops__D3__349f933313afdce1.jpg,-0.0038663512095808983,0.12649762630462646
Raindrops/train/evocargo_raindrops__D3__cb116388a6881d8f.jpg,0.0167180597782135,0.07227714359760284
Raindrops/train/evocargo_raindrops__D4__a976b4787635845d.jpg,0.09989702701568604,0.2008606195449829
Raindrops/train/evocargo_raindrops__D3__9cd0ac1057c206b5.jpg,0.02055773138999939,0.06357859820127487
Raindrops/train/cadc__2018_03_07_0001__7e95ab7ced34e504.jpg,0.1473921835422516,0.4635494649410248
Raindrops/train/evocargo_raindrops__D4__70499a94377fed72.jpg,0.0012837635586038232,0.0848478451371193
Raindrops/train/evocargo_raindrops__D4__10445813996e8d43.jpg,0.09091145545244217,0.22452136874198914
Raindrops/train/evocargo_raindrops__D3__c937c4acc305d6a1.jpg,0.006771688349545002,0.07698889076709747
Raindrops/train/evocargo_raindrops__D4__e82c9382b72d8ba4.jpg,0.042067550122737885,0.09477584809064865
Raindrops/train/evocargo_raindrops__D3__0082decf17291f84.jpg,0.02928285300731659,0.16314542293548584
Raindrops/train/evocargo_raindrops__D3__353bf97f443f287d.jpg,-0.008588183671236038,0.04160454124212265
Raindrops/train/evocargo_raindrops__D3__466f60fa74a5acf4.jpg,0.015229539014399052,0.10952562093734741
Raindrops/train/evocargo_raindrops__D4__e1f54f0c2f7fff2c.jpg,0.06391140818595886,0.1593656986951828
Raindrops/train/evocargo_raindrops__D3__f894c683268dcbea.jpg,0.04299120232462883,0.10301712155342102
Raindrops/train/evocargo_raindrops__D3__62bea2c408177af1.jpg,0.024323835968971252,0.08993132412433624
Raindrops/train/evocargo_raindrops__D4__26645f3ff01f58f6.jpg,0.017630234360694885,0.06477248668670654
Raindrops/train/evocargo_raindrops__D3__5b050f221c13df27.jpg,0.005252555012702942,0.032616645097732544
Raindrops/train/evocargo_raindrops__D3__3aedcc00ef6f1a80.jpg,0.01895931549370289,0.13131025433540344
Raindrops/train/evocargo_raindrops__D4__3700be488f0e06ae.jpg,-0.04699651151895523,0.2514444887638092
Raindrops/train/evocargo_raindrops__D3__2b060ecfeb9970ae.jpg,0.029097028076648712,0.08916383981704712
Raindrops/train/evocargo_raindrops__D3__7142cc63cd283201.jpg,0.005624496378004551,0.06840912997722626
Raindrops/train/evocargo_raindrops__D3__d7e656f10ecb93f0.jpg,0.019292980432510376,0.074562668800354
Raindrops/train/evocargo_raindrops__D4__e12e245e6907d7af.jpg,0.06052063778042793,0.16439375281333923
Raindrops/train/evocargo_raindrops__D4__f9c20674215ecce6.jpg,0.06292213499546051,0.12091893702745438
Raindrops/train/evocargo_raindrops__D3__24463fe9cc3bc16f.jpg,0.008088026195764542,0.0655154138803482
Raindrops/train/evocargo_raindrops__D4__69dbe1ef32bbd205.jpg,0.035762421786785126,0.15817658603191376
Raindrops/train/evocargo_raindrops__D4__c44a3d412765cc35.jpg,0.03652774542570114,0.11937816441059113
Raindrops/train/evocargo_raindrops__D4__effca6adaedf8579.jpg,0.13065963983535767,0.17764808237552643
Raindrops/train/evocargo_raindrops__D3__824f4a27920e37aa.jpg,0.01287645474076271,0.07342369854450226
Raindrops/train/evocargo_raindrops__D4__0697b4beb48cacb3.jpg,0.07591262459754944,0.3290272355079651
Raindrops/train/evocargo_raindrops__D4__7c83cd516c639bac.jpg,0.06387877464294434,0.14523422718048096
Raindrops/train/evocargo_raindrops__D3__434eaf6fddf61085.jpg,0.004987820982933044,0.05150483548641205
Raindrops/train/evocargo_raindrops__D4__48f288e063c1ab4f.jpg,0.10527931153774261,0.18948620557785034
Raindrops/train/evocargo_raindrops__D3__53bda67941d2e9ac.jpg,0.013725855387747288,0.0628143697977066
Raindrops/train/evocargo_raindrops__D3__3fe98275fcd31ea6.jpg,0.039369016885757446,0.13797836005687714
Raindrops/train/evocargo_raindrops__D4__d820514a560c3e97.jpg,0.0389939621090889,0.14128974080085754
Raindrops/train/evocargo_raindrops__D3__a1f7fded6e234e74.jpg,-0.0015245035756379366,0.045596394687891006
Raindrops/train/evocargo_raindrops__D3__571e4defcf00416f.jpg,0.06129579246044159,0.15100908279418945
Raindrops/train/evocargo_raindrops__D3__eafd344ca1a0667f.jpg,0.008699809201061726,0.06484581530094147
Raindrops/train/evocargo_raindrops__D3__c262f2416b3090b3.jpg,0.03402315452694893,0.10913780331611633
Raindrops/train/evocargo_raindrops__D3__a5447dfefe6f77b2.jpg,0.012305345386266708,0.05131475627422333
Raindrops/train/evocargo_raindrops__D3__fe12cd5852d1c5b3.jpg,0.02068447694182396,0.058672741055488586
Raindrops/train/evocargo_raindrops__D4__9b78c019c69ad0e3.jpg,0.026601441204547882,0.10012220591306686
Raindrops/train/evocargo_raindrops__D4__46346a13a7b16267.jpg,0.050366394221782684,0.21033340692520142
Raindrops/train/evocargo_raindrops__D3__b8b56f94c7b341ae.jpg,0.023908812552690506,0.10412107408046722
Raindrops/train/evocargo_raindrops__D4__99e650a87a9f2fec.jpg,0.07975541800260544,0.188705176115036
Raindrops/train/evocargo_raindrops__D4__502cacd8c7f0c3e0.jpg,0.04732171446084976,0.12966978549957275
Raindrops/train/evocargo_raindrops__D4__b71d8f8824ecc028.jpg,0.02827458456158638,0.0777241513133049
Raindrops/train/evocargo_raindrops__D3__234bfc6a23a6ead1.jpg,0.011038917116820812,0.07346614450216293
Raindrops/train/evocargo_raindrops__D3__0a1d6f0990e47747.jpg,0.016233032569289207,0.07539285719394684
Raindrops/train/evocargo_raindrops__D3__f81dd10686a32401.jpg,-0.0035885749384760857,0.08449713885784149
Raindrops/train/evocargo_raindrops__D4__ba034f24e47fbef9.jpg,0.024847719818353653,0.08694014698266983
Raindrops/train/evocargo_raindrops__D4__80c522beafae43c7.jpg,0.085399329662323,0.25898802280426025
Raindrops/train/evocargo_raindrops__D3__8846644d6ee8ad19.jpg,0.0026953574270009995,0.04696227237582207
Raindrops/train/cadc__2018_03_07_0006__6ae2f052065f8bdb.jpg,0.04480661451816559,0.09011039137840271
Raindrops/train/evocargo_raindrops__D4__220c1c323dc15369.jpg,0.06882242113351822,0.21132294833660126
Raindrops/train/evocargo_raindrops__D3__7f50fe03fcd009c8.jpg,0.022602129727602005,0.07184635102748871
Raindrops/train/evocargo_raindrops__D4__82270cbeded483b8.jpg,0.008985856547951698,0.05230259150266647
Raindrops/train/evocargo_raindrops__D4__429f9c8ef3784730.jpg,0.12226171791553497,0.3704320192337036
Raindrops/train/evocargo_raindrops__D3__bf31e815c5068ac0.jpg,0.02846342697739601,0.08658657968044281
Raindrops/train/evocargo_raindrops__D4__e3b59715bd91704e.jpg,0.02554299309849739,0.060753460973501205
Raindrops/train/evocargo_raindrops__D4__f69dc9b02c068de2.jpg,0.057028282433748245,0.09736257046461105
Raindrops/train/evocargo_raindrops__D4__d9882427c9b01670.jpg,0.08221647888422012,0.16638514399528503
Raindrops/train/evocargo_raindrops__D4__e7b70029c48c153e.jpg,0.07541073858737946,0.14049378037452698
Raindrops/train/evocargo_raindrops__D3__533fc81343cc34a3.jpg,0.0020344420336186886,0.07575549185276031
Raindrops/train/evocargo_raindrops__D4__519bc660628646f9.jpg,0.043354231864213943,0.1565873920917511
Raindrops/train/evocargo_raindrops__D3__31c76d5c176da51d.jpg,0.02787083201110363,0.08533482253551483
Raindrops/train/evocargo_raindrops__D3__f712c2838168776e.jpg,-0.0028487136587500572,0.03797948360443115
Raindrops/train/evocargo_raindrops__D4__30e1fdea64688f3f.jpg,0.08117364346981049,0.23262685537338257
Raindrops/train/evocargo_raindrops__D4__3d5f1606e9da6eff.jpg,0.10274942964315414,0.23556014895439148
Raindrops/train/evocargo_raindrops__D3__58474fa9144b96db.jpg,-0.012394487857818604,0.057729512453079224
Raindrops/train/evocargo_raindrops__D3__cf85f54618f74aa8.jpg,0.03987523913383484,0.08865287899971008
Raindrops/train/evocargo_raindrops__D3__1da8909bff162d77.jpg,0.028005331754684448,0.11387794464826584
Raindrops/train/evocargo_raindrops__D4__ad47871a891527d1.jpg,0.008528636768460274,0.12125027179718018
Raindrops/train/evocargo_raindrops__D3__c2028e95db308d47.jpg,0.038645148277282715,0.14004431664943695
Raindrops/train/evocargo_raindrops__D4__c44f965745dd03f7.jpg,0.03026367351412773,0.09574452042579651
Raindrops/train/evocargo_raindrops__D3__29fb543d7f18544e.jpg,0.03270094841718674,0.1113341897726059
Raindrops/train/evocargo_raindrops__D4__29d3e3af0e2935d1.jpg,0.11106609553098679,0.3303467035293579
Raindrops/train/evocargo_raindrops__D4__1739b1fdb513efb9.jpg,0.04750094562768936,0.09328459203243256
Raindrops/train/evocargo_raindrops__D4__b4eac2c439e4f29e.jpg,0.06448092311620712,0.09686867892742157
Raindrops/train/evocargo_raindrops__D4__36026b1316b7489b.jpg,0.08060203492641449,0.2408931851387024
Raindrops/train/evocargo_raindrops__D4__5d5a07d0c7186fab.jpg,0.07247436046600342,0.26118120551109314
Raindrops/train/evocargo_raindrops__D3__40ae5713fb7e1e5d.jpg,-0.011277256533503532,0.02450515888631344
Raindrops/train/evocargo_raindrops__D3__205ccbec536e72e1.jpg,0.03683982044458389,0.11199069023132324
Raindrops/train/evocargo_raindrops__D3__5535f51d15888df2.jpg,0.01680058240890503,0.06039213389158249
Raindrops/train/evocargo_raindrops__D4__4c426835ff6c66ca.jpg,0.03972610831260681,0.11922858655452728
Raindrops/train/evocargo_raindrops__D4__6c404d356538a1ef.jpg,0.04801170527935028,0.10894286632537842
Raindrops/train/evocargo_raindrops__D4__6ad1b2e31a8ca77a.jpg,0.017497532069683075,0.4192367196083069
Raindrops/train/cadc__2018_03_07_0006__e9f4ed8e9eb595f9.jpg,0.05110757052898407,0.08238933980464935
Raindrops/train/evocargo_raindrops__D3__71d2d75b429a7468.jpg,0.037620969116687775,0.1346413642168045
Raindrops/train/evocargo_raindrops__D3__7e1ccfcd4012c7f2.jpg,0.023742882534861565,0.11515331268310547
Raindrops/train/evocargo_raindrops__D4__8a12a899995abe0b.jpg,0.05316779389977455,0.234088733792305
Raindrops/train/cadc__2018_03_07_0001__152c061d532cd3bb.jpg,0.10929201543331146,0.43678224086761475
Raindrops/train/evocargo_raindrops__D4__fcf46c677a8c2a8c.jpg,0.1228051483631134,0.20135393738746643
Raindrops/train/evocargo_raindrops__D4__3163ad769449c93d.jpg,0.06234189122915268,0.29814332723617554
Raindrops/train/evocargo_raindrops__D3__01f110726dedb458.jpg,-0.010272146202623844,0.03029024228453636
Raindrops/train/evocargo_raindrops__D4__dd8f0257980465da.jpg,0.0903685986995697,0.28787463903427124
Raindrops/train/evocargo_raindrops__D3__4aba6087ddd9d837.jpg,0.06397250294685364,0.2481435239315033
Raindrops/train/evocargo_raindrops__D3__715fb4aa461fc2f8.jpg,0.013793796300888062,0.06534178555011749
Raindrops/train/evocargo_raindrops__D3__abaf77bc4f083984.jpg,0.0027620592154562473,0.10633707046508789
Raindrops/train/evocargo_raindrops__D3__289bc49008a4e501.jpg,0.009773691184818745,0.0629383772611618
Raindrops/train/evocargo_raindrops__D4__d2a977bcdec2b4ce.jpg,0.10046005249023438,0.2778024673461914
Raindrops/train/evocargo_raindrops__D4__65baf77a9dfd1da3.jpg,0.05572531372308731,0.11156284809112549
Raindrops/train/evocargo_raindrops__D3__45e8c72429112002.jpg,0.020414620637893677,0.1098872721195221
Raindrops/train/evocargo_raindrops__D4__8778ac32ba7b6410.jpg,0.034857649356126785,0.09476155042648315
Raindrops/train/evocargo_raindrops__D3__ab69397346605d55.jpg,0.020504048094153404,0.08035731315612793
Raindrops/train/evocargo_raindrops__D3__309b7bacd65eedf2.jpg,0.017319664359092712,0.06997016072273254
Raindrops/train/evocargo_raindrops__D4__4853b5d7625206ad.jpg,0.09965631365776062,0.2601814866065979
Raindrops/train/evocargo_raindrops__D4__165fe5c0fabb41e1.jpg,0.11114735901355743,0.17055563628673553
Raindrops/train/evocargo_raindrops__D4__d51585aca04a54e2.jpg,0.025930918753147125,0.08034476637840271
Raindrops/train/evocargo_raindrops__D4__181f98771e8c7a2d.jpg,0.031956031918525696,0.09350728243589401
Raindrops/train/evocargo_raindrops__D4__f22dd0fed48c0375.jpg,0.042088985443115234,0.11942263692617416
Raindrops/train/evocargo_raindrops__D4__8d09d3446478af7c.jpg,0.02705158106982708,0.14939641952514648
Raindrops/train/evocargo_raindrops__D3__ca711490d238b231.jpg,0.036774322390556335,0.10106262564659119
Raindrops/train/evocargo_raindrops__D3__83b3a4a44bb98a02.jpg,0.06596507877111435,0.2260700762271881
Raindrops/train/cadc__2018_03_07_0001__ff29c55487b91960.jpg,0.11386355012655258,0.34301498532295227
Raindrops/train/evocargo_raindrops__D3__132e8cf56933ef0c.jpg,0.02014320343732834,0.05937965214252472
Raindrops/train/evocargo_raindrops__D4__f5c01b8f7240446c.jpg,0.03398870676755905,0.16711711883544922
Raindrops/train/evocargo_raindrops__D3__b2003d93ca4c385d.jpg,0.019732467830181122,0.10002554953098297
Raindrops/train/evocargo_raindrops__D3__cf0c13f67f58bdb6.jpg,0.013803007081151009,0.08613746613264084
Raindrops/train/evocargo_raindrops__D4__95b31681012899b4.jpg,0.12049578130245209,0.3958289623260498
Raindrops/train/evocargo_raindrops__D4__bf5fec4bc8d7476c.jpg,0.17566245794296265,0.35544049739837646
Raindrops/train/evocargo_raindrops__D3__d0d3073d9b881df7.jpg,-0.013623299077153206,0.029967110604047775
Raindrops/train/evocargo_raindrops__D3__792edc3b0ce3caeb.jpg,0.010333579033613205,0.0594618059694767
Raindrops/train/evocargo_raindrops__D4__b5dac4824b6f934f.jpg,0.06121797487139702,0.2667720317840576
Raindrops/train/evocargo_raindrops__D4__a533b530c87ccca3.jpg,0.06317490339279175,0.16712987422943115
Raindrops/train/evocargo_raindrops__D3__aeb271f887ce0781.jpg,0.009071920067071915,0.07430805265903473
Raindrops/train/evocargo_raindrops__D4__0a2012c19f322453.jpg,0.03198152035474777,0.10883096605539322
Raindrops/train/evocargo_raindrops__D4__83bd7a3c1be14661.jpg,0.034027718007564545,0.10565032809972763
Raindrops/train/cadc__2018_03_07_0006__65ef82f367418af1.jpg,0.07091972231864929,0.13376453518867493
Raindrops/train/evocargo_raindrops__D3__12cda4b894b932fc.jpg,0.020113080739974976,0.09548178315162659
Raindrops/train/cadc__2018_03_07_0001__10317bae488309f3.jpg,0.06507515162229538,0.4986676275730133
Raindrops/train/cadc__2018_03_07_0001__e6a8723472407cb3.jpg,0.03906472772359848,0.3546212613582611
Raindrops/train/evocargo_raindrops__D4__abc3f34f4f09ad2e.jpg,0.10146543383598328,0.3317163288593292
Raindrops/train/evocargo_raindrops__D3__c32763c9b3cb3aba.jpg,0.01468643918633461,0.16365596652030945
Raindrops/train/evocargo_raindrops__D3__91e5a75c3900fbb2.jpg,0.04386620968580246,0.11645697057247162
Raindrops/train/evocargo_raindrops__D3__e420b6cd67880292.jpg,0.00816565752029419,0.11091935634613037
Raindrops/train/evocargo_raindrops__D3__bab3d4d00eff0e96.jpg,-0.02758016623556614,0.1553119719028473
Raindrops/train/evocargo_raindrops__D3__560c0337ca5b1744.jpg,0.045950692147016525,0.14195658266544342
Raindrops/train/evocargo_raindrops__D3__7467c3637b7118b2.jpg,-0.0174922626465559,0.06597207486629486
Raindrops/train/evocargo_raindrops__D4__e0ff52d6f975bc3b.jpg,0.001335642533376813,0.06869819760322571
Raindrops/train/evocargo_raindrops__D3__2b75ab9b251c07ab.jpg,0.04424736648797989,0.14284035563468933
Raindrops/train/evocargo_raindrops__D3__984b20978a813890.jpg,0.018624644726514816,0.09775913506746292
Raindrops/train/cadc__2018_03_07_0006__1d28f16980402305.jpg,0.08718864619731903,0.13301482796669006
Raindrops/train/evocargo_raindrops__D4__960a92f13f361938.jpg,0.04682561010122299,0.2026575207710266
Raindrops/train/evocargo_raindrops__D4__ba65604abb5c0b93.jpg,0.10380946099758148,0.35216397047042847
Raindrops/train/cadc__2018_03_07_0001__e4a22018ee61b16c.jpg,0.15248878300189972,0.606814980506897
Raindrops/train/evocargo_raindrops__D3__7ac003a5b0becd39.jpg,-0.005793518386781216,0.05743991956114769
Raindrops/train/evocargo_raindrops__D3__e983e649ddc6bd37.jpg,0.028748592361807823,0.08589889854192734
Raindrops/train/evocargo_raindrops__D3__b8a50fffd8c57fdd.jpg,0.020263247191905975,0.060905084013938904
Raindrops/train/evocargo_raindrops__D3__6528227435a22f2c.jpg,0.015986651182174683,0.08825560659170151
Raindrops/train/cadc__2018_03_07_0006__83fec9d22ed5b1be.jpg,0.04307229816913605,0.0835229828953743
Raindrops/train/evocargo_raindrops__D3__e52b71cb98fcb929.jpg,0.004702235572040081,0.0639677494764328
Raindrops/train/evocargo_raindrops__D3__fb3006fab33b1793.jpg,0.016051597893238068,0.04720265418291092
Raindrops/train/evocargo_raindrops__D3__a7ac89d07fabbbb5.jpg,0.004284455440938473,0.05612706393003464
Raindrops/train/evocargo_raindrops__D3__ea67a47c60c01f81.jpg,0.03651091456413269,0.10249392688274384
Raindrops/train/evocargo_raindrops__D4__bdf765b8763b13bf.jpg,0.012523913756012917,0.07941614836454391
Raindrops/train/evocargo_raindrops__D3__62707f13f978ed51.jpg,0.06150256097316742,0.1465436816215515
Raindrops/train/evocargo_raindrops__D4__859bf5727cd5ef4c.jpg,0.033371128141880035,0.09028752893209457
Raindrops/train/evocargo_raindrops__D3__1af887dfb2730d86.jpg,0.012728494592010975,0.0829651951789856
Raindrops/train/evocargo_raindrops__D3__17a55282201dcad2.jpg,0.02646072581410408,0.0760885551571846
Raindrops/train/evocargo_raindrops__D3__44be21ba572b2c31.jpg,0.016675852239131927,0.08843367546796799
Raindrops/train/evocargo_raindrops__D4__79e28ba2a4ee19da.jpg,0.09413572400808334,0.23408862948417664
Raindrops/train/evocargo_raindrops__D4__463e70cf4df6a707.jpg,0.08898521214723587,0.1869160532951355
Raindrops/train/evocargo_raindrops__D3__16d446172fa04083.jpg,-0.0005479052197188139,0.06740535795688629
Raindrops/train/evocargo_raindrops__D4__a8de7bb7421c90c0.jpg,0.06875245273113251,0.3119415044784546
Raindrops/train/evocargo_raindrops__D3__96eae2bf48efc914.jpg,0.0060610054060816765,0.09631071984767914
Raindrops/train/evocargo_raindrops__D3__c330e06926565ecb.jpg,0.01498289592564106,0.08020904660224915
Raindrops/train/evocargo_raindrops__D3__7b1694447e552408.jpg,-0.0019139337819069624,0.07160039246082306
Raindrops/train/evocargo_raindrops__D3__ee75fba0366f359c.jpg,0.004661004990339279,0.04447534307837486
Raindrops/train/evocargo_raindrops__D3__3bf7f500fcb46f09.jpg,0.010623923502862453,0.07939916849136353
Raindrops/train/evocargo_raindrops__D3__d10e121da8df6691.jpg,0.03222028911113739,0.08276376128196716
Raindrops/train/evocargo_raindrops__D4__19d871b1fd9b5c0b.jpg,0.026184607297182083,0.10404641181230545
Raindrops/train/evocargo_raindrops__D3__ac8bd279044959b0.jpg,0.02565983682870865,0.09334195405244827
Raindrops/train/evocargo_raindrops__D3__991f6fae7a4acd79.jpg,0.011458745226264,0.055788714438676834
Raindrops/train/evocargo_raindrops__D4__7030c46eedd462e1.jpg,0.07197296619415283,0.1644604355096817
Raindrops/train/evocargo_raindrops__D4__1d695ef24a008a72.jpg,0.11332306265830994,0.25575193762779236
Raindrops/train/evocargo_raindrops__D3__5c042693cf0db4dd.jpg,-0.00742057990282774,0.05775096267461777
Raindrops/train/evocargo_raindrops__D4__9d95bfc2af973c86.jpg,0.036391668021678925,0.1686534285545349
Raindrops/train/evocargo_raindrops__D4__8eb3e00f5d1d9f00.jpg,0.004255549982190132,0.04250818490982056
Raindrops/train/evocargo_raindrops__D3__ff449ed8f192f2a7.jpg,-0.010806435719132423,0.05511791259050369
Raindrops/train/evocargo_raindrops__D3__12eb9c3a9116ff86.jpg,0.010023506358265877,0.05824659764766693
Raindrops/train/evocargo_raindrops__D3__98c7b0dad1343427.jpg,6.458855932578444e-05,0.04932601749897003
Raindrops/train/evocargo_raindrops__D4__64807844ea391557.jpg,0.029796438291668892,0.13993096351623535
Raindrops/train/evocargo_raindrops__D4__1c3ca1353a644d00.jpg,0.03356029838323593,0.12159667909145355
Raindrops/train/evocargo_raindrops__D3__271d78d452c3c877.jpg,0.0011867679422721267,0.05807430297136307
Raindrops/train/evocargo_raindrops__D3__cd9dbe7e60221235.jpg,0.010166280902922153,0.06205599382519722
Raindrops/train/evocargo_raindrops__D4__5bca74a05e52eebb.jpg,0.05835460126399994,0.14512111246585846
Raindrops/train/evocargo_raindrops__D3__37218f0dd3806d27.jpg,0.0007383532356470823,0.07840617001056671
Raindrops/train/evocargo_raindrops__D3__c16e1e4d0f86cd6d.jpg,0.04127835854887962,0.14792947471141815
Raindrops/train/evocargo_raindrops__D3__9ca3a21367d2d388.jpg,0.03395172953605652,0.09503189474344254
Raindrops/train/evocargo_raindrops__D3__e939e9ab5107a749.jpg,0.010618173517286777,0.06835401803255081
Raindrops/train/evocargo_raindrops__D4__669261e5b2d42e05.jpg,0.061700500547885895,0.13886603713035583
Raindrops/train/evocargo_raindrops__D4__f05e3cc9ce7ca724.jpg,0.051253050565719604,0.11108487844467163
Raindrops/train/evocargo_raindrops__D3__4354e83f4227d64e.jpg,0.05236019939184189,0.10086226463317871
Raindrops/train/evocargo_raindrops__D3__94625b29d9049da1.jpg,0.04177713021636009,0.12680135667324066
Raindrops/train/evocargo_raindrops__D3__eef508068214cf6a.jpg,0.028622526675462723,0.12315545976161957
Raindrops/train/evocargo_raindrops__D3__cd78cfb34657c249.jpg,0.023747920989990234,0.0657874196767807
Raindrops/train/evocargo_raindrops__D3__bf4afdf60f2bc665.jpg,0.008766138926148415,0.05817324295639992
Raindrops/train/evocargo_raindrops__D4__a1dbba5ef5a9fdd5.jpg,0.029070783406496048,0.14961466193199158
Raindrops/train/evocargo_raindrops__D3__1eef766d383c589d.jpg,0.005017327610403299,0.06220320612192154
Raindrops/train/evocargo_raindrops__D4__7cc0618d9fbaf28e.jpg,0.03863665461540222,0.09851324558258057
Raindrops/train/evocargo_raindrops__D4__b86bd548b1c48fe0.jpg,0.08759927749633789,0.19758504629135132
Raindrops/train/evocargo_raindrops__D3__f30f061bd060e750.jpg,0.005329430568963289,0.07709956169128418
Raindrops/train/evocargo_raindrops__D4__6939917f0ea8840f.jpg,0.035552434623241425,0.10058961808681488
Raindrops/train/evocargo_raindrops__D3__604d812e4bdcc5b3.jpg,-0.005198555067181587,0.05112679302692413
Raindrops/train/evocargo_raindrops__D3__03b8e322aa434aaa.jpg,0.008485035970807076,0.07057023048400879
Raindrops/train/evocargo_raindrops__D3__333bc68702ffcf60.jpg,0.025777369737625122,0.07249318063259125
Raindrops/train/evocargo_raindrops__D3__45efff04aee0e197.jpg,0.03401367366313934,0.09359356760978699
Raindrops/train/evocargo_raindrops__D4__c070edb55ce04ce1.jpg,0.031845107674598694,0.10332052409648895
Raindrops/train/evocargo_raindrops__D3__e173e5f46fd4b79c.jpg,0.01502403523772955,0.06959083676338196
Raindrops/train/evocargo_raindrops__D4__ca0355730142b39d.jpg,0.04167490452528,0.09162202477455139
Raindrops/train/cadc__2018_03_07_0001__80366ac70b84363b.jpg,0.07426133751869202,0.25768932700157166
Raindrops/train/evocargo_raindrops__D3__c8c92f20d9346797.jpg,0.02319861389696598,0.10259664058685303
Raindrops/train/evocargo_raindrops__D4__486e2e2cb26e0559.jpg,0.090156190097332,0.27939265966415405
Raindrops/train/evocargo_raindrops__D3__681347f2cbd9d8b4.jpg,0.012838569469749928,0.06964017450809479
Raindrops/train/evocargo_raindrops__D3__6c8a867533e80047.jpg,0.04211517423391342,0.08255080878734589
Raindrops/train/evocargo_raindrops__D3__ee8429dd8e9bdeef.jpg,0.0025269384495913982,0.06424182653427124
Raindrops/train/evocargo_raindrops__D4__700f7322a1bd6f99.jpg,0.06724457442760468,0.2077379673719406
Raindrops/train/evocargo_raindrops__D4__0028cf598a8ad9cf.jpg,0.18731054663658142,0.39324265718460083
Raindrops/train/evocargo_raindrops__D3__0d4aa0ca5f05841d.jpg,-0.009732253849506378,0.03572990745306015
Raindrops/train/evocargo_raindrops__D3__1392cb3f107fc18c.jpg,0.04534811154007912,0.11956268548965454
Raindrops/train/evocargo_raindrops__D3__5df5beef8304d558.jpg,0.05879201740026474,0.14014801383018494
Raindrops/train/evocargo_raindrops__D4__cceef3b94879ac72.jpg,0.02191556990146637,0.08104164898395538
Raindrops/train/evocargo_raindrops__D3__ce56a87ff97912c5.jpg,-0.014873163774609566,0.026916781440377235
Raindrops/train/evocargo_raindrops__D4__81506b22485fd4b6.jpg,0.0422726608812809,0.1166563332080841
Raindrops/train/evocargo_raindrops__D3__6cf9287df0ff7385.jpg,0.015064163133502007,0.0754074901342392
Raindrops/train/evocargo_raindrops__D4__adf8c8211b3fcfa3.jpg,0.07113835215568542,0.25710129737854004
Raindrops/train/evocargo_raindrops__D4__55f0c49d503ce3e7.jpg,0.05664067342877388,0.10234159976243973
Raindrops/train/evocargo_raindrops__D3__5b066f54bfc7dc74.jpg,0.004852942191064358,0.05784647911787033
Raindrops/train/evocargo_raindrops__D4__f1c1d10e95bb9a49.jpg,0.10886386036872864,0.25586849451065063
Raindrops/train/evocargo_raindrops__D4__f3950626c67c2ea1.jpg,0.02956174686551094,0.1485029011964798
Raindrops/train/evocargo_raindrops__D3__725cca89d21389ae.jpg,0.010259185917675495,0.05504801124334335
Raindrops/train/evocargo_raindrops__D4__a957a87429aae220.jpg,0.04619324579834938,0.11991438269615173
Raindrops/train/evocargo_raindrops__D3__28e2520afcd74748.jpg,0.009924476966261864,0.08216328918933868
Raindrops/train/evocargo_raindrops__D4__c4adeb1368618d2f.jpg,0.09402204304933548,0.2214367389678955
Raindrops/train/evocargo_raindrops__D3__0dcfcf05cdad61fb.jpg,0.04547419399023056,0.1147591844201088
Raindrops/train/evocargo_raindrops__D3__eaf9ef06f7572ba2.jpg,0.03891090676188469,0.1960143893957138
Raindrops/train/evocargo_raindrops__D4__f462c798576b18c7.jpg,0.02065460942685604,0.07729288935661316
Raindrops/train/evocargo_raindrops__D3__f7711d9f85689044.jpg,0.009263543412089348,0.08773308992385864
Raindrops/train/evocargo_raindrops__D3__ed67eb71db3f5ca3.jpg,0.032367125153541565,0.11397842317819595
Raindrops/train/evocargo_raindrops__D4__76832fc6070044a8.jpg,0.0823550820350647,0.13902728259563446
Raindrops/train/evocargo_raindrops__D3__d9b181a30c85428c.jpg,0.02846856415271759,0.06732223927974701
Raindrops/train/evocargo_raindrops__D4__e6db6cfddb02065d.jpg,0.06321733444929123,0.13757728040218353
Raindrops/train/evocargo_raindrops__D4__e4c7a80b465730fa.jpg,0.0569322295486927,0.15726715326309204
Raindrops/train/evocargo_raindrops__D4__08024dd55f0225a1.jpg,0.01803326979279518,0.10632549226284027
Raindrops/train/cadc__2018_03_07_0001__54c111c77aa50c31.jpg,0.13881130516529083,0.5997927188873291
Raindrops/train/cadc__2018_03_07_0006__a0622f5c0160ccbe.jpg,0.08786049485206604,0.12270031869411469
Raindrops/train/evocargo_raindrops__D4__ac3cc96a5babe08b.jpg,0.046402379870414734,0.10154151171445847
Raindrops/train/evocargo_raindrops__D4__223db3fbdae0e3cb.jpg,0.11320725083351135,0.44489461183547974
Raindrops/train/evocargo_raindrops__D4__4b1c84284e65e6df.jpg,0.025174453854560852,0.10523846745491028
Raindrops/train/evocargo_raindrops__D3__ef457742127bee4f.jpg,-0.007973020896315575,0.06336654722690582
Raindrops/train/evocargo_raindrops__D3__3e590a82b87b49eb.jpg,0.01926466077566147,0.0708189457654953
Raindrops/train/evocargo_raindrops__D3__23e6ab1015db7d11.jpg,0.008956128731369972,0.06206169351935387
Raindrops/train/evocargo_raindrops__D3__cb32ec0857d17b46.jpg,0.05299054831266403,0.13665199279785156
Raindrops/train/evocargo_raindrops__D4__c7a7bc4cb2af956c.jpg,0.09401187300682068,0.245131254196167
Raindrops/train/evocargo_raindrops__D4__8fa7510a53b6554b.jpg,0.018912319093942642,0.12426029145717621
Raindrops/train/evocargo_raindrops__D3__aaf926d87dcaf168.jpg,0.01081428024917841,0.04402346909046173
Raindrops/train/evocargo_raindrops__D3__cef1c9e6884ebc04.jpg,0.008935829624533653,0.07084067165851593
Raindrops/train/evocargo_raindrops__D4__d3d280fd8f2e3d03.jpg,0.03094056248664856,0.0886852815747261
Raindrops/train/evocargo_raindrops__D3__365420d25225f901.jpg,0.04665553569793701,0.11051920801401138
Raindrops/train/evocargo_raindrops__D3__eb9442b091ae0444.jpg,0.013463616371154785,0.0635475441813469
Raindrops/train/evocargo_raindrops__D4__acce882aeede25ff.jpg,0.05351683497428894,0.13166934251785278
Raindrops/train/evocargo_raindrops__D3__29d2664c272b95c7.jpg,0.021791299805045128,0.07637734711170197
Raindrops/train/evocargo_raindrops__D4__6a7786c047c4884c.jpg,0.10011790692806244,0.42246323823928833
Raindrops/train/evocargo_raindrops__D3__415927746a9fbc89.jpg,0.010183357633650303,0.06580518186092377
Raindrops/train/cadc__2018_03_07_0006__698c0b252da28423.jpg,0.06656605750322342,0.3078458309173584
Raindrops/train/cadc__2018_03_07_0006__9d8d35f9a07b9f01.jpg,0.05831611901521683,0.08226942270994186
Raindrops/train/evocargo_raindrops__D3__e12717f4399e43c4.jpg,0.02108178101480007,0.10243800282478333
Raindrops/train/evocargo_raindrops__D3__b2695a34d07b7b3a.jpg,0.025260433554649353,0.08140992373228073
Raindrops/train/evocargo_raindrops__D4__ef3f6bc7019a025a.jpg,0.05249404162168503,0.14509153366088867
Raindrops/train/evocargo_raindrops__D3__0d3ff275a728955d.jpg,0.01238693855702877,0.06946311891078949
Raindrops/train/evocargo_raindrops__D3__0d5bbc27d888c910.jpg,0.00544410664588213,0.048470769077539444
Raindrops/train/evocargo_raindrops__D4__e2cba82d4fc5eedd.jpg,0.006536129862070084,0.1283608376979828
Raindrops/train/evocargo_raindrops__D4__6574b424787ff941.jpg,0.06570364534854889,0.13140526413917542
Raindrops/train/evocargo_raindrops__D3__3dc517cd61fbf6b6.jpg,0.01341884396970272,0.07916486263275146
Raindrops/train/evocargo_raindrops__D4__4addab7e6f91e4a1.jpg,0.040908537805080414,0.1344670057296753
Raindrops/train/evocargo_raindrops__D3__72313685e697265f.jpg,0.009713724255561829,0.07469727843999863
Raindrops/train/evocargo_raindrops__D3__2102433a420a5676.jpg,0.017960239201784134,0.0736168846487999
Raindrops/train/evocargo_raindrops__D3__e847e173e548f0f7.jpg,0.023123212158679962,0.07968255877494812
Raindrops/train/evocargo_raindrops__D3__f038ec9ed59af5cd.jpg,0.06277967244386673,0.2292540967464447
Raindrops/train/evocargo_raindrops__D3__0372bdea29e3e83b.jpg,0.06135311722755432,0.1276577115058899
Raindrops/train/evocargo_raindrops__D3__78c0ded290e204b9.jpg,0.01795712113380432,0.06938918679952621
Raindrops/train/evocargo_raindrops__D3__23f23e18fbf6ca54.jpg,-0.008935049176216125,0.06176203861832619
Raindrops/train/evocargo_raindrops__D3__a8ff941ddc294373.jpg,0.01241941750049591,0.062251195311546326
Raindrops/train/evocargo_raindrops__D3__675d71e4000767fb.jpg,0.020670253783464432,0.08856960386037827
Raindrops/train/evocargo_raindrops__D3__21847ef76cc1064f.jpg,0.03827221319079399,0.11044865846633911
Raindrops/train/evocargo_raindrops__D3__2d241319363e19aa.jpg,-0.012302008457481861,0.05012839660048485
Raindrops/train/evocargo_raindrops__D3__793c2dd53d3f5306.jpg,0.08054038137197495,0.16953623294830322
Raindrops/train/evocargo_raindrops__D3__f6db8f6c2eb96c5d.jpg,0.018532326444983482,0.06062169373035431
Raindrops/train/evocargo_raindrops__D3__d526e39f233d7240.jpg,0.012452658265829086,0.07533729076385498
Raindrops/train/evocargo_raindrops__D3__f00158e579a78675.jpg,0.010159536264836788,0.06467863917350769
Raindrops/train/evocargo_raindrops__D4__6006b18a1c8c28b5.jpg,0.041986316442489624,0.11527502536773682
Raindrops/train/evocargo_raindrops__D3__df642dccbfbf0099.jpg,0.009933963418006897,0.07626698911190033
Raindrops/train/evocargo_raindrops__D3__b470a5c2fcb66892.jpg,0.01663024351000786,0.08243587613105774
Raindrops/train/evocargo_raindrops__D3__a0b7fe542ea66ce1.jpg,-0.009385299868881702,0.045003194361925125
Raindrops/train/evocargo_raindrops__D3__4bd7e64018965798.jpg,0.03376859053969383,0.08629940450191498
Raindrops/train/evocargo_raindrops__D3__c6a668036efcb9ca.jpg,0.025266699492931366,0.09971016645431519
Raindrops/train/evocargo_raindrops__D3__12ea70e0a97b94ee.jpg,0.024911735206842422,0.08484600484371185
Raindrops/train/evocargo_raindrops__D4__f1677e228de482c3.jpg,0.03351636603474617,0.1784307211637497
Raindrops/train/evocargo_raindrops__D3__40a46a51ea9fa8f7.jpg,0.0456559956073761,0.08987405896186829
Raindrops/train/evocargo_raindrops__D4__7d488ad1d166e20d.jpg,0.017051629722118378,0.05726630613207817
Raindrops/train/evocargo_raindrops__D3__be1de86ca62f83f4.jpg,0.003976327367126942,0.043772369623184204
Raindrops/train/evocargo_raindrops__D3__d529e97fc4de5f7b.jpg,0.005538614932447672,0.027826767414808273
Raindrops/train/evocargo_raindrops__D3__bb418fcd4a0d97e3.jpg,0.044292595237493515,0.13473156094551086
Raindrops/train/evocargo_raindrops__D3__10ccb22e76e89eb5.jpg,0.02996467798948288,0.1019507497549057
Raindrops/train/evocargo_raindrops__D3__3a775c63c8e9141e.jpg,0.003699132241308689,0.044098369777202606
Raindrops/train/evocargo_raindrops__D3__b750b1212fe18430.jpg,-0.0017019431106746197,0.10888999700546265
Raindrops/train/evocargo_raindrops__D3__ecb4f6d3eaea19ee.jpg,0.044922493398189545,0.11561213433742523
Raindrops/train/evocargo_raindrops__D3__7b688b9223db104f.jpg,0.013322193175554276,0.07991579920053482
Raindrops/train/evocargo_raindrops__D3__2486bb5a30f79057.jpg,0.015700863674283028,0.07259347289800644
Raindrops/train/evocargo_raindrops__D3__c95079f3ace6c6e0.jpg,0.03904382511973381,0.10906995832920074
Raindrops/train/evocargo_raindrops__D3__77deb9c74a3c5037.jpg,0.031238634139299393,0.06976114213466644
Raindrops/train/evocargo_raindrops__D4__4fcd0b42cc31d53c.jpg,0.031219687312841415,0.1171165406703949
Raindrops/train/cadc__2018_03_07_0006__42177f99e963d675.jpg,0.07728557288646698,0.11324609071016312
Raindrops/train/evocargo_raindrops__D3__1d1e4ece33416fa2.jpg,0.007849441841244698,0.06390678882598877
Raindrops/train/evocargo_raindrops__D3__72203c5e62245683.jpg,0.07237967848777771,0.20080366730690002
Raindrops/train/evocargo_raindrops__D4__4444ff587db6f9fc.jpg,0.07224580645561218,0.14261522889137268
Raindrops/train/evocargo_raindrops__D3__bc1d71c10ea9ad54.jpg,0.015719499439001083,0.03500309959053993
Raindrops/train/evocargo_raindrops__D3__c237ab88287a59cf.jpg,0.062381185591220856,0.25413888692855835
Raindrops/train/evocargo_raindrops__D3__8c6353ffb710917d.jpg,0.004580633714795113,0.05822046846151352
Raindrops/train/evocargo_raindrops__D4__2d2119f7a9eaaecf.jpg,0.09568057954311371,0.19934459030628204
Raindrops/train/evocargo_raindrops__D4__052f6327d1a4a940.jpg,0.02757701650261879,0.1529967486858368
Raindrops/train/evocargo_raindrops__D4__7ca9d4a59b6fc124.jpg,0.09900973737239838,0.2896084189414978
Raindrops/train/evocargo_raindrops__D3__bb0ca9ed52e2b351.jpg,-0.005679159425199032,0.07339796423912048
Raindrops/train/evocargo_raindrops__D3__1f6d31f91d0e7750.jpg,0.031084544956684113,0.11334165185689926
Raindrops/train/cadc__2018_03_07_0001__e62333c4d7b290eb.jpg,0.14225104451179504,0.5194180011749268
Raindrops/train/evocargo_raindrops__D3__6a492e79b533f6a1.jpg,-0.0034911264665424824,0.04035201668739319
Raindrops/train/evocargo_raindrops__D4__f896a734b9263d33.jpg,0.03218937665224075,0.09215904772281647
Raindrops/train/evocargo_raindrops__D4__770fae648039de61.jpg,0.04707664996385574,0.12208539247512817
Raindrops/train/evocargo_raindrops__D3__7e36adc3b7024013.jpg,-0.005615581292659044,0.06327058374881744
Raindrops/train/evocargo_raindrops__D3__039e47d7b1756416.jpg,0.0030449749901890755,0.08782024681568146
Raindrops/train/evocargo_raindrops__D3__a48194e2dee55dfe.jpg,0.023233957588672638,0.07154342532157898
Raindrops/train/evocargo_raindrops__D3__05cc5799dd313465.jpg,0.05398581176996231,0.11154656112194061
Raindrops/train/evocargo_raindrops__D3__bd0c62257cd8132c.jpg,0.030267411842942238,0.06788302958011627
Raindrops/train/evocargo_raindrops__D3__5f96250c4cc6028f.jpg,0.0017441618256270885,0.06262475252151489
Raindrops/train/evocargo_raindrops__D4__7ca17725536ef524.jpg,0.10288546979427338,0.23044231534004211
Raindrops/train/evocargo_raindrops__D4__99e6c76a37af3a31.jpg,0.010965511202812195,0.10537642985582352
Raindrops/train/evocargo_raindrops__D3__73ed298e7bc85aad.jpg,0.030777452513575554,0.10973113030195236
Raindrops/train/evocargo_raindrops__D3__a51435224b252162.jpg,0.025882355868816376,0.0873376876115799
Raindrops/train/evocargo_raindrops__D4__f57c7db971f9ba88.jpg,0.023786768317222595,0.06460248678922653
Raindrops/train/evocargo_raindrops__D3__24e587ff58cdd35a.jpg,0.01912859082221985,0.07317496836185455
Raindrops/train/evocargo_raindrops__D4__f0a91d52481e7923.jpg,0.08735652267932892,0.15895584225654602
Raindrops/train/evocargo_raindrops__D4__0afe9ec66a1b6643.jpg,0.07026216387748718,0.27200716733932495
Raindrops/train/evocargo_raindrops__D4__54d2d2e9f322b4d5.jpg,0.016277208924293518,0.09363482892513275
Raindrops/train/evocargo_raindrops__D3__9bd9487b95fe569e.jpg,0.0191426333039999,0.08676973730325699
Raindrops/train/evocargo_raindrops__D4__fae4662c23d7609b.jpg,0.019507337361574173,0.055174656212329865
Raindrops/train/evocargo_raindrops__D3__fbd84b15a86cac7e.jpg,-0.006520344875752926,0.03861483931541443
Raindrops/train/evocargo_raindrops__D4__39249fa8d015294b.jpg,0.11018206924200058,0.3444933295249939
Raindrops/train/evocargo_raindrops__D4__5eb9b5acaad5a651.jpg,0.15640294551849365,0.4520171284675598
Raindrops/train/evocargo_raindrops__D3__a385a6ea98a392d4.jpg,0.016242586076259613,0.07866969704627991
Raindrops/train/evocargo_raindrops__D4__f6e2a47593fab448.jpg,0.10313564538955688,0.29675182700157166
Raindrops/train/evocargo_raindrops__D4__7fc3bd98fd2d2e66.jpg,0.053269803524017334,0.17974764108657837
Raindrops/train/evocargo_raindrops__D3__cb4cf31a82182ee5.jpg,0.004947549197822809,0.07666823267936707
Raindrops/train/evocargo_raindrops__D4__0a7d91e0724247a9.jpg,0.06174847483634949,0.34290391206741333
Raindrops/train/evocargo_raindrops__D4__7ae75f38e614fe94.jpg,0.03343313932418823,0.1266123205423355
Raindrops/train/evocargo_raindrops__D3__e8a9be3141a11b46.jpg,0.04125894606113434,0.1127244234085083
Raindrops/train/evocargo_raindrops__D3__7aa34e046ee0dd78.jpg,0.014243295416235924,0.07737203687429428
Raindrops/train/evocargo_raindrops__D3__dcfc6d105f52773b.jpg,0.014774840325117111,0.07916512340307236
Raindrops/train/evocargo_raindrops__D4__d61a2cbb7fb30255.jpg,0.049373846501111984,0.11776672303676605
Raindrops/train/evocargo_raindrops__D3__c73a6a4d798bafe6.jpg,0.00811499822884798,0.06041045859456062
Raindrops/train/evocargo_raindrops__D4__42b2e04d3f907584.jpg,0.04971509054303169,0.27248769998550415
Raindrops/train/evocargo_raindrops__D3__06acb839c2b0c051.jpg,0.02387862652540207,0.06706347316503525
Raindrops/train/evocargo_raindrops__D3__23998da67ff5e31e.jpg,0.0016221993137151003,0.027398589998483658
Raindrops/train/evocargo_raindrops__D4__b09373d3144b52f6.jpg,0.008042083121836185,0.1253947913646698
Raindrops/train/evocargo_raindrops__D3__ba5b48ba74ab978d.jpg,-0.005633091554045677,0.05076850578188896
Raindrops/train/evocargo_raindrops__D4__90a1502dc96c0db7.jpg,0.11024852097034454,0.24529507756233215
Raindrops/train/evocargo_raindrops__D3__83ac11f93a1e56c2.jpg,0.06910005211830139,0.2130795121192932
Raindrops/train/evocargo_raindrops__D4__cf2bfd64522ef728.jpg,0.16626223921775818,0.3996467590332031
Raindrops/train/evocargo_raindrops__D3__9b686dc4866f5d0f.jpg,0.030156178399920464,0.07798726111650467
Raindrops/train/evocargo_raindrops__D3__7418d51d3d6422d0.jpg,0.01518959365785122,0.07689783722162247
Raindrops/train/evocargo_raindrops__D4__0a008c84b7e8a9e4.jpg,0.13011197745800018,0.2091047316789627
Raindrops/train/evocargo_raindrops__D3__8c70ded89adebb64.jpg,0.03608538582921028,0.08630736172199249
Raindrops/train/evocargo_raindrops__D3__69468fe02d0376ca.jpg,0.022388378158211708,0.08445794880390167
Raindrops/train/evocargo_raindrops__D3__b6da596eb76d869b.jpg,0.010976685211062431,0.08083765208721161
Raindrops/train/evocargo_raindrops__D4__c7a84db1f5970c48.jpg,0.054676324129104614,0.15049958229064941
Raindrops/train/evocargo_raindrops__D3__a07d674edfe22a15.jpg,-0.007108665071427822,0.11415426433086395
Raindrops/train/evocargo_raindrops__D3__d55df17c83c2b50b.jpg,0.016240935772657394,0.07145711779594421
Raindrops/train/evocargo_raindrops__D3__52e987ad699b9ac9.jpg,-0.0024867570027709007,0.07911673188209534
Raindrops/train/evocargo_raindrops__D3__b2fcb4bb4e079d1d.jpg,0.029832905158400536,0.08037865161895752
Raindrops/train/evocargo_raindrops__D4__a658dc6344144200.jpg,0.07301052659749985,0.1391550600528717
Raindrops/train/evocargo_raindrops__D3__1eb3834611aa2288.jpg,0.039184942841529846,0.1703902930021286
Raindrops/train/evocargo_raindrops__D3__7aa23e100b459694.jpg,0.02014293149113655,0.07685138285160065
Raindrops/train/evocargo_raindrops__D3__994f8a1da676198b.jpg,0.02045195922255516,0.11740128695964813
Raindrops/train/evocargo_raindrops__D3__e68f3a38d535b98b.jpg,-0.0062507279217243195,0.04247020184993744
Raindrops/train/evocargo_raindrops__D4__30b2b619818fd9db.jpg,0.030660400167107582,0.06213100999593735
Raindrops/train/evocargo_raindrops__D4__77ef9ef533b8e82e.jpg,0.011370399966835976,0.14877717196941376
Raindrops/train/evocargo_raindrops__D3__0b35c43ca3cbf569.jpg,0.031068727374076843,0.07274404168128967
Raindrops/train/evocargo_raindrops__D4__864fbb58522751c5.jpg,0.050283513963222504,0.10003754496574402
Raindrops/train/evocargo_raindrops__D3__042a11571bdc6212.jpg,-0.015814878046512604,0.04776115342974663
Raindrops/train/evocargo_raindrops__D4__3d6872d9dcaebf33.jpg,0.1218620166182518,0.29516902565956116
Raindrops/train/evocargo_raindrops__D3__eddc4d2d9117cb15.jpg,0.007484485860913992,0.07609223574399948
Raindrops/train/evocargo_raindrops__D4__e9a383f07964d361.jpg,0.03268519788980484,0.0756254643201828
Raindrops/train/evocargo_raindrops__D4__af356592744a838a.jpg,0.017867591232061386,0.07579894363880157
Raindrops/train/evocargo_raindrops__D4__a6e651530e833964.jpg,0.05071879178285599,0.09612542390823364
Raindrops/train/evocargo_raindrops__D3__2a6c57484b16cca6.jpg,0.009746260941028595,0.04793117195367813
Raindrops/train/evocargo_raindrops__D4__4ee65323e18004da.jpg,0.05214177817106247,0.1052735298871994
Raindrops/train/cadc__2018_03_07_0001__d6742e12da401030.jpg,0.1386030912399292,0.44077813625335693
Raindrops/train/evocargo_raindrops__D3__699d2e0a533d7aae.jpg,0.005168778356164694,0.06772764027118683
Raindrops/train/evocargo_raindrops__D3__8cbb7b0b2ed82d06.jpg,0.061384543776512146,0.1760760247707367
Raindrops/train/evocargo_raindrops__D3__cb96eb61605f579f.jpg,0.011919180862605572,0.06633520126342773
Raindrops/train/cadc__2018_03_07_0006__71dc23939c74c9ab.jpg,0.06965437531471252,0.16213208436965942
Raindrops/train/evocargo_raindrops__D3__62c61d7d189cdb06.jpg,0.0145967286080122,0.08258359879255295
Raindrops/train/evocargo_raindrops__D3__3153fd5ced8cb9f5.jpg,0.00394023023545742,0.05294536054134369
Raindrops/train/evocargo_raindrops__D3__06cae0b0d1864b1f.jpg,0.010796792805194855,0.03181158006191254
Raindrops/train/evocargo_raindrops__D3__fe936d7f5f4edfc9.jpg,0.044580668210983276,0.10299169272184372
Raindrops/train/evocargo_raindrops__D4__0cb2b18be1157f4f.jpg,0.05071892961859703,0.17060980200767517
Raindrops/train/evocargo_raindrops__D4__cb62866757524b17.jpg,0.04216471314430237,0.19045978784561157
Raindrops/train/evocargo_raindrops__D3__98602179ec7bedcb.jpg,0.014278927817940712,0.042100511491298676
Raindrops/train/evocargo_raindrops__D4__38ed2d1475862b56.jpg,0.09307058155536652,0.2394736409187317
Raindrops/train/evocargo_raindrops__D3__80d2735cd4993dff.jpg,0.048294659703969955,0.11406642943620682
Raindrops/train/evocargo_raindrops__D3__13c69e3987bbb1aa.jpg,0.0293843112885952,0.07794960588216782
Raindrops/train/evocargo_raindrops__D3__d8eb268c97b24e37.jpg,-0.0016067589167505503,0.09279631823301315
Raindrops/train/evocargo_raindrops__D3__ec443bf4f7269ad6.jpg,0.010480627417564392,0.05760321766138077
Raindrops/train/evocargo_raindrops__D4__8f95e3055b25c1e7.jpg,0.07683011889457703,0.17661303281784058
Raindrops/train/evocargo_raindrops__D4__420e011765caff5a.jpg,0.07694679498672485,0.3066920042037964
Raindrops/train/evocargo_raindrops__D3__ca8d6dd5f90d8d7c.jpg,0.029527030885219574,0.07016175985336304
Raindrops/train/evocargo_raindrops__D3__1c70bbfae17fc8aa.jpg,0.04020969569683075,0.11892640590667725
Raindrops/train/evocargo_raindrops__D3__f79603bd1bcf312f.jpg,0.012017043307423592,0.07829270511865616
Raindrops/train/evocargo_raindrops__D4__9478b38349d52d52.jpg,0.020655032247304916,0.07441671192646027
Raindrops/train/evocargo_raindrops__D4__aeb29e365dc3be60.jpg,0.04418657347559929,0.13411100208759308
Raindrops/train/evocargo_raindrops__D4__7afa7bff5d1a55f1.jpg,0.08012577891349792,0.15226402878761292
Raindrops/train/evocargo_raindrops__D3__439597751f1b34c2.jpg,0.011060265824198723,0.09654997289180756
Raindrops/train/evocargo_raindrops__D3__3c95afe05d5f62cc.jpg,0.07239137589931488,0.15855836868286133
Raindrops/train/evocargo_raindrops__D3__f91a1bab430d156b.jpg,0.030208569020032883,0.0939873680472374
Raindrops/train/evocargo_raindrops__D4__cab7856727226e76.jpg,0.041783448308706284,0.08871456235647202
Raindrops/train/evocargo_raindrops__D4__a8488a1ba319cac3.jpg,0.1434432864189148,0.32059383392333984
Raindrops/train/evocargo_raindrops__D3__ef0294fc3616415e.jpg,0.03359689563512802,0.13271081447601318
Raindrops/train/cadc__2018_03_07_0001__d719c81b99557649.jpg,0.18349231779575348,0.3379758596420288
Raindrops/train/evocargo_raindrops__D3__5476f23c7843c407.jpg,0.019792938604950905,0.05861540883779526
Raindrops/train/evocargo_raindrops__D3__5c94570a8fd6dfaf.jpg,0.05058078467845917,0.13704204559326172
Raindrops/train/evocargo_raindrops__D3__2b016a4a1bd5d40f.jpg,0.0315827950835228,0.09695180505514145
Raindrops/train/evocargo_raindrops__D3__633c801cd31b5e70.jpg,-0.00038017064798623323,0.05748150497674942
Raindrops/train/evocargo_raindrops__D4__7d20c13b072a6fc9.jpg,0.030921820551156998,0.09000541269779205
Raindrops/train/evocargo_raindrops__D4__602b95cfc99bcc44.jpg,0.05898717790842056,0.1966506540775299
Raindrops/train/evocargo_raindrops__D4__5177c446c6611382.jpg,0.07228930294513702,0.14445963501930237
Raindrops/train/evocargo_raindrops__D3__6a9b5d8e6ad925cb.jpg,0.00658489391207695,0.05505407601594925
Raindrops/train/evocargo_raindrops__D4__9807527e75976101.jpg,0.08890805393457413,0.15742185711860657
Raindrops/train/evocargo_raindrops__D3__af5e09c4a544dd10.jpg,0.017195751890540123,0.08688332140445709
Raindrops/train/evocargo_raindrops__D3__d666846a01e21c2e.jpg,0.014708640053868294,0.08206185698509216
Raindrops/train/evocargo_raindrops__D4__acba037739d7fa76.jpg,0.02507413551211357,0.13327133655548096
Raindrops/train/evocargo_raindrops__D4__0f1ec4b5c6c1023e.jpg,0.08859238773584366,0.17626819014549255
Raindrops/train/evocargo_raindrops__D4__b1c4529a11ec06ba.jpg,0.039739660918712616,0.12956146895885468
Raindrops/train/evocargo_raindrops__D3__7455ba77cc099672.jpg,0.019935084506869316,0.07554448395967484
Raindrops/train/evocargo_raindrops__D4__cd6bfb6624794e02.jpg,0.03397208824753761,0.09492146968841553
Raindrops/train/evocargo_raindrops__D4__6e4862eb7ca484b7.jpg,0.12068793177604675,0.3555992841720581
Raindrops/train/evocargo_raindrops__D3__5f242cf97e91b553.jpg,0.007531182840466499,0.027926933020353317
Raindrops/train/evocargo_raindrops__D3__58af2f174a5a84cc.jpg,-0.0021734030451625586,0.12759825587272644
Raindrops/train/evocargo_raindrops__D3__37ff618a35009829.jpg,0.012812627479434013,0.07773753255605698
Raindrops/train/cadc__2018_03_07_0001__e92183a9b7b08b6d.jpg,0.13003751635551453,0.3412902355194092
Raindrops/train/evocargo_raindrops__D3__edbe7b3e3ac058bf.jpg,0.006434544920921326,0.06976556777954102
Raindrops/train/evocargo_raindrops__D3__1f1f7893334ba13f.jpg,0.033727675676345825,0.10823998600244522
Raindrops/train/evocargo_raindrops__D3__6732ec9fdc92981c.jpg,0.00797516480088234,0.05308439955115318
Raindrops/train/evocargo_raindrops__D4__6966e51104e11378.jpg,0.05187138170003891,0.181622713804245
Raindrops/train/evocargo_raindrops__D3__0908a24b0201adc3.jpg,0.039681315422058105,0.09820310771465302
Raindrops/train/evocargo_raindrops__D3__665685d4c7737217.jpg,0.058048948645591736,0.1353238821029663
Raindrops/train/evocargo_raindrops__D3__73e7268da1a350f5.jpg,0.02282106503844261,0.07250642776489258
Raindrops/train/evocargo_raindrops__D4__2b6cfc5c6c1e224c.jpg,0.07925952970981598,0.12457405775785446
Raindrops/train/evocargo_raindrops__D3__829c4b36ae19e3bc.jpg,0.00815354660153389,0.04452729597687721
Raindrops/train/evocargo_raindrops__D4__b0122829797376ad.jpg,0.06546247005462646,0.2100774049758911
Raindrops/train/evocargo_raindrops__D3__f02d8b5d6d358d69.jpg,0.028439421206712723,0.1021306961774826
Raindrops/train/cadc__2018_03_07_0001__21df378f670bf65a.jpg,0.07266538590192795,0.46225860714912415
Raindrops/train/evocargo_raindrops__D3__64de5ce010b95d6a.jpg,0.005229368805885315,0.0675918459892273
Raindrops/train/evocargo_raindrops__D3__2b3b70201149dfa1.jpg,0.006844493560492992,0.10949157178401947
Raindrops/train/evocargo_raindrops__D3__195be48bfb462133.jpg,0.0448928102850914,0.12166982144117355
Raindrops/train/evocargo_raindrops__D4__24f0295f1db62b64.jpg,0.037889234721660614,0.06684815883636475
Raindrops/train/evocargo_raindrops__D4__a0f2d3348654654f.jpg,0.06757227331399918,0.14357641339302063
Raindrops/train/evocargo_raindrops__D3__80b31e4c843426d5.jpg,0.04356282576918602,0.12574785947799683
Raindrops/train/evocargo_raindrops__D4__24e43c7f64b2eb8b.jpg,0.12986397743225098,0.4064573645591736
Raindrops/train/evocargo_raindrops__D4__2a470aef15bd1556.jpg,0.033487848937511444,0.11632507294416428
Raindrops/train/evocargo_raindrops__D4__0851d21356ce3cfd.jpg,0.12166710197925568,0.28213441371917725
Raindrops/train/evocargo_raindrops__D3__61470b790d35522d.jpg,-0.0031642878893762827,0.057635899633169174
Raindrops/train/evocargo_raindrops__D4__12539b632d339516.jpg,0.0411384217441082,0.11102738976478577
Raindrops/train/evocargo_raindrops__D4__ee4f1747a1fdca22.jpg,0.03818842023611069,0.1374439150094986
Raindrops/train/evocargo_raindrops__D3__d9f3627b1e24c23f.jpg,0.027313152328133583,0.08269374817609787
Raindrops/train/cadc__2018_03_07_0001__91442975cb7fbc79.jpg,0.12091150879859924,0.47016969323158264
Raindrops/train/evocargo_raindrops__D4__6b2223890c8f7fbc.jpg,0.05640360713005066,0.2417890429496765
Raindrops/train/evocargo_raindrops__D3__57de44ae929001cb.jpg,0.02146857976913452,0.08716323971748352
Raindrops/train/evocargo_raindrops__D4__372f3e07d197ce2c.jpg,0.16368511319160461,0.26714837551116943
Raindrops/train/evocargo_raindrops__D4__222ae17a45202728.jpg,0.010850764811038971,0.04092709720134735
Raindrops/train/evocargo_raindrops__D3__dabba5fa88c17a8e.jpg,-0.005006072111427784,0.0661080926656723
Raindrops/train/evocargo_raindrops__D3__0cc2aca370b6ba1d.jpg,0.015679853036999702,0.07363677024841309
Raindrops/train/evocargo_raindrops__D4__43c768d290a4cfb4.jpg,0.026478538289666176,0.07151499390602112
Raindrops/train/evocargo_raindrops__D4__aff769fbaefc75fe.jpg,0.04873538017272949,0.25365227460861206
Raindrops/train/evocargo_raindrops__D4__23a43827c6307ea3.jpg,0.027382753789424896,0.16358739137649536
Raindrops/train/cadc__2018_03_07_0001__0c2f057f9b06a1f4.jpg,0.18741491436958313,0.5710241794586182
Raindrops/train/evocargo_raindrops__D3__1ad35f2acd468962.jpg,0.008280212059617043,0.05316190421581268
Raindrops/train/evocargo_raindrops__D3__a7c4e65551567430.jpg,0.04113268107175827,0.09010481089353561
Raindrops/train/evocargo_raindrops__D4__d9f5810d8b4db8e7.jpg,0.06866775453090668,0.211778461933136
Raindrops/train/evocargo_raindrops__D4__4eddc751b17736db.jpg,0.061598099768161774,0.13778716325759888
Raindrops/train/evocargo_raindrops__D3__28bef70d6a66f731.jpg,0.015368791297078133,0.09151779860258102
Raindrops/train/evocargo_raindrops__D3__406b7cf5cf67cd9f.jpg,-0.010542750358581543,0.13515296578407288
Raindrops/train/cadc__2018_03_07_0001__598228a0870c4a6d.jpg,0.18337509036064148,0.6571014523506165
Raindrops/train/evocargo_raindrops__D4__7b61e83e05f74c70.jpg,0.016807280480861664,0.11390621960163116
Raindrops/train/evocargo_raindrops__D3__fa30af107265c37d.jpg,0.013151546008884907,0.14682385325431824
Raindrops/train/evocargo_raindrops__D3__cd44ae541746dd21.jpg,0.00372906681150198,0.05833754315972328
Raindrops/train/cadc__2018_03_07_0006__ad0c2794b2130daa.jpg,0.03922814875841141,0.08870173990726471
Raindrops/train/evocargo_raindrops__D4__d3a75de93fe0063b.jpg,0.14279915392398834,0.2505323886871338
Raindrops/train/evocargo_raindrops__D4__4780b3472bfa82a4.jpg,0.031046122312545776,0.10844736546278
Raindrops/train/evocargo_raindrops__D3__724655e341a1a091.jpg,0.017412085086107254,0.1445135772228241
Raindrops/train/evocargo_raindrops__D4__e829f06e96a9c460.jpg,0.12296736240386963,0.26430702209472656
Raindrops/train/cadc__2018_03_07_0001__2d1f567175adc469.jpg,0.1649813950061798,0.4670613706111908
Raindrops/train/evocargo_raindrops__D4__9ec784299db99530.jpg,0.02414877712726593,0.15442736446857452
Raindrops/train/evocargo_raindrops__D3__c12187a5e1961707.jpg,0.010439169593155384,0.060244157910346985
Raindrops/train/evocargo_raindrops__D3__8c16ab301dead875.jpg,0.024629052728414536,0.08584263920783997
Raindrops/train/evocargo_raindrops__D3__da22c054e1fc7b26.jpg,0.02463403344154358,0.09179437905550003
Raindrops/train/evocargo_raindrops__D4__78e40a031d09f7f6.jpg,0.04942534863948822,0.12367667257785797
Raindrops/train/evocargo_raindrops__D3__6908292e25e2d247.jpg,0.03870891034603119,0.11689037084579468
Raindrops/train/evocargo_raindrops__D3__5178d7608e471b23.jpg,-0.01102669257670641,0.050972480326890945
Raindrops/train/evocargo_raindrops__D4__f999c2ebe0615e5c.jpg,0.041750527918338776,0.16065922379493713
Raindrops/train/evocargo_raindrops__D3__7875b5aadca33f87.jpg,-0.01215643435716629,0.026954080909490585
Raindrops/train/evocargo_raindrops__D3__32b5d3f4826eeb8e.jpg,0.01515804324299097,0.07334978878498077
Raindrops/train/evocargo_raindrops__D4__4a36577fa524e399.jpg,0.0984838679432869,0.23592273890972137
Raindrops/train/evocargo_raindrops__D3__152f4f026f799b4f.jpg,0.0025967189576476812,0.05751199275255203
Raindrops/train/evocargo_raindrops__D3__7b44499b0d7e8902.jpg,0.019011542201042175,0.06211787834763527
Raindrops/train/evocargo_raindrops__D4__42cdf7ff2612debd.jpg,0.014394957572221756,0.11881197988986969
Raindrops/train/evocargo_raindrops__D3__10e18676ae9914bb.jpg,0.010066643357276917,0.07578970491886139
Raindrops/train/evocargo_raindrops__D3__cfd3ebc433c34759.jpg,0.012712785042822361,0.06351377069950104
Raindrops/train/evocargo_raindrops__D3__01f1c185d75c17ef.jpg,0.01475849375128746,0.07730185985565186
Raindrops/train/evocargo_raindrops__D4__95bcaae09764ed93.jpg,0.04076071083545685,0.11317004263401031
Raindrops/train/evocargo_raindrops__D4__307d908f49fced00.jpg,0.07638159394264221,0.15824159979820251
Raindrops/train/evocargo_raindrops__D4__a6ee0bf6f72b0dfe.jpg,0.0504099577665329,0.13888174295425415
Raindrops/train/evocargo_raindrops__D3__f5518de994148a36.jpg,0.0058364663273096085,0.03400265797972679
Raindrops/train/evocargo_raindrops__D3__f0d99d3a68bcdf9d.jpg,0.010424267500638962,0.06836666166782379
Raindrops/train/evocargo_raindrops__D3__c962899b2c79b6ee.jpg,0.013632165268063545,0.10453154146671295
Raindrops/train/evocargo_raindrops__D4__b5b5cac8a25541c1.jpg,0.12184178829193115,0.27767646312713623
Raindrops/train/evocargo_raindrops__D3__d6b51b588a11238d.jpg,0.02198045700788498,0.07567835599184036
Raindrops/train/evocargo_raindrops__D3__ed40cd4fbd8b42ce.jpg,0.012766774743795395,0.08092889189720154
Raindrops/train/evocargo_raindrops__D4__ea60c4da0fa34246.jpg,0.027476977556943893,0.2044270932674408
Raindrops/train/evocargo_raindrops__D4__8e814f87ecbbd8b8.jpg,0.0856567919254303,0.3120620548725128
Raindrops/train/cadc__2018_03_07_0001__71f4404b59c3cd93.jpg,0.06888045370578766,0.4663255214691162
Raindrops/train/evocargo_raindrops__D3__f29b1285877780f3.jpg,0.03173253685235977,0.10181722044944763
Raindrops/train/evocargo_raindrops__D4__3e647c3b440e0f45.jpg,0.02399621531367302,0.10566524416208267
Raindrops/train/evocargo_raindrops__D4__239998557ab5a583.jpg,0.13907873630523682,0.2699891924858093
Raindrops/train/evocargo_raindrops__D3__80e0be15fd47fbcc.jpg,0.03165266290307045,0.10772441327571869
Raindrops/train/cadc__2018_03_07_0006__f888960275c754c4.jpg,0.03889375925064087,0.05622103810310364
Raindrops/train/evocargo_raindrops__D4__52cfef2a11fda32a.jpg,0.028037287294864655,0.05680004507303238
Raindrops/train/evocargo_raindrops__D3__86a19cd117344868.jpg,0.009275125339627266,0.08794262260198593
Raindrops/train/evocargo_raindrops__D4__6a8638aaf3ad8707.jpg,0.01312932837754488,0.09408439695835114
Raindrops/train/evocargo_raindrops__D4__931890a3e84c37cf.jpg,0.0900501161813736,0.2647637128829956
Raindrops/train/evocargo_raindrops__D3__991f4634aef30f96.jpg,0.05469655245542526,0.11703713238239288
Raindrops/train/evocargo_raindrops__D4__dd37de7e6d10f3ac.jpg,-0.022271759808063507,0.25923725962638855
Raindrops/train/cadc__2018_03_07_0006__4586a9031d8024a8.jpg,0.06355693191289902,0.08592209219932556
Raindrops/train/evocargo_raindrops__D4__a1f9da1a5fd65f0e.jpg,0.034121520817279816,0.10093523561954498
Raindrops/train/evocargo_raindrops__D4__58773ebade26184f.jpg,0.08394475281238556,0.15540511906147003
Raindrops/train/evocargo_raindrops__D3__6fa64d8f1a8cd995.jpg,0.004290803801268339,0.07590064406394958
Raindrops/train/evocargo_raindrops__D3__3479dbea05fbecdb.jpg,0.03138161078095436,0.16654691100120544
Raindrops/train/evocargo_raindrops__D4__fc2e7241cad40bf7.jpg,0.01013384759426117,0.06542494893074036
Raindrops/train/evocargo_raindrops__D4__9065f3dcc9cff1d0.jpg,0.0717218667268753,0.22036892175674438
Raindrops/train/evocargo_raindrops__D4__5cb8f98810609a8a.jpg,0.10740000754594803,0.3734372854232788
Raindrops/train/evocargo_raindrops__D3__4796d58ea465b717.jpg,0.025022178888320923,0.09289291501045227
Raindrops/train/evocargo_raindrops__D3__f0f8825b562c4c6b.jpg,-0.006289347540587187,0.066998690366745
Raindrops/train/evocargo_raindrops__D3__7e7eeab850b92980.jpg,0.023967038840055466,0.09126608073711395
Raindrops/train/evocargo_raindrops__D3__e926fd0a50fae034.jpg,0.012049490585923195,0.09328752756118774
Raindrops/train/evocargo_raindrops__D3__e680b0cda62d24f3.jpg,0.03540756180882454,0.0833425521850586
Raindrops/train/cadc__2018_03_07_0006__e544ec3134300d26.jpg,0.03389059752225876,0.07767624408006668
Raindrops/train/evocargo_raindrops__D3__db5ae4caf6643523.jpg,0.07501336187124252,0.163417249917984
Raindrops/train/evocargo_raindrops__D4__664e0f177e577b4e.jpg,0.11476818472146988,0.3360636830329895
Raindrops/train/evocargo_raindrops__D4__7f2db099b2b68a12.jpg,0.06616759300231934,0.23574984073638916
Raindrops/train/evocargo_raindrops__D3__5d6f4431ca1fb1cb.jpg,0.004844930954277515,0.059424519538879395
Raindrops/train/evocargo_raindrops__D3__95e81e72f2740687.jpg,0.008717663586139679,0.13043367862701416
Raindrops/train/evocargo_raindrops__D3__96ed1a853ea2d8d9.jpg,0.02051055245101452,0.062182918190956116
Raindrops/train/cadc__2018_03_07_0006__bb9e98ffd9044024.jpg,0.0619824193418026,0.1530352532863617
Raindrops/train/evocargo_raindrops__D3__bd41ceae0cedd214.jpg,0.011595720425248146,0.0670056864619255
Raindrops/train/evocargo_raindrops__D3__470f798772070de8.jpg,-0.003328814636915922,0.14273056387901306
Raindrops/train/evocargo_raindrops__D3__232ea5d387ea3727.jpg,0.0054521095007658005,0.07608932256698608
Raindrops/train/evocargo_raindrops__D3__a6c61e41c4052a8d.jpg,0.01978144235908985,0.10619430243968964
Raindrops/train/evocargo_raindrops__D4__4ea96a9befde05e4.jpg,0.040972791612148285,0.11090508103370667
Raindrops/train/evocargo_raindrops__D4__0535ab7196d27d54.jpg,0.020581871271133423,0.11516598612070084
Raindrops/train/evocargo_raindrops__D4__10b29a40be16b0c7.jpg,0.1364102065563202,0.2552086412906647
Raindrops/train/evocargo_raindrops__D4__25e324741b2fa9ec.jpg,0.028006307780742645,0.10364233702421188
Raindrops/train/evocargo_raindrops__D4__5f901ce19928b796.jpg,0.03329844027757645,0.11791731417179108
Raindrops/train/evocargo_raindrops__D3__16eabee7b5d906ca.jpg,-0.009285511448979378,0.05325217545032501
Raindrops/train/evocargo_raindrops__D3__ed7cda3af3497b92.jpg,-0.005494825541973114,0.06714700907468796
Raindrops/train/evocargo_raindrops__D4__1da5b2d5934c0b4b.jpg,0.01887368969619274,0.09883150458335876
Raindrops/train/evocargo_raindrops__D3__b72cc90de34f00b4.jpg,0.029105015099048615,0.090033620595932
Raindrops/train/evocargo_raindrops__D3__de4a39713a520539.jpg,0.01239076815545559,0.07524329423904419
Raindrops/train/evocargo_raindrops__D3__2f98d6f956d75e9d.jpg,0.04108748584985733,0.07004986703395844
Raindrops/train/evocargo_raindrops__D3__73b7fd91c34b16fd.jpg,-0.007573626935482025,0.05000373721122742
Raindrops/train/evocargo_raindrops__D3__bea320bb07636de2.jpg,0.006693640723824501,0.04368031024932861
Raindrops/train/evocargo_raindrops__D4__a12a70b3744a0913.jpg,0.04578306898474693,0.12216855585575104
Raindrops/train/evocargo_raindrops__D4__726e5a033b91faf1.jpg,0.12104333192110062,0.4001080393791199
Raindrops/train/evocargo_raindrops__D3__4759a0b6bc339da0.jpg,0.02670980617403984,0.12410647422075272
Raindrops/train/evocargo_raindrops__D3__8b8c2f3448e46b1e.jpg,0.011937075294554234,0.07629404962062836
Raindrops/train/evocargo_raindrops__D3__e09abedc46ae6682.jpg,0.0011099090334028006,0.06997662037611008
Raindrops/train/evocargo_raindrops__D4__1a36e76b908de4e7.jpg,0.10360606759786606,0.3644394874572754
Raindrops/train/evocargo_raindrops__D3__2b3057bea2d4a4ed.jpg,0.026753395795822144,0.08045691251754761
Raindrops/train/evocargo_raindrops__D3__4ee195bdc93f7617.jpg,0.026413429528474808,0.08857560157775879
Raindrops/train/evocargo_raindrops__D4__1c0cc4592b6f0f33.jpg,0.024767257273197174,0.07921452820301056
Raindrops/train/evocargo_raindrops__D3__c48ad09462d4071e.jpg,0.03951027989387512,0.1477702260017395
Raindrops/train/evocargo_raindrops__D3__15a28000d81d446b.jpg,0.0008355593308806419,0.09186305105686188
Raindrops/train/evocargo_raindrops__D4__480d39708512ae5d.jpg,0.0880247950553894,0.19079354405403137
Raindrops/train/evocargo_raindrops__D3__899f6135b7607552.jpg,0.02692469209432602,0.06275394558906555
Raindrops/train/evocargo_raindrops__D4__9d1bde0d3571dd63.jpg,0.046973638236522675,0.0767982229590416
Raindrops/train/evocargo_raindrops__D4__809029a66368c28c.jpg,0.037439554929733276,0.2449859380722046
Raindrops/train/evocargo_raindrops__D4__86bf5da1cf4dcc93.jpg,0.042671509087085724,0.10812018811702728
Raindrops/train/evocargo_raindrops__D3__6a4dfecb640c3c09.jpg,0.03044656664133072,0.0870945006608963
Raindrops/train/evocargo_raindrops__D4__123588160e39a78f.jpg,0.07274338603019714,0.24131250381469727
Raindrops/train/evocargo_raindrops__D3__a4cc322f3d386fcd.jpg,0.026297815144062042,0.10121944546699524
Raindrops/train/evocargo_raindrops__D3__c23a3deaa5417191.jpg,0.09547607600688934,0.25319570302963257
Raindrops/train/cadc__2018_03_07_0006__102c7b5fc4c43e27.jpg,0.06570705771446228,0.11418621987104416
Raindrops/train/evocargo_raindrops__D3__9d04ceddb944c444.jpg,0.037536218762397766,0.09441371262073517
Raindrops/train/evocargo_raindrops__D4__2c4efbb311aa1ea1.jpg,0.01675385795533657,0.14666953682899475
Raindrops/train/evocargo_raindrops__D3__f8785b1d30e1bc14.jpg,0.01917385496199131,0.05096002668142319
Raindrops/train/evocargo_raindrops__D3__ac1db6b37a9747db.jpg,0.004077437333762646,0.061234183609485626
Raindrops/train/evocargo_raindrops__D3__8f1dd83a80867301.jpg,0.018666274845600128,0.07539940625429153
Raindrops/train/evocargo_raindrops__D4__0f6a1a47d3cb33a3.jpg,0.08680974692106247,0.2621525526046753
Raindrops/train/evocargo_raindrops__D4__756d5f6ba7dd1b76.jpg,0.08660329133272171,0.31532901525497437
Raindrops/train/evocargo_raindrops__D3__82d41a297a92cd44.jpg,0.017549429088830948,0.0726560652256012
Raindrops/train/evocargo_raindrops__D3__fb570dcab2f25031.jpg,-0.011515856720507145,0.03485278785228729
Raindrops/train/evocargo_raindrops__D3__40f752a0b1ab2312.jpg,0.03163077309727669,0.1547740399837494
Raindrops/train/evocargo_raindrops__D3__1bb3b01903f03978.jpg,1.6044286894612014e-05,0.03613200783729553
Raindrops/train/evocargo_raindrops__D3__dc06995aece014bb.jpg,0.006603076122701168,0.08755548298358917
Raindrops/train/evocargo_raindrops__D4__f0f29777442e86f2.jpg,0.019186416640877724,0.09841857850551605
Raindrops/train/evocargo_raindrops__D3__521fdc3c1ba9ec94.jpg,0.027562826871871948,0.0772523432970047
Raindrops/train/evocargo_raindrops__D3__5ae307d42f16b509.jpg,0.026193222030997276,0.0859542265534401
Raindrops/train/evocargo_raindrops__D3__f2077b1c4d3170bf.jpg,0.029821734875440598,0.1647077053785324
Raindrops/train/evocargo_raindrops__D3__19a669bbe96fd143.jpg,0.013558996841311455,0.0915636196732521
Raindrops/train/evocargo_raindrops__D3__81def992d9437591.jpg,0.005168176256120205,0.10104478895664215
Raindrops/train/evocargo_raindrops__D3__aa44b589ef6ce9c5.jpg,0.01697434112429619,0.0655437558889389
Raindrops/train/evocargo_raindrops__D4__63acac14d49986d4.jpg,0.07324162125587463,0.22519424557685852
Raindrops/train/evocargo_raindrops__D4__1d172b27cd55b432.jpg,0.020707514137029648,0.07263919711112976
Raindrops/train/evocargo_raindrops__D3__2f030854e682efea.jpg,-0.009071272797882557,0.037907760590314865
Raindrops/train/evocargo_raindrops__D3__9aa43d5905a4fdfe.jpg,0.030107509344816208,0.11966496706008911
Raindrops/train/evocargo_raindrops__D3__280f5a33cef72cd9.jpg,0.027143970131874084,0.08243051171302795
Raindrops/train/evocargo_raindrops__D4__74eb92a64fb7feaa.jpg,0.048725273460149765,0.10378105938434601
Raindrops/train/evocargo_raindrops__D4__e9360e7e846de973.jpg,0.011873048730194569,0.060900621116161346
Raindrops/train/evocargo_raindrops__D3__17b6677a692cf503.jpg,0.009275022894144058,0.06751049309968948
Raindrops/train/evocargo_raindrops__D3__129873f21f92f1e5.jpg,0.03131123259663582,0.08562242239713669
Raindrops/train/evocargo_raindrops__D4__a8bfa818de627acb.jpg,0.009015781804919243,0.03712617605924606
Raindrops/train/evocargo_raindrops__D3__7faf98df985a44b3.jpg,-0.0019306454341858625,0.06968346983194351
Raindrops/train/evocargo_raindrops__D3__3e5526d05e599f7f.jpg,0.02455907315015793,0.15633806586265564
Raindrops/train/evocargo_raindrops__D3__28ba7134f50ae066.jpg,0.006368094589561224,0.055224478244781494
Raindrops/train/evocargo_raindrops__D3__068075d28faafdba.jpg,0.014993739314377308,0.06307242810726166
Raindrops/train/evocargo_raindrops__D3__f33c0e257f2242fa.jpg,0.0043646711856126785,0.06869060546159744
Raindrops/train/evocargo_raindrops__D3__5fe3d3b2115d52aa.jpg,0.007571203168481588,0.08763056248426437
Raindrops/train/evocargo_raindrops__D4__ddb51fd632f8f90d.jpg,0.0447930172085762,0.07733781635761261
Raindrops/train/evocargo_raindrops__D3__e4bf710d9a113eb5.jpg,0.008107850328087807,0.08349892497062683
Raindrops/train/evocargo_raindrops__D4__c2da68aa283129f9.jpg,0.09965898096561432,0.37553587555885315
Raindrops/train/evocargo_raindrops__D3__91bdbb553721d1ab.jpg,-0.004714548122137785,0.03509894758462906
Raindrops/train/evocargo_raindrops__D3__74b3a51b0c7f701b.jpg,0.015867972746491432,0.08859241008758545
Raindrops/train/evocargo_raindrops__D4__654c4e47f552629d.jpg,0.1452888548374176,0.27277612686157227
Raindrops/train/cadc__2018_03_07_0001__927017001c407be4.jpg,0.08980973064899445,0.35026997327804565
Raindrops/train/evocargo_raindrops__D4__c82fd69d653c07fb.jpg,0.020590797066688538,0.07459704577922821
Raindrops/train/evocargo_raindrops__D3__a468a22ef7588806.jpg,0.02574864774942398,0.0778760015964508
Raindrops/train/evocargo_raindrops__D4__629f14639b1850d1.jpg,0.01671663299202919,0.07698700577020645
Raindrops/train/evocargo_raindrops__D4__5a6117e24facfc5a.jpg,0.04775622487068176,0.21523520350456238
Raindrops/train/evocargo_raindrops__D3__a33b6215227d8eac.jpg,0.023507345467805862,0.07020597904920578
Raindrops/train/evocargo_raindrops__D3__e6473ec9594a4af6.jpg,0.010664219036698341,0.057383615523576736
Raindrops/train/evocargo_raindrops__D3__5a71eb8f56dea6a4.jpg,0.005590507760643959,0.03220071271061897
Raindrops/train/cadc__2018_03_07_0006__7801f196ebb61793.jpg,0.07670801877975464,0.11076734960079193
Raindrops/train/evocargo_raindrops__D3__b34d17d669f3ea58.jpg,0.0033430750481784344,0.08428218215703964
Raindrops/train/evocargo_raindrops__D4__2664dff15192d462.jpg,0.05804762989282608,0.16516220569610596
Raindrops/train/evocargo_raindrops__D4__34c6fa266628b240.jpg,0.00867072306573391,0.08789636939764023
Raindrops/train/cadc__2018_03_07_0006__a49a5fdf257407c6.jpg,0.044551316648721695,0.06088085100054741
Raindrops/train/evocargo_raindrops__D4__012221c0f8defd95.jpg,0.04675260931253433,0.13095732033252716
Raindrops/train/evocargo_raindrops__D4__c2f7386f980e8c88.jpg,0.09799768775701523,0.3319116532802582
Raindrops/train/evocargo_raindrops__D3__d4c19e81f0a218ae.jpg,0.05206701159477234,0.13915345072746277
Raindrops/train/evocargo_raindrops__D3__1b9a2a48a497c2ad.jpg,0.0732087567448616,0.17673039436340332
Raindrops/train/evocargo_raindrops__D3__281a230010134b78.jpg,0.038486920297145844,0.13474029302597046
Raindrops/train/evocargo_raindrops__D4__d01abc21d47088d8.jpg,0.06881555169820786,0.10177996754646301
Raindrops/train/evocargo_raindrops__D4__75319e295f9a1dba.jpg,0.05116402357816696,0.13963834941387177
Raindrops/train/evocargo_raindrops__D3__ba3465a1ae646ced.jpg,0.006809546612203121,0.0528627410531044
Raindrops/train/cadc__2018_03_07_0001__419b22d3931a2ee5.jpg,0.15353794395923615,0.6572414636611938
Raindrops/train/evocargo_raindrops__D4__6f08358706aeb65b.jpg,0.08505668491125107,0.19147448241710663
Raindrops/train/evocargo_raindrops__D3__2b77c2c6e14c07d8.jpg,0.023017529398202896,0.07817856222391129
Raindrops/train/evocargo_raindrops__D3__7606b38597f76f6e.jpg,0.014116551727056503,0.07174243032932281
Raindrops/train/evocargo_raindrops__D4__6ea01202b1b81c23.jpg,0.021477969363331795,0.10896244645118713
Raindrops/train/evocargo_raindrops__D3__c37ce6fa294be472.jpg,0.03356846049427986,0.08111629635095596
Raindrops/train/evocargo_raindrops__D3__1453c8ae94b8de6e.jpg,0.042810823768377304,0.09533469378948212
Raindrops/train/evocargo_raindrops__D3__e91d208d6e6ea3b8.jpg,0.048968955874443054,0.16243019700050354
Raindrops/train/evocargo_raindrops__D3__50432d736e160d14.jpg,0.010692835785448551,0.09709683060646057
Raindrops/train/evocargo_raindrops__D3__3a7bfc28636bb478.jpg,0.0058904122561216354,0.07854430377483368
Raindrops/train/evocargo_raindrops__D3__0fcfe55622cab99f.jpg,0.033648084849119186,0.10393548011779785
Raindrops/train/evocargo_raindrops__D3__9876bd74155d50be.jpg,-0.004967875778675079,0.0808493047952652
Raindrops/train/evocargo_raindrops__D4__077383390351dd6d.jpg,0.004025384783744812,0.09363727271556854
Raindrops/train/evocargo_raindrops__D3__917c553bf837441f.jpg,-0.0016088354168459773,0.03451951965689659
Raindrops/train/evocargo_raindrops__D4__c2057f224bf28332.jpg,0.1425284594297409,0.28513848781585693
Raindrops/train/evocargo_raindrops__D4__2f9bb918c26a89d1.jpg,0.05664990469813347,0.1881110966205597
Raindrops/train/evocargo_raindrops__D4__a0474883f6a5ace1.jpg,0.10709501802921295,0.16352766752243042
Raindrops/train/evocargo_raindrops__D3__07630c89a3e5877a.jpg,0.011951638385653496,0.10764268040657043
Raindrops/train/evocargo_raindrops__D3__64eafafdf6af8933.jpg,0.023219645023345947,0.07483920454978943
Raindrops/train/evocargo_raindrops__D3__98f630a4bce3307c.jpg,-0.003864697180688381,0.14339107275009155
Raindrops/train/evocargo_raindrops__D4__8fd4f2e7dbdcf377.jpg,0.1221509575843811,0.4040544033050537
Raindrops/train/evocargo_raindrops__D3__f7932f19f0b4b1d0.jpg,0.05975324660539627,0.16734153032302856
Raindrops/train/evocargo_raindrops__D4__618e8391eec01349.jpg,0.11473706364631653,0.21412652730941772
Raindrops/train/evocargo_raindrops__D4__017db3bd38c74cac.jpg,0.09102196991443634,0.23128916323184967
Raindrops/train/evocargo_raindrops__D3__cd80f18a5cb28b16.jpg,0.018327713012695312,0.07733125984668732
Raindrops/train/evocargo_raindrops__D3__6da371ecb33e5edf.jpg,0.0007654847577214241,0.05327717959880829
Raindrops/train/evocargo_raindrops__D3__2f1a5c2a4ddfbc42.jpg,0.005940799601376057,0.0369853638112545
Raindrops/train/evocargo_raindrops__D3__27c926041da850dd.jpg,0.023241601884365082,0.07155512273311615
Raindrops/train/evocargo_raindrops__D4__c7ba201f104b2212.jpg,0.023882294073700905,0.15424682199954987
Raindrops/train/evocargo_raindrops__D3__71ffe45aef699b15.jpg,0.021306408569216728,0.11388061940670013
Raindrops/train/cadc__2018_03_07_0001__f65369c7f2d2ef97.jpg,0.08456754684448242,0.19905690848827362
Raindrops/train/evocargo_raindrops__D4__b889849398412be8.jpg,0.14191840589046478,0.42783084511756897
Raindrops/train/evocargo_raindrops__D4__18699e7f232ff493.jpg,0.14263851940631866,0.33177053928375244
Raindrops/train/evocargo_raindrops__D4__46dd71de11c1e25b.jpg,0.0035582392010837793,0.04695811867713928
Raindrops/train/evocargo_raindrops__D4__bbe8cb10311182f5.jpg,0.09994398057460785,0.2142847180366516
Raindrops/train/evocargo_raindrops__D3__e6f107cfe9050eda.jpg,-0.001962159527465701,0.02443086728453636
Raindrops/train/evocargo_raindrops__D4__4646d94a751eeac3.jpg,0.03591121733188629,0.1188196986913681
Raindrops/train/evocargo_raindrops__D4__775506258bf72854.jpg,0.0023289965465664864,0.14062917232513428
Raindrops/train/evocargo_raindrops__D3__1c959a351f356e22.jpg,0.008861284703016281,0.07396534085273743
Raindrops/train/evocargo_raindrops__D3__255938aff7ea53a4.jpg,0.05790896341204643,0.09741778671741486
Raindrops/train/evocargo_raindrops__D3__2f7a2d5a11378be3.jpg,0.018176324665546417,0.09196047484874725
Raindrops/train/evocargo_raindrops__D3__f699dfdb72f86251.jpg,0.007864449173212051,0.09861787408590317
Raindrops/train/evocargo_raindrops__D4__c395191fd169cf62.jpg,0.04768120497465134,0.12639440596103668
Raindrops/train/evocargo_raindrops__D3__9ed34f7390a87f41.jpg,0.0035458640195429325,0.05279630422592163
Raindrops/train/evocargo_raindrops__D3__0135937c202e8b5b.jpg,-0.002189587103202939,0.06268256902694702
Raindrops/train/evocargo_raindrops__D3__13d5ff2729d5e48a.jpg,0.012367237359285355,0.0784984678030014
Raindrops/train/evocargo_raindrops__D4__daef2b66408a3a5e.jpg,0.03571026027202606,0.16385425627231598
Raindrops/train/evocargo_raindrops__D3__d10a99095b4d770b.jpg,0.059205807745456696,0.13511642813682556
Raindrops/train/evocargo_raindrops__D3__d6e8b6c1f9bf4289.jpg,0.04384946450591087,0.09407755732536316
Raindrops/train/cadc__2018_03_07_0006__12c4e6413124d6f7.jpg,0.08230753242969513,0.13658097386360168
Raindrops/train/evocargo_raindrops__D3__43d7eebc237365ce.jpg,0.04929932579398155,0.09841004014015198
Raindrops/train/cadc__2018_03_07_0006__d3d303613e943db1.jpg,0.06773398816585541,0.12767943739891052
Raindrops/train/evocargo_raindrops__D3__0df934a8eb20c7c3.jpg,0.00534223485738039,0.04565376043319702
Raindrops/train/evocargo_raindrops__D4__9fa8f69f23d73670.jpg,0.05876084044575691,0.23515379428863525
Raindrops/train/evocargo_raindrops__D3__be3128714bdaa1f0.jpg,0.01848846673965454,0.07385270297527313
Raindrops/train/evocargo_raindrops__D3__23f0e46b1a918c6b.jpg,0.007527244742959738,0.08562631905078888
Raindrops/train/evocargo_raindrops__D3__90d499370c9c89e9.jpg,0.011449499987065792,0.07661467790603638
Raindrops/train/cadc__2018_03_07_0006__9812d5119910c830.jpg,0.05218230187892914,0.11038701236248016
Raindrops/train/evocargo_raindrops__D3__57845428e3d0159d.jpg,0.01892208680510521,0.07615168392658234
Raindrops/train/evocargo_raindrops__D4__311df7f40ba8a080.jpg,0.018232405185699463,0.16034290194511414
Raindrops/train/evocargo_raindrops__D3__c4a56406ad40331b.jpg,0.006645348854362965,0.048057954758405685
Raindrops/train/evocargo_raindrops__D4__a48d2d26e30e6be4.jpg,0.028523290529847145,0.07756613194942474
Raindrops/train/evocargo_raindrops__D3__7fdb26b8148f2f80.jpg,0.01170560996979475,0.068751260638237
Raindrops/train/evocargo_raindrops__D3__b93c9085bc747a33.jpg,0.011242011561989784,0.03879915922880173
Raindrops/train/evocargo_raindrops__D4__63f3b002553fe832.jpg,0.009063491597771645,0.07513906806707382
Raindrops/train/evocargo_raindrops__D4__c733e3792f5107aa.jpg,0.07495249807834625,0.2439066767692566
Raindrops/train/evocargo_raindrops__D3__d932b4fe8af31a2c.jpg,-0.009418487548828125,0.0561329610645771
Raindrops/train/evocargo_raindrops__D4__a1444acab2caf19d.jpg,0.03698507696390152,0.08340638130903244
Raindrops/train/evocargo_raindrops__D4__8c5aee409219ba32.jpg,0.06972752511501312,0.16796386241912842
Raindrops/train/evocargo_raindrops__D3__a254289023292017.jpg,0.040636587888002396,0.12836049497127533
Raindrops/train/evocargo_raindrops__D3__14e842a33b50b4dd.jpg,0.02114306576550007,0.06392988562583923
Raindrops/train/evocargo_raindrops__D3__eaf62088fd0fea5e.jpg,0.018815897405147552,0.0647161602973938
Raindrops/train/evocargo_raindrops__D3__47a1cf45673f0312.jpg,0.03969116881489754,0.10211746394634247
Raindrops/train/evocargo_raindrops__D4__d22bbd46fe1125c1.jpg,0.11596723645925522,0.22276094555854797
Raindrops/train/evocargo_raindrops__D4__36c599b9ec89787c.jpg,0.03378871828317642,0.09419243037700653
Raindrops/train/evocargo_raindrops__D3__0e5aed7e97a46634.jpg,0.01768481358885765,0.0800272524356842
Raindrops/train/evocargo_raindrops__D3__8b4c77ad9d71ef3d.jpg,0.014147020876407623,0.09350952506065369
Raindrops/train/evocargo_raindrops__D3__9c17d19a1ec7b1bc.jpg,0.004824720323085785,0.04228462651371956
Raindrops/train/evocargo_raindrops__D4__9a867905bd2f90dc.jpg,0.04199547320604324,0.10786443948745728
Raindrops/train/evocargo_raindrops__D3__434cc07975857319.jpg,0.008472975343465805,0.06173647940158844
Raindrops/train/evocargo_raindrops__D4__7bdce84056225122.jpg,0.10320097208023071,0.2981261610984802
Raindrops/train/evocargo_raindrops__D3__2539924952f9b3a8.jpg,0.034336306154727936,0.21302267909049988
Raindrops/train/evocargo_raindrops__D3__c21e23fa85f5f29d.jpg,0.022349273785948753,0.07613136619329453
Raindrops/train/evocargo_raindrops__D4__83013745582da701.jpg,0.12030304968357086,0.20198750495910645
Raindrops/train/evocargo_raindrops__D3__470a6c2ef5491060.jpg,0.010277193039655685,0.07948841899633408
Raindrops/train/evocargo_raindrops__D4__8c79c0966bd719a8.jpg,0.10974888503551483,0.27781468629837036
Raindrops/train/evocargo_raindrops__D4__671b593ac8d94e1a.jpg,0.0005167878116481006,0.039254095405340195
Raindrops/train/evocargo_raindrops__D3__b3809e27ab9c2386.jpg,0.023354845121502876,0.07776324450969696
Raindrops/train/evocargo_raindrops__D3__d552157de5a2dcf4.jpg,0.0029356833547353745,0.06360574066638947
Raindrops/train/evocargo_raindrops__D3__65e6764236eb0b7d.jpg,0.020474806427955627,0.0933605432510376
Raindrops/train/evocargo_raindrops__D4__bf33d811c6d05291.jpg,0.0378260612487793,0.15107479691505432
Raindrops/train/evocargo_raindrops__D3__1731261f2e6b9f1b.jpg,0.018379824236035347,0.06972786039113998
Raindrops/train/evocargo_raindrops__D3__3d1e75cb02dd17bd.jpg,0.005281368736177683,0.059396374970674515
Raindrops/train/evocargo_raindrops__D4__841e04a567ba6dd6.jpg,0.059219177812337875,0.13660204410552979
Raindrops/train/evocargo_raindrops__D4__cc3f4a32b7e449d0.jpg,0.026041779667139053,0.07690022885799408
Raindrops/train/evocargo_raindrops__D3__503febf59d466bd2.jpg,0.06407821178436279,0.13055728375911713
Raindrops/train/evocargo_raindrops__D4__51b6fbb97bb09667.jpg,0.09544667601585388,0.31730878353118896
Raindrops/train/evocargo_raindrops__D4__0a521bc42b592a95.jpg,0.0027541022282093763,0.03410791605710983
Raindrops/train/evocargo_raindrops__D3__e1d2487d9f97d5b0.jpg,0.014782717451453209,0.07445289194583893
Raindrops/train/evocargo_raindrops__D4__a1f57ec9be9dfb3c.jpg,0.11050330102443695,0.2645205557346344
Raindrops/train/evocargo_raindrops__D3__71f5a7e0b6d20e8d.jpg,0.01747211255133152,0.0754770040512085
Raindrops/train/evocargo_raindrops__D3__468c9015c4b29c61.jpg,-0.0025916381273418665,0.07582330703735352
Raindrops/train/evocargo_raindrops__D4__8c783c2d539139f2.jpg,0.05124524235725403,0.1729220449924469
Raindrops/train/evocargo_raindrops__D3__fa5d2ab1d6d4b8e3.jpg,0.024172600358724594,0.07631414383649826
Raindrops/train/evocargo_raindrops__D4__649dbd9299f88037.jpg,0.04676036164164543,0.13410980999469757
Raindrops/train/evocargo_raindrops__D3__88ef3dcbee211bd6.jpg,0.007732176221907139,0.09340625256299973
Raindrops/train/evocargo_raindrops__D3__b391e8f4d026aecc.jpg,0.016888868063688278,0.07027498632669449
Raindrops/train/evocargo_raindrops__D3__350734e7cf41d08d.jpg,0.010879619047045708,0.06425902247428894
Raindrops/train/evocargo_raindrops__D4__12500ddd537788c0.jpg,0.037800129503011703,0.09273147583007812
Raindrops/train/evocargo_raindrops__D3__40698f72e8adb8dd.jpg,0.00694381445646286,0.06694090366363525
Raindrops/train/cadc__2018_03_07_0001__568c9bff13cc77e5.jpg,0.18588513135910034,0.46787434816360474
Raindrops/train/evocargo_raindrops__D3__ebd1d91ad5d627c7.jpg,0.0897647812962532,0.20081758499145508
Raindrops/train/evocargo_raindrops__D4__794981cf87d1b761.jpg,0.019827065989375114,0.06341731548309326
Raindrops/train/evocargo_raindrops__D4__c1ff513c0d442cab.jpg,0.036616433411836624,0.06552904844284058
Raindrops/train/evocargo_raindrops__D3__5a06be8c3f607fb6.jpg,0.0677236020565033,0.18559923768043518
Raindrops/train/evocargo_raindrops__D3__8fb24128464a124d.jpg,0.07437767088413239,0.1880834996700287
Raindrops/train/cadc__2018_03_07_0001__f834a1ba3412488b.jpg,0.17283251881599426,0.5322667360305786
Raindrops/train/evocargo_raindrops__D4__64e47f0e0cbc759d.jpg,0.06040922552347183,0.17865832149982452
Raindrops/train/evocargo_raindrops__D3__5f61631314824452.jpg,0.04330975562334061,0.1241711676120758
Raindrops/train/evocargo_raindrops__D3__4cc0350fee53da4f.jpg,0.02536071091890335,0.07180005311965942
Raindrops/train/cadc__2018_03_07_0006__ce16055e53570992.jpg,0.08098268508911133,0.14708398282527924
Raindrops/train/evocargo_raindrops__D4__a830f58732343968.jpg,0.00852678157389164,0.07784037292003632
Raindrops/train/evocargo_raindrops__D4__7087b142aae2537d.jpg,0.03903542086482048,0.15695147216320038
Raindrops/train/evocargo_raindrops__D4__0098d52f09c706a2.jpg,0.06780681759119034,0.16582706570625305
Raindrops/train/evocargo_raindrops__D3__b12df89939c2cc06.jpg,0.03530839458107948,0.10354188084602356
Raindrops/train/evocargo_raindrops__D4__230957411bb9c247.jpg,0.03690575808286667,0.10407580435276031
Raindrops/train/evocargo_raindrops__D3__3d3d8cbfbb0fdb24.jpg,0.014250855892896652,0.07061190158128738
Raindrops/train/evocargo_raindrops__D3__4160878f25d60efd.jpg,0.004500365816056728,0.04275437444448471
Raindrops/train/evocargo_raindrops__D3__00defb52b288035a.jpg,0.04712799936532974,0.12186485528945923
Raindrops/train/evocargo_raindrops__D3__8c4c66b0638dcdc3.jpg,0.028962023556232452,0.10389392077922821
Raindrops/train/evocargo_raindrops__D4__83e167730789855e.jpg,0.03706907480955124,0.1034531444311142
Raindrops/train/evocargo_raindrops__D3__af6a54e0a5299a36.jpg,0.01674409955739975,0.08868778496980667
Raindrops/train/evocargo_raindrops__D4__b8e624d9c3fd588f.jpg,0.07970172166824341,0.16402339935302734
Raindrops/train/evocargo_raindrops__D4__18cbfa954b4ba1a2.jpg,0.04085273668169975,0.12388834357261658
Raindrops/train/evocargo_raindrops__D4__eb7b304195f6604b.jpg,0.04488478600978851,0.13007059693336487
Raindrops/train/evocargo_raindrops__D3__3b9c016f06053de1.jpg,0.03416958451271057,0.11198437958955765
Raindrops/train/evocargo_raindrops__D3__4734e41d97c5c6be.jpg,0.018233025446534157,0.0481548048555851
Raindrops/train/evocargo_raindrops__D3__79dc72674be85535.jpg,-0.008779858238995075,0.04449974000453949
Raindrops/train/evocargo_raindrops__D3__39a0c251214d82d7.jpg,0.023192690685391426,0.10093110799789429
Raindrops/train/evocargo_raindrops__D4__11737b8a689dd449.jpg,0.01812661811709404,0.074063740670681
Raindrops/train/evocargo_raindrops__D3__092055c83295d7cd.jpg,0.023683473467826843,0.09581608325242996
Raindrops/train/evocargo_raindrops__D4__eedae78b716df131.jpg,0.08062547445297241,0.26138001680374146
Raindrops/train/evocargo_raindrops__D3__a3fcaad00507cc34.jpg,0.002993463072925806,0.0663074180483818
Raindrops/train/cadc__2018_03_07_0006__c63cfa3d3941813f.jpg,0.08298209309577942,0.14799854159355164
Raindrops/train/evocargo_raindrops__D3__b51342de764066b0.jpg,0.00837016198784113,0.06865902245044708
Raindrops/train/evocargo_raindrops__D4__133c221ab1007b07.jpg,0.014849536120891571,0.04447431117296219
Raindrops/train/evocargo_raindrops__D3__9efd9d7d84c5c8e1.jpg,0.00882629118859768,0.07629970461130142
Raindrops/train/evocargo_raindrops__D4__f779a54ddf5781ea.jpg,0.09073281288146973,0.21388870477676392
Raindrops/train/evocargo_raindrops__D4__0faa0d1170e69456.jpg,0.054938122630119324,0.10949307680130005
Raindrops/train/evocargo_raindrops__D3__7c72431715cc3ee9.jpg,0.004696427844464779,0.05034167319536209
Raindrops/train/evocargo_raindrops__D4__68169031b73a0ac5.jpg,0.13161982595920563,0.3655818700790405
Raindrops/train/evocargo_raindrops__D3__1e3deabd38f3ba3a.jpg,0.03271207958459854,0.09898437559604645
Raindrops/train/evocargo_raindrops__D3__5365fa3a821c5a33.jpg,0.008099072612822056,0.12468954920768738
Raindrops/train/evocargo_raindrops__D3__c0b11c886e449ec1.jpg,-0.008032666519284248,0.04461454227566719
Raindrops/train/evocargo_raindrops__D3__bef2cda199543367.jpg,0.014877131208777428,0.07490203529596329
Raindrops/train/evocargo_raindrops__D4__fbc02f5dd90e2520.jpg,0.003374444553628564,0.0917544811964035
Raindrops/train/evocargo_raindrops__D4__bd843ad34046fb7d.jpg,0.14974114298820496,0.4080088138580322
Raindrops/train/evocargo_raindrops__D4__0a06ddbb6b330c69.jpg,0.07107798755168915,0.19858980178833008
Raindrops/train/evocargo_raindrops__D4__87362775df39a352.jpg,0.015387484803795815,0.06636150926351547
Raindrops/train/evocargo_raindrops__D3__373aa603ac99f975.jpg,0.0056391069665551186,0.0828772783279419
Raindrops/train/evocargo_raindrops__D4__02c1fa99f5441eb2.jpg,0.011090733110904694,0.15240247547626495
Raindrops/train/evocargo_raindrops__D3__8d42dbee504af7cd.jpg,0.006362320855259895,0.03340376541018486
Raindrops/train/evocargo_raindrops__D3__2d148ef7f7dc72c0.jpg,-0.003873125184327364,0.12700603902339935
Raindrops/train/evocargo_raindrops__D4__7b291e8f6e3f232b.jpg,-0.04135367274284363,0.17347705364227295
Raindrops/train/evocargo_raindrops__D3__9301d677611bd040.jpg,0.01556575670838356,0.07661023736000061
Raindrops/train/cadc__2018_03_07_0001__14f150bba64a5c9c.jpg,0.16320914030075073,0.6135554313659668
Raindrops/train/evocargo_raindrops__D4__449168aed588d5a5.jpg,0.06535638868808746,0.14915414154529572
Raindrops/train/evocargo_raindrops__D4__8ee0a1c1b14d73bb.jpg,0.014747504144906998,0.08259649574756622
Raindrops/train/evocargo_raindrops__D3__55638a9c1ae4721c.jpg,0.006237353198230267,0.09983571618795395
Raindrops/train/evocargo_raindrops__D4__e5f52d7b1dcf1999.jpg,0.0310048870742321,0.10379862785339355
Raindrops/train/evocargo_raindrops__D3__3bedc2d9749dfe26.jpg,-0.006420858204364777,0.12546968460083008
Raindrops/train/evocargo_raindrops__D3__3b0d7266071ea76d.jpg,0.01737574301660061,0.07146753370761871
Raindrops/train/evocargo_raindrops__D4__3ff3eba034b24575.jpg,0.0024294760078191757,0.048947498202323914
Raindrops/train/evocargo_raindrops__D4__f8f18951c79c9dc6.jpg,0.018831515684723854,0.115747831761837
Raindrops/train/evocargo_raindrops__D3__9b9f9b592189f88a.jpg,0.05483078211545944,0.1276121735572815
Raindrops/train/evocargo_raindrops__D3__03c0fab7ae4597ba.jpg,0.011582309380173683,0.09042061120271683
Raindrops/train/evocargo_raindrops__D4__cadf8db9e99f6df6.jpg,0.022153394296765327,0.09915585815906525
Raindrops/train/evocargo_raindrops__D4__39833e8b7dc37998.jpg,0.04168970137834549,0.10453055053949356
Raindrops/train/evocargo_raindrops__D3__000ea68f780d50a9.jpg,0.03626858443021774,0.19276487827301025
Raindrops/train/evocargo_raindrops__D3__813aae87d49960af.jpg,0.020081335678696632,0.07365230470895767
Raindrops/train/evocargo_raindrops__D4__88f8c2be576a7b37.jpg,0.04769732803106308,0.07796944677829742
Raindrops/train/evocargo_raindrops__D3__cc2106d4b8079822.jpg,-0.004010248463600874,0.035586029291152954
Raindrops/train/evocargo_raindrops__D3__8895c4981e377996.jpg,0.028817810118198395,0.11555192619562149
Raindrops/train/evocargo_raindrops__D4__0ba23e1273c3ee40.jpg,0.028231486678123474,0.14742432534694672
Raindrops/train/evocargo_raindrops__D4__f055477748a866a8.jpg,0.027893714606761932,0.10446903854608536
Raindrops/train/cadc__2018_03_07_0006__6fda1304343f1a33.jpg,0.07983105629682541,0.1679496169090271
Raindrops/train/evocargo_raindrops__D4__982aa57fa7702eeb.jpg,0.11722508817911148,0.33774393796920776
Raindrops/train/evocargo_raindrops__D3__e8308d4cbdfee433.jpg,0.002513420069590211,0.05668613314628601
Raindrops/train/evocargo_raindrops__D4__31634d84cb0f78b6.jpg,0.01285078376531601,0.11185632646083832
Raindrops/train/evocargo_raindrops__D4__e76650e5374b399c.jpg,0.023962844163179398,0.1269804835319519
Raindrops/train/evocargo_raindrops__D3__ff19a4dac47cdd98.jpg,-0.005422030575573444,0.03862859308719635
Raindrops/train/evocargo_raindrops__D4__2003c184c3e3d112.jpg,0.03169083222746849,0.1128787100315094
Raindrops/train/evocargo_raindrops__D3__1bfd7841dfeb0124.jpg,0.012233823537826538,0.08045599609613419
Raindrops/train/evocargo_raindrops__D3__193c276c2556e2cf.jpg,0.09318694472312927,0.22118279337882996
Raindrops/train/cadc__2018_03_07_0006__df5a113e944bf33e.jpg,0.1291392594575882,0.28117889165878296
Raindrops/train/evocargo_raindrops__D3__5b5e14ab2e7b9e31.jpg,0.01851721666753292,0.04249056428670883
Raindrops/train/evocargo_raindrops__D3__c46bea7b74bbee70.jpg,0.08421462029218674,0.2002403289079666
Raindrops/train/evocargo_raindrops__D3__0cffcc8dfb9a301d.jpg,0.03344329074025154,0.1013270765542984
Raindrops/train/evocargo_raindrops__D3__d30820c377faf4c4.jpg,-0.0006289206212386489,0.03924598917365074
Raindrops/train/evocargo_raindrops__D3__e2eabbec6c333a3e.jpg,0.04742802679538727,0.13452346622943878
Raindrops/train/evocargo_raindrops__D3__ed1a4ec8d00fa38b.jpg,-0.013963961973786354,0.04445202648639679
Raindrops/train/evocargo_raindrops__D3__7c4562a5e0d099c5.jpg,0.004664519336074591,0.062279000878334045
Raindrops/train/evocargo_raindrops__D3__61a69f7abc6ced50.jpg,0.012094906531274319,0.13218116760253906
Raindrops/train/evocargo_raindrops__D3__85909c48695ff6d4.jpg,0.0630737766623497,0.21812130510807037
Raindrops/train/evocargo_raindrops__D3__87a3f33924a377b2.jpg,0.005671531893312931,0.11662298440933228
Raindrops/train/evocargo_raindrops__D3__675f73c69b0159a0.jpg,0.01562136597931385,0.07972003519535065
Raindrops/train/evocargo_raindrops__D4__d6840b8995559165.jpg,0.037172868847846985,0.09267625212669373
Raindrops/train/evocargo_raindrops__D3__a4ee71a389789d91.jpg,0.048455607146024704,0.1218554675579071
Raindrops/train/evocargo_raindrops__D3__801f1151cfa8b58e.jpg,0.04365644231438637,0.09850119054317474
Raindrops/train/evocargo_raindrops__D4__0106ec6a7b9ff8ea.jpg,0.04239611327648163,0.07733707129955292
Raindrops/train/evocargo_raindrops__D4__5f402868b2f8a8ef.jpg,0.0794115960597992,0.1854209005832672
Raindrops/train/evocargo_raindrops__D3__42bda90ec910e963.jpg,0.05089540034532547,0.15362828969955444
Raindrops/train/evocargo_raindrops__D4__fa7b5106c0a768e4.jpg,0.08056502044200897,0.3603779673576355
Raindrops/train/evocargo_raindrops__D3__380fd40a0d5757d7.jpg,0.04143066704273224,0.10158222913742065
Raindrops/train/evocargo_raindrops__D3__aaeb84f0f1af4153.jpg,0.0145462267100811,0.06669215857982635
Raindrops/train/evocargo_raindrops__D4__06bd29b92ae5170c.jpg,0.04512694478034973,0.1702316552400589
Raindrops/train/evocargo_raindrops__D4__60a117ea8655662a.jpg,0.01752246543765068,0.26111161708831787
Raindrops/train/evocargo_raindrops__D4__a1bb20ddb1b6632d.jpg,0.06207549199461937,0.14618220925331116
Raindrops/train/cadc__2018_03_07_0006__21cbaf9f87b3a01a.jpg,0.08578640222549438,0.1461414247751236
Raindrops/train/evocargo_raindrops__D4__1bf522dd4a0d86ff.jpg,0.060010798275470734,0.2656378746032715
Raindrops/train/evocargo_raindrops__D4__e27eadff821e999a.jpg,0.035375405102968216,0.074761763215065
Raindrops/train/evocargo_raindrops__D4__49e35619bb039677.jpg,0.1192874014377594,0.19006413221359253
Raindrops/train/evocargo_raindrops__D4__e2fccf6a8c0438ee.jpg,0.018389586359262466,0.13258841633796692
Raindrops/train/evocargo_raindrops__D4__975d95bb9a35e3d1.jpg,0.01112545095384121,0.0721362829208374
Raindrops/train/evocargo_raindrops__D4__24734db420d4acd8.jpg,0.0888228565454483,0.23880505561828613
Raindrops/train/evocargo_raindrops__D3__70398aba308e5061.jpg,0.01145575474947691,0.07045065611600876
Raindrops/train/evocargo_raindrops__D4__76edec421d7ed281.jpg,0.027038631960749626,0.08260726183652878
Raindrops/train/evocargo_raindrops__D4__0cd21993fc6e4944.jpg,0.025400999933481216,0.08351685106754303
Raindrops/train/evocargo_raindrops__D3__fc09ec6a09b6a78b.jpg,0.013402593322098255,0.05379796773195267
Raindrops/train/evocargo_raindrops__D4__2a82a0c2581da09a.jpg,0.02565785124897957,0.10554608702659607
Raindrops/train/evocargo_raindrops__D4__b441be508304253d.jpg,0.0010764830512925982,0.05607650429010391
Raindrops/train/evocargo_raindrops__D4__49a370280950b9b8.jpg,0.014493396505713463,0.07678553462028503
Raindrops/train/evocargo_raindrops__D3__fac4f27009632049.jpg,0.05360165983438492,0.1137656643986702
Raindrops/train/evocargo_raindrops__D3__de91d0486cd19245.jpg,0.008290916681289673,0.11077610403299332
Raindrops/train/evocargo_raindrops__D3__dab4985688065d1e.jpg,0.00791845191270113,0.09416861832141876
Raindrops/train/evocargo_raindrops__D3__b7f75c510645ffb4.jpg,0.08171524107456207,0.1673564910888672
Raindrops/train/evocargo_raindrops__D3__4d053ca61433545f.jpg,-0.013484460301697254,0.06616844981908798
Raindrops/train/evocargo_raindrops__D4__5dd793189e2adb46.jpg,0.032126203179359436,0.08877383917570114
Raindrops/train/evocargo_raindrops__D3__78c36871aad09e05.jpg,-0.012545974925160408,0.0595867857336998
Raindrops/train/evocargo_raindrops__D4__e9eecc86fb1710dd.jpg,0.044246528297662735,0.10384949296712875
Raindrops/train/evocargo_raindrops__D4__ff523cf7376d4f10.jpg,0.026267744600772858,0.07136508822441101
Raindrops/train/evocargo_raindrops__D4__cda2f70740291688.jpg,0.08156248927116394,0.15963095426559448
Raindrops/train/evocargo_raindrops__D4__05c98a7c9488ec98.jpg,0.011387557722628117,0.10724940896034241
Raindrops/train/evocargo_raindrops__D3__67d412e73c2016c3.jpg,0.0017245536437258124,0.09294020384550095
Raindrops/train/evocargo_raindrops__D3__0ebd80ce44268dce.jpg,-0.004567333497107029,0.048868514597415924
Raindrops/train/evocargo_raindrops__D3__b72ea096149c7802.jpg,-0.0042617712169885635,0.0468301847577095
Raindrops/train/evocargo_raindrops__D3__84e9506f12d2e934.jpg,0.02012776955962181,0.0693298727273941
Raindrops/train/evocargo_raindrops__D4__e738e09ba134ecd9.jpg,0.02214048244059086,0.16781143844127655
Raindrops/train/evocargo_raindrops__D4__8b0964ba83f27c32.jpg,0.05410607159137726,0.13863442838191986
Raindrops/train/evocargo_raindrops__D3__22900fdd947bb2d4.jpg,0.019383110105991364,0.13462090492248535
Raindrops/train/evocargo_raindrops__D3__1f3810f46450665d.jpg,0.005602644290775061,0.03335413709282875
Raindrops/train/evocargo_raindrops__D4__23e031db50a3f328.jpg,0.07955644279718399,0.1768059879541397
Raindrops/train/evocargo_raindrops__D3__bd405fa00fc51389.jpg,0.004323514644056559,0.07791978865861893
Raindrops/train/evocargo_raindrops__D3__9035b250b85138e3.jpg,-0.0061830924823880196,0.038985371589660645
Raindrops/train/evocargo_raindrops__D3__dca36b6ee3ad6f66.jpg,0.018910028040409088,0.08102953433990479
Raindrops/train/evocargo_raindrops__D4__6d50f03f65e8bd16.jpg,0.010431002825498581,0.03470613807439804
Raindrops/train/cadc__2018_03_07_0001__7d24b5a5db03ff2f.jpg,0.0627450942993164,0.46558886766433716
Raindrops/train/evocargo_raindrops__D3__4fcb060c8f3892b0.jpg,0.02942492440342903,0.154544398188591
Raindrops/train/evocargo_raindrops__D3__006a362d294f67e1.jpg,0.018531277775764465,0.0786111056804657
Raindrops/train/evocargo_raindrops__D4__a636134c4089c05f.jpg,0.10612285882234573,0.19280242919921875
Raindrops/train/evocargo_raindrops__D3__d91943ecf6b881c2.jpg,0.011914655566215515,0.07440806925296783
Raindrops/train/evocargo_raindrops__D4__37cadd3bb8d8f285.jpg,0.08480660617351532,0.24241000413894653
Raindrops/train/evocargo_raindrops__D4__e6cc83ec51b0c70e.jpg,0.04254600778222084,0.11419878900051117
Raindrops/train/evocargo_raindrops__D3__2fc95702a4b84b8a.jpg,0.019734293222427368,0.07983404397964478
Raindrops/train/evocargo_raindrops__D3__f999b15fba27b39f.jpg,0.005460158921778202,0.10579390823841095
Raindrops/train/evocargo_raindrops__D3__9644dd4a2a4f7e6f.jpg,0.006757295690476894,0.07577568292617798
Raindrops/train/evocargo_raindrops__D3__f2b40aa5d2ee0028.jpg,-0.007439556997269392,0.14847597479820251
Raindrops/train/evocargo_raindrops__D4__4b70dd2b84c945a4.jpg,0.11621035635471344,0.2937597334384918
Raindrops/train/evocargo_raindrops__D3__60e80695258a329b.jpg,0.01399033609777689,0.06664817780256271
Raindrops/train/evocargo_raindrops__D3__d9112a2a581e06d4.jpg,0.01126325223594904,0.06990660727024078
Raindrops/train/cadc__2018_03_07_0006__30cfe20574621511.jpg,0.08848226070404053,0.13404333591461182
Raindrops/train/evocargo_raindrops__D3__4df09e90ab3fadfc.jpg,0.08615420758724213,0.2004614919424057
